split,v0,theta_deg,drag,range
0,4.58275137290179728e+01,5.82255406132559585e+01,5.57068127118232406e-02,2.39742084572112049e+01
0,7.65324587428154643e+01,4.72113948993388135e+01,6.52060716832861178e-03,1.74071160093747665e+02
2,2.00911728903743594e+01,6.19821085934295226e+01,7.02521084937611368e-02,1.11869523528077668e+01
0,7.64054612996070688e+01,7.28320241574991059e+01,3.14666843882506625e-02,2.91673652753724895e+01
0,3.18282016407339832e+01,4.20474481899919681e+01,4.61895844780342013e-02,2.70221783428468321e+01
0,3.96328514280803006e+01,1.22945973934699726e+01,1.07404292538797828e-02,4.54108334255652863e+01
2,6.79391815674309214e+01,6.36829264628966172e+01,5.30964415846276946e-02,2.56577779482581754e+01
0,3.86439395458412918e+01,4.21310380731449499e+01,5.55455927921003623e-02,2.70402035073238203e+01
0,4.84715581371141653e+01,6.47799910964445758e+01,3.63204131963692431e-02,2.90352708747098838e+01
0,1.19291379270147857e+01,6.97491981050213496e+01,4.20573632064873068e-02,6.30239804937717540e+00
0,6.27459176072364642e+01,1.53806330267864269e+01,4.75021191172346341e-02,3.66188604716500308e+01
0,4.76700319253494769e+01,3.78701670777182500e+01,5.44371947854480204e-02,3.15515932467613567e+01
2,3.30812201549364531e+01,6.18400742308133644e+01,3.63893452429506145e-02,2.48490913686609289e+01
2,6.51900092399882993e+01,4.16185630365952903e+01,1.31227546540677240e-02,1.02752467498692539e+02
1,3.12236380504151505e+01,4.15952766753355831e+01,5.64006364844624464e-02,2.34174928963461504e+01
0,4.17448522636456048e+01,4.34983330116683788e+01,5.26694012378331050e-02,2.91180393201946508e+01
0,1.93829188073015324e+01,7.91910592115586667e+01,3.80108913034109472e-02,6.85253835130129740e+00
0,3.82179090512990456e+01,2.67964463292354793e+01,1.27257299061137984e-02,6.18541953935928532e+01
1,2.42418668473304741e+01,2.14227298409417841e+01,9.76297515438001411e-03,3.18861894689482277e+01
1,2.83619338309294662e+01,6.37135909345067830e+01,4.26478123203643394e-02,1.91018282989620829e+01
0,6.25255270841036790e+01,6.87601969890731368e+01,1.58176307024757261e-02,5.37664743228631465e+01
0,2.96286130590227934e+01,1.31941499126582471e+01,2.72331876599994681e-03,3.65183827921091577e+01
0,4.39633682102144547e+01,5.29319052707658741e+01,2.49185182435940275e-02,4.60264461461233907e+01
0,7.86516039860866982e+01,7.00109718846571667e+01,3.38275988765589092e-02,3.16331816932452625e+01
0,7.73160035564650769e+01,6.02717218886971153e+01,6.42624754102371493e-02,2.49312645921375093e+01
0,6.07352958541473527e+01,2.03139219929085257e+01,3.53048913251422652e-02,4.74810509245140011e+01
2,4.78858798883203960e+01,2.17571216216081353e+01,1.90485627783972232e-02,5.94575208364683476e+01
2,2.93823842831759592e+01,4.12083023947359521e+01,1.87755790340124046e-02,4.18354627751071177e+01
1,2.12456406142588818e+01,3.61350807432813355e+01,2.03560694227021693e-02,2.71961464962717727e+01
1,7.78947789251292733e+01,2.17762665457413824e+01,6.27154780325572536e-02,3.53807306996652073e+01
1,4.61248009883515095e+01,4.63197223077615945e+01,7.43850822767234549e-02,2.29371917861263128e+01
0,1.81105928729539229e+01,2.32856379983561688e+01,4.69451923168417093e-02,1.39487445283102041e+01
0,5.36442828876250317e+01,1.53721012840283251e+01,4.03274089412053657e-02,3.69228286162820964e+01
2,6.43678180039608492e+01,4.43159959979269331e+01,1.79646872380973474e-02,8.08467499670706502e+01
1,5.29102310737128292e+01,7.57641680869943741e+01,6.63889754507157731e-02,1.15936471641993695e+01
0,7.42108393353631897e+01,2.07097284296445387e+01,4.59094379610690134e-02,4.40154223183216686e+01
0,1.27715013664941992e+01,2.39144252048465020e+01,8.10480172073364466e-03,1.12981856367174860e+01
0,4.70012484282015137e+01,4.57585647135400322e+01,4.70661956762004549e-02,3.31514445902488433e+01
2,4.21535118019782615e+01,7.63676210262572965e+01,3.26884755285121315e-02,1.73689280002348525e+01
0,1.43644705404912916e+01,4.16075276396969542e+01,3.70944633500001758e-02,1.33365918166701469e+01
0,5.48929718397562496e+01,2.47560770570852640e+01,2.79324036790506193e-02,5.42967143624300377e+01
0,6.96842986936459710e+01,5.02415493442069732e+01,1.46682786086670802e-02,9.22634507746520569e+01
0,5.15058712672998809e+01,3.25940386333067664e+01,5.64273953862552274e-02,3.23916992476277557e+01
2,2.82068213416056253e+01,1.80378354974921500e+01,7.88901959597641395e-02,1.54233274032420304e+01
0,6.87917064721986122e+01,5.40180337425749499e+01,2.54777989177932271e-03,2.41014427656835579e+02
0,4.56647117065056563e+01,4.04116745501384500e+01,4.91084871451990812e-02,3.28867865058666524e+01
0,4.57622219126573100e+01,7.69085683256936363e+01,3.61965621640987847e-02,1.62798494210132425e+01
0,6.27121145391524522e+01,3.68878731936865236e+01,4.97802122994299781e-02,3.88856233374693616e+01
0,2.03545425049469593e+01,2.06918007243926851e+01,5.50531248933227996e-02,1.42314280154479125e+01
1,6.73738703383493913e+01,3.26465033924865224e+01,6.50835608703941308e-04,3.52409039071448433e+02
0,5.78300834202280001e+01,4.35093777976789369e+01,6.76775351774351330e-02,2.80590596257264373e+01
0,6.50967859088360683e+01,3.02772127717069139e+01,1.55384235483655257e-02,9.28575966810564779e+01
1,2.34131381314094682e+01,3.96523055710534678e+01,6.54493717336469133e-02,1.72737041874295230e+01
1,6.61654912794170968e+01,5.94115777032594252e+01,7.14571768848661915e-02,2.20692960444814830e+01
1,2.33926748240040183e+01,6.35488939347555544e+01,7.08313353519413325e-02,1.20026595924295485e+01
0,1.57086832154458911e+01,5.13964977650281085e+01,5.48717325850546292e-02,1.21069135635660690e+01
1,6.98658882000949149e+01,4.37385229325268128e+01,5.59798216350747696e-02,3.53240406589858864e+01
0,7.02898447324367908e+01,1.80125216967244093e+01,7.96503782305539726e-02,2.70306492997888732e+01
2,7.13575967491606349e+01,5.67671370042600927e+01,2.29730290053653096e-03,2.52272438510485330e+02
0,4.30336803551153153e+01,2.62092399940381249e+01,6.74933566264411394e-02,2.53382254697177309e+01
0,2.91833872029602794e+01,6.17301443071525568e+01,4.94889564542140351e-02,1.86239793761928603e+01
0,1.04964280022216379e+01,7.68114273190810337e+01,7.60233695241019497e-02,2.99398120140646329e+00
2,5.52004626902463471e+01,6.98135614744624888e+01,7.32465057124915969e-02,1.46896475540540425e+01
1,6.03936568456085112e+01,2.92699801837149032e+01,7.24627641246782667e-03,1.35057257134254741e+02
0,6.84898451550191965e+01,4.24325960861236879e+01,4.79011083864507303e-02,4.02685523867734432e+01
0,2.97314479155179505e+01,4.11370500546229678e+01,3.54648933921310056e-02,3.02540226874696465e+01
0,2.50652717014081503e+01,6.38699188585592665e+01,2.21179551102096035e-02,2.45352381399047061e+01
0,5.47531966046611487e+01,3.92414767862639309e+01,1.39240060955447397e-02,8.78027110060238130e+01
0,6.63538383201506861e+01,3.46666300870874267e+01,7.08267292836567679e-03,1.53547703395160966e+02
0,7.74569610991479607e+01,5.11354232880725732e+01,8.38405961118636120e-03,1.43318288893220995e+02
2,2.05367381294824227e+01,4.99026145540685491e+01,3.78670152580702218e-02,1.95279846644975770e+01
0,4.37548671739535564e+01,6.90638632619788666e+01,1.83710275844268349e-02,3.79364525363732241e+01
2,7.26301103537321353e+01,7.48932566920379799e+01,1.49369321039612146e-02,4.56856897093495746e+01
0,3.95901834861806066e+01,7.00626643317433775e+01,6.03988656024962989e-02,1.47786569257420553e+01
0,5.12651443458833640e+01,7.93123142708532498e+01,2.84475631323167577e-03,6.24027530684976313e+01
0,1.17143474245354238e+01,5.02655300186058156e+01,7.52574067400349628e-02,7.60562551218412164e+00
1,5.71421921007057279e+01,3.89298595236526808e+01,2.21483282084782296e-02,6.68638279472674384e+01
0,7.43362033743675710e+01,5.95292063140911054e+01,1.14201252550344629e-03,3.27692666484738481e+02
0,6.78777730689704697e+01,7.07961418375352594e+01,1.36990264693718188e-02,5.75813766579821547e+01
2,7.19864186696962634e+01,5.99110028177718661e+01,4.55007716320226796e-02,3.29090122717755307e+01
0,5.62248766364366332e+01,5.04428188923674625e+01,6.24003182298594194e-02,2.73976940236896098e+01
0,2.71886587070224301e+01,2.13869612035566661e+01,3.73183106883956048e-02,2.38160088827386538e+01
0,6.37961899227378026e+01,6.06855800910935059e+01,5.77202779962418047e-02,2.53240958508438503e+01
1,2.48172319825257368e+01,7.36359106707797935e+01,7.47811181577540812e-02,8.21176268986780400e+00
0,6.81892384265122757e+01,4.22016303529673067e+01,4.55496795449913811e-02,4.19366304099924889e+01
0,1.43902545799537762e+01,7.07938655280205467e+01,5.51661450207379944e-02,6.91999810482392785e+00
0,6.77841469375489112e+01,5.15331117517479385e+01,4.13197062195216555e-02,4.07386600869750808e+01
2,2.15155086531870907e+01,2.85849154999151338e+01,1.10563634166256365e-04,3.91506528603034383e+01
0,3.62602897547649263e+01,7.86211460950283083e+01,6.32228794434563923e-02,8.33294037396220766e+00
0,3.21716716589874991e+01,6.20736737746132263e+01,3.69968125409549792e-02,2.39586927400960263e+01
0,5.83935924694418915e+01,7.85667644740648825e+01,9.72668234874592315e-03,4.15857635738442610e+01
0,2.25000314722060324e+01,5.27037153099904643e+01,6.12106539299693692e-02,1.57966696333814891e+01
2,3.77379313551890476e+01,6.20245957516161610e+01,7.27730227932622299e-03,6.66236193693717809e+01
1,1.04077216575586657e+01,2.92072568211050978e+01,4.64539324007215981e-02,7.08674844464121811e+00
0,2.83746298925071052e+01,4.70137832629236669e+01,5.20497342703986621e-02,2.22377556770613651e+01
0,3.94832169960268686e+01,3.69057312191032878e+01,4.22906118322992422e-02,3.38908610658901566e+01
1,1.74144865695127109e+01,5.80071039353769535e+01,1.26962893732089025e-03,2.67148737560905971e+01
0,5.43211962225590455e+01,7.59787229723201563e+01,7.46581842094332648e-02,1.04619924696659758e+01
1,3.66296988920572630e+01,4.90540322023711539e+01,1.48027212364285447e-02,5.65912847150171814e+01
0,6.07705756653367217e+01,1.04691526920837052e+01,4.58346651524604645e-02,3.25547824893862980e+01
1,5.57706207747876093e+01,3.21021324122786353e+01,6.79403601049995282e-02,2.91697117227562295e+01
0,4.01858724144184336e+01,4.77562808424652516e+01,2.75923616221220684e-02,4.29286261088069310e+01
0,7.07124353949539426e+01,6.54928539312940643e+01,3.63949946975682601e-02,3.37101482832363573e+01
0,5.42494582250116935e+01,5.09604592990876881e+01,5.01948394746259130e-02,3.18871702413606073e+01
0,6.67192046474409324e+01,2.40349248879095860e+01,5.47478511026948042e-02,3.71715844576878567e+01
0,3.39256306758079091e+01,5.26071747873607691e+01,3.04995560233256580e-02,3.36087564661107052e+01
2,4.80568502767918915e+01,7.14973045309465931e+01,5.82636890056408632e-02,1.56124269665855770e+01
0,2.37407819580327377e+01,4.63760331782236435e+01,2.91364203265171359e-02,2.65268129569750428e+01
0,7.97298833083039540e+01,6.91276755511717340e+01,2.57410156681459612e-02,4.12113422236776543e+01
0,2.70250825014428990e+01,4.75740784371218552e+01,5.06960825812273544e-02,2.16915508356040831e+01
0,2.79807227058971932e+01,1.43666451142509644e+01,1.54959565240353567e-02,2.73780382832829723e+01
0,1.51233050673676175e+01,7.81834805135254669e+01,5.86592335253603436e-02,4.64415628789813351e+00
2,2.80462183297715590e+01,1.31034584537326637e+01,4.71586478613488652e-03,3.13460087272831096e+01
0,6.34189972780837223e+01,2.95207456572995639e+01,7.13243846918336691e-04,2.99096340957269319e+02
0,5.88525499478156959e+01,5.54788848105341117e+01,1.29251209217607684e-02,8.36352056093562766e+01
0,1.90071248622018629e+01,6.70012492296038005e+01,5.32721393542174501e-02,1.08400820043011610e+01
0,3.63366950999665974e+01,2.50079870259272994e+01,4.23357022420539075e-02,3.06215508619164396e+01
2,3.94644976232223996e+01,7.09676340800934327e+01,3.15567233377613277e-02,2.28268292556833465e+01
0,5.65488972453372511e+01,5.92939988927169921e+01,9.37389825030241104e-03,9.26372556998633172e+01
2,4.19150274130624183e+01,1.62447080855267423e+01,7.54571514358001322e-02,2.06996326106542163e+01
0,5.10562828777871971e+01,4.10383389099859670e+01,1.75388104235576041e-02,7.16124247330478170e+01
1,6.87779222526259559e+01,7.21989297947461495e+01,3.71463132978238283e-02,2.52119807194271210e+01
0,6.08531527218659321e+01,4.13346441816295069e+01,1.68537545395140848e-02,8.30761374736558906e+01
0,3.55505084455991209e+01,7.05034991133161952e+01,3.71517944090557981e-02,1.94561803232795967e+01
0,4.13877416541138956e+01,2.45619931553629414e+01,2.94508723030703391e-02,4.22386329887319576e+01
0,3.57389698783004661e+01,7.11079853256262027e+01,2.75965563430908833e-02,2.31734077284779083e+01
0,1.76814264804687724e+01,5.88510695435694302e+01,3.67884722643856618e-02,1.48388754963055245e+01
1,2.42269080861177599e+01,1.18205778747000529e+01,8.89053533607631584e-03,2.05712851142036044e+01
0,2.98664542260891750e+01,1.73532228621899343e+01,1.68037284853479185e-02,3.31429931356124072e+01
1,3.19893726921611545e+01,6.16094017668682383e+01,8.54941360165075749e-03,5.16221994919823501e+01
0,3.19133501173956375e+01,6.87135698865888145e+01,1.57795954888542873e-02,3.18801822853458532e+01
0,5.03689801377066431e+01,3.59521372776814374e+01,4.13616441510174584e-02,4.01200544413103444e+01
0,7.80182982933828271e+01,2.86506357259442055e+01,2.31887131206270254e-02,7.85712368623764945e+01
0,6.42264894446612402e+01,7.81835937792718596e+01,7.78236686045697401e-02,9.11973808363831395e+00
1,6.53793763720963739e+01,6.92935822286867307e+01,1.40056615653921402e-02,5.89725464971226003e+01
0,6.31487950377705971e+01,7.97411069211224515e+01,4.51052244343035577e-02,1.26338054912068980e+01
0,5.17891411366629484e+01,2.22900508928312604e+01,7.44624348332717095e-02,2.54961639876250246e+01
1,7.42384580019638918e+01,4.56291346993256468e+01,5.32450087033477168e-02,3.69862049373083721e+01
0,5.82741108812956696e+01,1.68041962087388121e+01,1.71137461587837769e-02,6.87346145118075071e+01
1,4.50249501515809669e+01,5.75458887296363741e+01,7.95805362769917146e-02,1.81629658768872702e+01
0,1.53958665950377132e+01,3.84278299505120415e+01,1.20760613829131377e-02,1.93003564313818998e+01
0,4.41914458959866678e+01,1.59500371950422117e+01,4.32121390616845638e-02,3.08578203536126345e+01
1,2.48981696738234035e+01,2.06842207585877382e+01,7.15226629914032380e-02,1.53603659437893469e+01
2,1.92887408282751096e+01,7.37209562277044483e+01,4.16723253092465759e-02,9.42510591534188613e+00
2,4.54245445770561105e+01,7.13823248812883406e+01,7.66737390481006947e-02,1.22685802580349126e+01
2,6.49559704817871335e+01,7.68606765978280890e+01,6.27458996949549208e-02,1.21571347184229595e+01
0,3.06504509963863612e+01,7.27587516581791647e+01,5.02915736797330606e-02,1.29468424530434820e+01
2,6.38140231936416527e+01,4.74608245427882096e+01,4.75520443381161340e-02,3.74049921230155249e+01
1,4.67940666213577856e+01,4.60819013210896102e+01,6.76468457284818553e-02,2.49530052950113337e+01
0,2.04333616359498791e+01,5.10972011256713401e+01,2.18622813657870750e-02,2.43738967686024708e+01
0,7.75477420785815070e+01,6.36776635105436171e+01,2.28724412650577434e-02,5.37206434570225682e+01
0,3.81145356721962258e+01,2.38403002052005419e+01,1.61306079406894759e-02,5.31386755969543074e+01
0,3.06663978963887054e+01,4.11580606564346994e+01,6.12110432432747126e-02,2.19350211403279793e+01
1,6.92898859443610746e+01,3.78315394450098736e+01,1.14848163219730369e-02,1.18669751634459587e+02
0,1.87122232760835878e+01,6.52757062123059768e+01,7.52920560076621864e-02,9.26395490678608446e+00
0,6.13513322751592369e+01,1.32198849798911642e+01,6.51646803318850221e-02,2.75036304889847827e+01
0,2.31477319795827832e+01,5.48141899802508235e+01,1.89334782171120160e-02,2.87672161626395777e+01
0,3.74744243208807717e+01,1.62094944527766742e+01,3.52290772225280699e-02,3.02403564514350016e+01
2,2.62329914923496901e+01,4.79504880049254822e+01,6.09489610589667649e-02,1.87958906125451719e+01
0,6.88859594884670798e+01,2.55713168296066229e+01,1.26997768299346621e-02,1.07182632423977395e+02
0,3.73052186357903253e+01,7.84304017279995804e+01,1.99393863625835707e-02,1.90473027126453616e+01
2,7.82284969017602521e+01,1.93643940115641868e+01,3.28211057599768485e-02,5.76358068445440850e+01
2,5.37683039090574724e+01,3.25078506247332726e+01,6.82210542376944507e-02,2.85657751079077791e+01
0,5.85535984292040652e+01,2.47317979957015552e+01,2.18918686406702270e-02,6.67025385823928190e+01
1,4.65067585492692288e+01,2.81485673431622949e+01,5.86574697465023151e-02,2.96062245158117285e+01
0,3.16277739352913798e+01,5.75927630271264590e+01,6.11251957362862891e-02,1.85528723826298645e+01
0,3.76889494736700073e+01,1.48027104126537878e+01,6.09619463210790274e-02,2.13524440502926431e+01
0,7.58653931363331253e+01,5.34310256812028541e+01,3.51787295788695597e-03,2.30329949376156520e+02
2,2.40842240507265117e+01,4.64722880455529292e+01,3.92031365777417498e-02,2.30755780725048893e+01
1,7.91753230854148597e+01,1.33542123939423192e+01,2.54147128485603425e-02,6.32101168745894455e+01
1,6.30814103402672899e+01,7.63399943646035837e+01,2.17960918492595482e-02,2.92488644516297924e+01
0,3.51850848544827173e+01,4.39367665139703547e+01,6.50238180266033833e-02,2.25519232368946909e+01
0,5.49059512653922326e+01,1.38655949779606154e+01,4.68192939576314790e-02,3.28735798912081307e+01
0,3.66687077505161270e+01,4.80169612073169390e+01,1.69061446388692888e-02,5.32548364301674440e+01
2,3.67045052847944007e+01,3.69450197420734554e+01,5.74157102774078554e-02,2.61630233557503260e+01
0,4.52662065136170710e+01,1.73731940187194738e+01,5.76880682799423838e-02,2.67476745553531892e+01
0,1.11705975144763965e+01,6.44572823735862812e+01,7.48265694667048925e-02,5.62180124309992379e+00
0,4.45500091960377347e+01,7.20831543177846044e+01,7.86591598192680624e-02,1.15368602552769470e+01
2,7.80118889412821659e+01,5.90188684763065581e+01,3.99697644978767724e-02,3.85567578837930540e+01
0,2.99825660149904927e+01,4.20298848164745564e+01,7.22815297399757445e-02,1.91928092414704636e+01
0,6.23752571353628511e+01,6.79533067806802080e+01,6.53070699785218561e-02,1.81756510570710965e+01
0,4.09952223049346571e+01,1.15967560115159003e+01,6.35839420786560999e-02,2.02717790243949025e+01
0,2.46496729832449830e+01,2.51782336706932490e+01,1.02674499241240912e-02,3.56806064237365206e+01
0,7.33501799572690629e+01,5.08462654352844226e+01,4.03119137398802105e-02,4.33757398793590809e+01
0,1.11779099276149090e+01,2.34338374110804430e+01,4.43525573516690488e-02,7.10035501626999821e+00
1,3.12456248619657480e+01,5.61966510830962847e+01,6.44170127419803618e-02,1.82050224572665336e+01
0,7.99318117626756219e+01,4.38981369814177711e+01,2.69613490639087523e-02,6.72848069168700960e+01
0,2.83502757332992630e+01,6.73202056496811707e+01,2.29096467824954526e-02,2.46048462850497813e+01
0,6.94331165301490500e+01,7.88081743554335787e+01,1.67725101889022177e-02,3.11856069397110183e+01
1,5.23978204058992958e+01,1.39361005903333677e+01,5.47784750981720261e-02,2.86495397637540492e+01
0,6.64224995268986618e+01,6.16210732762344122e+01,4.39262583824929151e-02,3.14930619857383363e+01
0,5.41222428810434764e+01,1.42370972917420122e+01,6.41161488038513722e-02,2.63618672915965711e+01
0,3.53887799940493863e+01,4.75643269051933189e+01,5.15142839812874394e-03,8.50940196713589359e+01
0,6.32552149208437768e+01,3.50201717986186480e+01,7.60529981831394170e-02,2.78902571661469487e+01
1,1.18539184232780634e+01,4.34450294399711723e+01,4.68519145987753849e-02,9.48498064505217719e+00
2,4.12769066214116336e+01,6.20051648303695799e+01,1.19886190550985289e-02,5.77067252439134251e+01
0,3.60298198909074188e+01,1.04249981250752146e+01,7.55865964614347158e-02,1.56557165597024017e+01
0,4.33951803946144636e+01,5.42566124590084655e+01,7.79197255116363396e-02,1.93251423461664515e+01
0,1.89334480547248738e+01,7.14372709145289662e+01,5.56264015923958813e-02,8.89221601564515929e+00
0,2.55754806162390693e+01,7.22235432706438587e+01,5.30432737240978721e-03,3.01944011014253704e+01
0,4.93436113069796605e+01,4.56249923468054419e+01,6.39203824366918610e-02,2.68682936621273640e+01
2,3.71438380959167773e+01,5.53516670343806894e+01,6.35742582037138459e-02,2.05829662239119990e+01
2,6.54159343913238445e+01,2.08942618779898730e+01,3.28098123059238703e-02,5.27041611767120770e+01
2,5.23595612494260152e+01,2.44784502675990048e+01,5.14646433299493847e-02,3.43170189317049861e+01
0,7.02886679350895918e+01,7.84658540435828655e+01,1.99464847338148323e-02,2.82917100755443336e+01
0,6.12652586127923158e+01,1.24989407822336496e+01,4.77255017448966201e-02,3.38147217260083650e+01
1,5.21276413430995476e+01,7.36466759944451610e+01,7.65926523814774440e-02,1.15701948501081091e+01
0,3.01330921537196978e+01,2.87066195904202495e+01,4.83443701913555401e-02,2.49751033453036726e+01
0,6.47932327548317915e+01,4.71554715018373116e+01,5.46694109640697354e-02,3.37299044979833624e+01
0,2.75887304719757260e+01,2.64905572778378264e+01,9.93232927002919708e-03,4.37997372430098011e+01
0,1.52647778270083094e+01,1.63070041240211481e+01,5.61401910107392696e-02,8.52822392379197503e+00
0,7.74005204910259437e+01,7.04941839627835236e+01,3.34707485171498315e-02,3.10743936315301248e+01
2,4.78007843567528425e+01,5.42199915539884003e+01,5.62200391269968847e-02,2.61681148115312325e+01
0,6.41726008284867930e+01,7.13660330747054559e+01,3.82293885118258348e-02,2.49070815573915354e+01
2,4.70455965341252096e+01,5.41905164375100838e+01,6.77874700220236492e-02,2.24161774353799181e+01
0,5.28105811260275004e+01,6.03659224414204942e+01,7.55418802987665727e-02,1.89893489967491931e+01
1,1.23724575361554372e+01,1.82494607791479453e+01,3.78913454539806793e-02,7.30697615781110521e+00
0,2.30755575547665970e+01,1.05663919398710515e+01,6.66607857282924265e-02,1.05745366365449254e+01
0,5.72282576804344245e+01,1.61098020698123250e+01,3.50680030834845807e-02,4.30482169133465717e+01
2,4.99395218566748795e+01,6.95561848866589116e+01,7.40419141116467616e-02,1.41755261528120826e+01
1,2.10988523790698892e+01,1.23154938837952663e+01,1.82803820139564553e-02,1.50430086612976517e+01
2,7.66420488108329323e+01,1.68129462330663344e+01,7.12085734338995056e-03,1.42333684701419116e+02
0,2.08047542783182990e+01,1.72712462180642703e+01,7.11825286846902716e-02,1.19130680122684431e+01
0,4.57212274817079773e+01,1.45568864392992623e+01,3.65856042848936164e-02,3.39415216318369133e+01
2,2.00802012513480364e+01,3.31938521562061482e+01,3.74670620574142216e-02,1.96476861327965899e+01
0,6.02160208274364237e+01,5.18462803388435347e+01,4.99725162922693839e-02,3.30832221608049366e+01
0,2.93419109866606931e+01,7.41607773295885124e+01,4.42715997066045496e-04,4.45335837160825960e+01
0,1.93893782585248289e+01,2.19109078769723062e+01,5.86458396893743961e-02,1.34292465467341415e+01
0,1.32191026469360970e+01,1.34628954543822026e+01,7.32891775484999092e-02,5.60574804636125723e+00
1,2.22384876528336548e+01,7.75259840206020669e+01,7.39964957925043770e-02,6.02954316248090194e+00
0,2.34259101706496509e+01,1.97817632913864756e+01,6.23106564289453366e-02,1.53247417292235966e+01
0,4.75880455700254856e+01,6.16849770857230411e+01,1.11470919002587803e-02,6.87496375529209018e+01
0,4.15727220319973867e+01,7.50211020151325414e+01,1.49666560947442837e-02,3.11722368853798386e+01
0,7.70106057077476152e+01,3.87105085139945118e+01,7.10320442470045305e-02,3.11921358649752563e+01
2,7.67905935806649751e+01,7.89986238956293363e+01,6.77298357944094986e-02,1.01634396676519856e+01
0,6.57582277327901181e+01,3.18954478241330683e+01,1.09385206013286503e-02,1.17372328379005538e+02
1,5.70111343786492313e+01,2.15302578091942749e+01,3.64464009411818862e-02,4.51677602194105177e+01
0,6.91516164097842534e+01,7.02332927993059712e+01,2.46515632937152063e-02,3.83321772248714083e+01
0,7.57126279935919229e+01,5.59860587181069036e+01,2.74280785878522337e-02,5.50440708661874751e+01
0,1.15832410220901920e+01,3.11716500296893813e+01,6.12033139570305820e-02,7.94361071381655393e+00
1,1.82673659005601081e+01,1.27460249180969925e+01,5.78910807730636644e-03,1.34952926346447857e+01
0,3.52184719278550205e+01,3.08347668648324102e+01,7.79738370831272454e-02,2.05523855056487648e+01
1,1.65510797129819807e+01,5.37085316973053963e+01,3.49876669284870725e-02,1.51917814373604916e+01
1,5.19667131137293978e+01,4.99274960362491811e+01,3.44718589462168837e-02,4.21825915570564689e+01
0,2.82254955643676055e+01,2.91828181750632929e+01,5.27109927993785893e-02,2.25231507171787584e+01
2,2.85037810392627868e+01,3.92015430488497714e+01,7.59918328270352966e-02,1.81631240757876462e+01
0,3.01829592053505920e+01,3.36815163346168873e+01,3.87455039705418766e-02,2.91618390072919240e+01
0,1.68400960309073042e+01,1.53269004846957966e+01,5.78858044842355812e-02,9.32033948497389630e+00
0,6.18661117266711287e+01,5.48958608631186991e+01,5.30892389599679423e-02,3.02961290126105922e+01
0,5.55470700719755044e+01,4.78237178849679978e+01,7.22001899982746276e-02,2.50233924598935182e+01
0,5.24555663448883678e+01,7.07788957603806352e+01,6.41982687532781510e-02,1.54416370385662063e+01
2,1.23831907594442807e+01,6.63603288771285804e+01,4.30397932916512099e-02,7.42931266424350323e+00
0,4.00624901247214211e+01,3.82228818332165474e+01,5.04455545660594390e-02,3.01627167725805450e+01
1,5.79642512929889833e+01,6.37032591680683922e+01,6.09185689106645431e-02,2.15536390163145093e+01
1,2.09442654932510450e+01,5.36411735395132965e+01,7.79124596138784792e-02,1.26900760757662319e+01
2,3.69960491260285522e+01,7.41217759138802279e+01,4.92695221290003760e-02,1.37026964930857531e+01
1,1.13883901828955825e+01,2.58237075329544581e+01,4.35496104703768892e-03,9.84596485844632241e+00
0,1.57300597954069445e+01,3.11059489249653502e+01,1.51711814392673904e-02,1.78506883144871118e+01
2,2.51517505999337736e+01,4.37027247788379896e+01,9.62984865041610454e-03,4.41986497751996765e+01
0,3.90255112798874038e+01,1.95326713558747755e+01,7.01302824951276771e-02,2.18438145746158945e+01
0,4.24268025401165900e+01,5.05045070802868139e+01,7.33815395868088333e-02,2.12246901675333355e+01
1,7.19165072132679057e+01,3.76200963611003658e+01,2.13231858110360419e-02,7.92462259674405090e+01
0,3.21660909521809302e+01,6.17319280812763367e+01,1.00686164654833557e-02,4.85684546194452125e+01
0,1.15024713394033959e+01,6.63497312191460367e+01,7.17461714936161732e-02,5.60249157756505767e+00
1,6.78356342739815545e+01,1.68208656045127540e+01,4.52677341849958836e-02,4.06373364121467162e+01
1,1.43292854761500941e+01,7.97079232324931866e+01,7.35405179611614418e-02,3.45981150290226580e+00
2,1.65094394863559835e+01,6.48141588658031935e+01,4.59236340106631002e-02,1.08119737550367514e+01
1,7.74227201717814495e+01,6.28704545333721185e+01,5.10028373597777793e-02,2.84353559850355246e+01
0,6.27355792689850915e+01,2.70587619695895327e+01,5.28538918154418530e-02,3.74741642068828966e+01
0,3.36497941945478516e+01,2.78719294475433621e+01,7.60551355529610756e-02,2.01254167753015665e+01
0,1.92525189133436996e+01,7.14648752301393699e+01,3.31328691362365313e-02,1.17086519445094890e+01
0,3.70711401220303074e+01,1.33207452697897626e+01,4.30073008560310638e-02,2.46765634473878244e+01
0,3.37436424946121463e+01,1.84910271247406612e+01,3.41909269829753296e-02,2.92905545329776125e+01
0,7.12108841009731179e+01,5.22959166593528906e+01,3.00219606535439727e-02,5.30768720981282556e+01
0,3.93127112119828013e+01,2.65623354715382654e+01,5.41624742113252997e-02,2.79942295413926026e+01
0,1.57431504210935422e+01,4.63637247004116375e+01,1.13365407631062978e-02,2.04783290678212317e+01
0,7.48763641651010374e+01,4.71254453593742184e+01,5.82715849570211997e-02,3.38166457884325595e+01
0,5.35619354600682129e+01,3.80646614154094465e+01,1.07168133784811114e-02,1.00860411909429118e+02
0,1.81696899746701561e+01,6.59734791893857562e+01,4.63232641817967958e-02,1.15224833951070220e+01
0,1.79221912032495645e+01,2.41707564593035364e+01,4.85818543016600032e-02,1.38180222202414420e+01
0,4.26153268814984969e+01,6.28495841759929945e+01,4.05133154302327533e-02,2.63664826637780862e+01
0,1.64462275982381314e+01,3.89989843862859544e+01,3.49292125088724453e-03,2.49566404123735879e+01
1,5.42226534541930931e+01,7.32651013967403060e+01,2.44778027841036847e-02,2.96252828583901646e+01
0,5.31468653766437171e+01,2.08150748361350537e+01,1.17814442625344025e-02,8.33280288004316105e+01
0,1.22456944032707593e+01,2.59815301434526660e+01,1.97446525233235179e-02,1.01454162623064050e+01
0,6.65195946728906051e+01,3.29904579725920115e+01,1.70641128935602564e-02,8.90491534066481876e+01
0,6.50756332657648926e+01,2.45747995757468871e+01,1.97903064921953406e-02,7.67466958894936795e+01
0,7.40715788030715885e+01,3.13706270689796014e+01,6.65109911933549902e-02,3.35395495918145059e+01
0,5.69214652716933927e+01,3.68793840907122927e+01,2.25148546586240797e-02,6.63440818415458011e+01
2,5.85003562634656262e+01,6.44089198420696647e+01,6.81578580809765605e-02,1.92855402380071510e+01
2,2.14619158117217523e+01,5.85932789230621296e+01,9.62341191753825556e-03,3.05180120297466040e+01
0,1.16722169785168202e+01,6.48191191304211003e+01,1.21065686159177680e-02,9.29638833561848976e+00
0,1.45894206692893942e+01,4.84971471063803534e+01,5.67227636405934904e-02,1.12659641470053611e+01
0,7.75122938112250068e+01,3.03615474047401861e+01,1.37689496232710519e-02,1.13519881396885154e+02
1,5.52004955891743521e+01,2.00743485060743012e+01,6.44322789460662765e-02,2.89088449677214854e+01
1,7.62834666545385147e+01,7.66165292195032066e+01,5.19080179617756928e-03,8.70023443230195710e+01
2,3.44569051210466952e+01,5.38522787499111431e+01,7.48451661122144091e-02,1.79320460337647312e+01
0,6.28655103662989774e+01,2.46594389470586179e+01,2.65682127461964526e-02,6.14924041998974928e+01
0,1.45779275753166750e+01,3.14915121789278381e+01,5.26236332623534961e-02,1.14330400861393073e+01
0,2.16343615915079823e+01,4.99775476819161071e+01,2.69451769498131634e-02,2.41923535912861318e+01
1,2.93993334410392997e+01,4.24950733805358638e+01,4.66096143360253748e-02,2.52593550578533268e+01
1,4.85222776190519198e+01,1.31078790163215686e+01,5.93180198477766610e-02,2.52182858030047008e+01
0,4.90186216063637019e+01,3.16098902088291887e+01,9.71583696995108673e-03,9.60711775375629173e+01
0,4.49290516614910445e+01,4.99070715012881863e+01,6.26662188638254930e-02,2.48716724677786907e+01
0,3.97124509242454309e+01,6.67977818495582483e+01,3.87389071623967934e-02,2.32579982392293694e+01
0,5.02993612237369021e+01,2.34663229844489400e+01,3.49630608721919756e-02,4.35148957220243133e+01
0,7.76663676771486848e+01,2.65404424047407623e+01,6.94922681924730473e-02,3.29787173304079460e+01
2,4.20655692340283451e+01,3.94824078227816528e+01,7.42003732176380049e-02,2.31831410206362598e+01
1,6.86229995258883321e+01,3.03698857540764848e+01,1.34035487772702494e-02,1.06186722251657628e+02
0,1.39110375522309830e+01,6.82029676742304645e+01,5.79598901166814701e-02,7.20899047517640490e+00
0,3.69911080061040280e+01,4.87437991228552789e+01,7.77705942965833119e-02,1.93847856686113538e+01
0,4.92347510549679370e+01,2.52307143652955332e+01,1.56836203759194090e-02,7.10501956353238171e+01
2,5.34224388958456018e+01,4.43473036744872076e+01,7.31469641830542472e-02,2.52821304379248772e+01
0,2.75012837952407878e+01,4.63930171439472616e+01,6.57363323034035052e-02,1.87519308630109371e+01
0,3.79503709440616674e+01,2.87000623385832050e+01,7.23347799454227558e-02,2.25789137304081464e+01
0,7.62904318114983084e+01,5.18564061726316723e+01,5.25482673998595926e-02,3.48131943266449184e+01
0,5.54195527808364332e+01,6.40311031689384293e+01,1.18575394396023184e-02,7.03554405167240873e+01
1,5.09476373888606204e+01,2.51546157382318185e+01,3.25189171937347934e-02,4.67239418197639367e+01
0,1.45709097363888649e+01,3.09960449601321031e+01,3.64095146414604304e-02,1.28546564213596550e+01
0,1.36523380350203389e+01,2.07345580229671569e+01,3.95852531198349553e-02,9.25598328389496139e+00
0,2.47978913482445265e+01,3.23675737800863033e+01,1.91176904263744350e-03,5.22315622394747834e+01
2,1.96475943094043117e+01,6.47459525878029041e+01,4.64574519921742788e-03,2.62522619471342793e+01
0,7.88624950491301320e+01,6.21403371948938030e+01,7.40231437229591643e-02,2.11170798888793847e+01
1,1.01923003321864911e+01,7.47427750648808740e+01,1.27952992461436202e-03,5.26478132698583945e+00
0,3.56090470426361989e+01,3.72151430110274646e+01,1.32442079327801387e-02,6.05315084848639060e+01
0,1.40895714736661120e+01,1.68999291740094471e+01,6.55701491858044494e-02,7.42118352844150753e+00
2,5.48007390822373637e+01,2.17281336677792254e+01,6.29984785448381712e-02,2.97187214493353302e+01
0,1.32573241452401369e+01,4.59624507534592510e+01,3.43782875376816913e-02,1.21298714369017748e+01
0,1.47886744879205612e+01,1.77403431453571017e+01,3.33431076493573286e-03,1.22879889126486450e+01
1,1.55959753925683220e+01,5.91041175211444738e+01,3.03421359329447450e-02,1.36459464137943467e+01
0,2.90249591912015674e+01,3.11121328153080299e+01,4.69420974919938991e-02,2.49638923734381493e+01
0,5.03450647597655419e+01,4.33305807346646432e+01,6.33558831218508992e-03,1.23453871726938956e+02
0,6.63814032341597624e+01,3.88874241119114430e+01,6.42560162202713836e-02,3.20702146596594417e+01
0,2.87034109150882557e+01,3.61409411523157331e+01,4.93186366184755615e-02,2.42975239674313883e+01
0,2.98219739598626461e+01,6.87250962696628562e+01,5.97712141244574058e-02,1.34241113858198524e+01
0,6.77137500766355913e+01,1.27501564166312509e+01,7.80250992768566354e-02,2.50357818858971939e+01
0,6.22163866123425819e+01,7.14434266188688554e+01,3.25918364809192687e-02,2.78296117425946825e+01
0,1.88770323850134254e+01,1.64123199956219032e+01,4.83464466776466067e-02,1.20673744451534777e+01
1,6.64444254294449763e+01,1.86794607606470642e+01,6.30498813664908536e-02,3.19492515600211320e+01
1,6.81875776044696806e+01,2.36797304975897944e+01,1.07552173177562511e-02,1.15276483832710838e+02
0,2.24478048496974125e+01,7.01600028649136789e+01,7.24171312828458674e-02,9.20986101876838426e+00
1,5.38863599000787517e+01,7.84891303709838439e+01,5.15160991926562339e-02,1.18510077855740494e+01
0,2.37720535274866549e+01,2.11596892374375791e+01,5.15583536698189376e-02,1.75827811041430309e+01
0,2.70444898419657775e+01,4.82301461197166859e+01,2.58437224755968566e-02,3.17359984737006329e+01
0,4.45804028730049424e+01,5.16006249258291092e+01,8.31809691985727247e-03,8.98433313067812946e+01
2,4.65554019565565937e+01,2.36642616928448248e+01,2.74874755736375584e-02,4.80205655953023225e+01
1,4.35323460778731075e+01,6.08146844719303772e+01,4.37635633431572302e-02,2.65115268417673882e+01
0,4.78798737312946088e+01,4.21831627072767645e+01,6.57440521093771713e-02,2.66884775736198812e+01
1,2.49215273497816696e+01,2.70147549235590105e+01,5.14865999638737942e-02,2.00617533494360742e+01
0,6.45006257689538529e+01,2.70628387896592386e+01,1.85801447319261202e-02,8.08722379586828168e+01
0,2.94493888420025840e+01,5.37544849936205793e+01,1.36240257001581534e-02,4.44336725727106625e+01
2,7.38878302803377096e+01,1.24433458620954180e+01,1.82269178289330390e-02,7.24251116656075169e+01
0,4.60608712512712728e+01,6.69622278665615056e+01,4.53507944236053381e-02,2.22990637609928619e+01
0,3.12578837061209356e+01,6.61545791911583194e+01,1.19562958291132403e-02,3.87495605558730958e+01
0,2.22068731755810091e+01,4.82367689499381029e+01,3.50367400415190836e-02,2.23150455792061670e+01
0,4.39642773691221151e+01,1.18004707472089425e+01,6.58685886271027504e-02,2.10833750028761777e+01
0,3.63408110105946633e+01,5.87492202831888548e+01,1.41503733732652216e-02,5.02559738168522614e+01
0,5.36165653505352893e+01,3.63254683456418377e+01,3.40926286119685937e-02,4.78161345524672470e+01
1,4.48921707836064883e+01,1.47798657250297403e+01,2.73634941899431536e-02,3.95819417181317235e+01
1,1.25871788600487733e+01,3.18559238118649120e+01,6.50094152157693617e-02,8.77826175646073992e+00
0,6.83166338165973457e+01,3.76142969696802183e+01,3.42721738364377138e-02,5.40260970521671453e+01
0,1.36171757383577194e+01,1.85863206223206134e+01,2.44609841403683886e-02,9.38241423804974239e+00
0,6.79316614701447179e+01,7.63264533974172110e+01,1.27586303926319911e-02,4.51506786549942447e+01
0,6.68924750391743430e+01,3.98229021085139152e+01,6.19060208935529876e-02,3.29738101242988435e+01
0,7.46788187701293253e+01,6.67019787619565108e+01,3.98459041015555293e-02,3.07022231223459698e+01
0,5.65080728806072941e+01,5.18282165253523246e+01,2.89732373604206228e-02,4.89631978759321740e+01
0,2.12436543873745372e+01,3.67189386080122588e+01,6.10904056346580765e-02,1.65627167172632177e+01
1,4.09350588017826453e+01,4.58849698844027074e+01,7.38519891530128869e-02,2.18863110401606598e+01
1,4.07602862119329359e+01,4.54278159138792574e+01,7.53244803181921246e-02,2.16025739846759421e+01
0,5.42633090537340408e+01,3.65227552585100312e+01,4.69443831643420826e-03,1.53497787377576913e+02
0,3.66796272682830491e+01,1.79039806378918200e+01,6.62263453868834340e-02,2.11675040728143209e+01
0,5.72974661578382793e+01,6.85394496891038614e+01,4.21578495352952429e-02,2.46834092147295259e+01
0,2.42735166068486379e+01,4.52116687974512601e+01,3.65326714328130311e-02,2.43392869022760685e+01
1,3.47345544702591127e+01,4.53283026193984355e+01,5.64583292763006020e-02,2.44847578732565161e+01
0,4.80319387901148076e+01,4.15355886890908295e+01,6.14853200707191003e-02,2.82902258016580568e+01
0,3.99355735850114328e+01,3.93829086199213165e+01,6.23361708758100735e-02,2.57151395371355811e+01
0,1.85767955538300171e+01,7.41901423383143879e+01,4.15916084443038181e-02,8.84630408876615526e+00
0,7.76079684533753067e+01,7.46364436399944537e+01,3.57187508282616473e-02,2.39659294941338601e+01
1,5.83906781495530041e+01,6.17344616423890429e+01,9.57183169080916101e-03,8.88423589777088836e+01
0,6.83124554453718105e+01,1.32988871280097705e+01,4.42562902488378360e-02,3.89759209186637889e+01
0,3.50222522402402490e+01,3.69461856296367159e+01,3.28594877150163306e-02,3.65327525372487258e+01
0,7.61427137118361088e+01,5.80928209757334457e+01,6.05912154707168860e-02,2.74494433381173302e+01
0,6.68712970386989696e+01,4.86292005796137872e+01,2.78927804864629626e-02,5.73035149532330621e+01
2,7.85654371911520144e+01,6.68229648493548325e+01,6.68270141770610226e-02,1.99858914681441782e+01
0,2.38175976672863818e+01,2.99904167474163330e+01,7.91407876340626398e-02,1.53840483283793397e+01
0,4.34018633620519836e+01,7.02284783584169787e+01,3.28674068656503796e-02,2.42628334113958992e+01
2,3.70094295850658597e+01,3.13627148553585045e+01,3.57436185623727712e-02,3.59318824538667130e+01
0,5.29726496922125847e+01,4.23965277919134422e+01,3.34022089262737687e-02,4.68697372456698886e+01
1,2.75153813567572101e+01,2.79918253215877861e+01,1.06675948372063536e-02,4.38843346709493076e+01
0,1.70330602825480426e+01,6.15078849783600958e+01,6.93362484487418107e-02,9.87675115576788087e+00
2,4.33631610780240209e+01,2.08353593772783228e+01,1.33209439409977381e-02,6.32914367986837405e+01
1,5.47630355563743407e+01,6.58006486855356059e+01,3.50667948453949122e-02,3.07290506427954746e+01
1,3.68810792943916894e+01,5.84679005153905322e+01,2.68071139161326945e-02,3.52824019771490285e+01
2,7.91207539901401020e+01,2.34042686641689066e+01,5.81107251425675153e-02,3.82111083104161651e+01
0,3.84192140504228732e+01,6.31798918328553185e+01,3.54786990344161182e-02,2.70140133208325146e+01
0,3.09870879706469147e+01,1.52821087548717394e+01,1.61800642966855070e-02,3.26545530327058202e+01
0,6.69728477569658054e+01,4.01310442328615267e+01,2.06928103075731500e-02,7.68977641818747912e+01
1,4.26682862122957260e+01,6.70640391743832254e+01,3.16866028014455917e-02,2.77626513773228041e+01
0,2.91251747889444985e+01,2.80636899753126201e+01,2.83160637978247219e-02,3.22222729904188157e+01
0,3.00543717130124506e+01,5.24893368678224519e+01,3.70338419779997416e-02,2.71536437740632834e+01
0,7.63009052470966935e+01,4.45080946547309821e+01,4.09460374466330979e-03,2.31841288475763974e+02
0,7.73215723711945486e+01,1.00644096127854432e+01,7.76449719532072702e-02,2.52411646501740030e+01
0,5.52365827370090940e+01,3.96189308860996334e+01,2.49528382869328895e-03,2.00020160138016792e+02
2,2.95137583672334607e+01,7.97017016061963659e+01,4.66783237296482245e-02,8.35990026014740018e+00
1,5.97958330603289454e+01,1.36759376535566908e+01,6.48509868560372960e-02,2.74499326471098115e+01
0,2.51738637355276147e+01,2.20361805342967898e+01,4.59932958004154457e-02,2.00732224548655083e+01
0,3.25459281189755103e+01,1.12524646850007706e+01,5.23109278474123626e-02,1.80467980219791322e+01
0,4.79215451791935791e+01,4.72040970236869555e+01,1.12238958923679272e-02,8.56998205094620147e+01
0,3.80800912815181931e+01,2.86523813307145723e+01,4.82601206083934711e-02,2.99239740253853661e+01
0,3.45716703844210826e+01,1.33175065169846683e+01,7.45172081555233595e-02,1.68808019189931429e+01
1,7.81894100640541723e+01,1.65430775770663132e+01,7.03802614512629571e-02,3.08734816471081039e+01
0,2.19144322135824368e+01,1.55209816330000496e+01,3.68627947439668577e-02,1.56556785160391279e+01
0,5.29644991264592448e+01,5.69984792436385561e+01,7.07354044681505895e-02,2.16144224947588484e+01
2,1.26978972638694678e+01,1.87385766722507086e+01,1.20363197150441092e-03,9.67655663986623260e+00
0,1.64200315993733099e+01,7.70823690964502646e+01,6.52777221376286271e-02,5.19749792600366778e+00
0,2.46997203508207193e+01,4.51775908787875764e+01,3.29961540130215142e-02,2.61197640970081721e+01
0,7.94180337210125344e+01,3.14072260050120953e+01,6.29138403169147570e-02,3.60976723246097890e+01
0,6.08497247459459984e+01,7.32904230688405960e+01,7.26793898336867278e-02,1.30072866996790992e+01
0,7.07626666940439293e+01,6.48298324373622137e+01,4.84870974097061577e-02,2.71543550743814350e+01
0,1.34638649245701583e+01,3.42852919458271543e+01,5.51160175716533807e-02,1.03845614406683815e+01
0,5.77006916856871044e+01,5.10097465725602532e+01,1.08750215872219867e-02,9.80838938343489986e+01
2,4.07955535605204034e+01,5.40847433962574513e+01,6.18479552728913792e-02,2.25437306986578392e+01
2,3.91493963988744582e+01,7.55699693365326368e+01,6.86220373471195782e-04,6.93228831226604285e+01
0,5.95778355973580176e+01,7.75008841001472035e+01,4.62932980295226240e-02,1.45232955692020163e+01
0,3.15823265374906406e+01,6.12128456521125131e+01,3.85191275306240172e-02,2.35110781718828150e+01
0,4.59427476289717305e+01,2.10062094342934103e+01,3.71035714031781802e-02,3.81620954620821067e+01
2,2.82507305276601492e+01,5.16737978110654623e+01,2.67979977952730493e-02,3.13852091733460874e+01
0,3.73982849414686029e+01,1.56618075654009044e+01,3.70128638678990027e-02,2.89663159539755135e+01
0,4.73328322643326587e+01,4.01629136278783818e+01,3.35903002961100705e-02,4.42051709864496161e+01
0,2.10516701978384191e+01,6.31006921331506092e+01,4.60821073382099780e-02,1.44609887574386438e+01
2,2.93330985333642502e+01,6.74445381987963231e+01,2.74829719029568847e-02,2.28613952640413522e+01
1,3.94284133655078222e+01,3.52643631306857372e+01,5.07747713716563340e-02,2.99230582480902321e+01
2,4.30923584969708813e+01,2.98247381932697913e+01,3.28676262033693531e-02,4.22822913365011459e+01
0,6.60002777607712687e+01,6.06938206853225779e+01,5.52782120761357715e-02,2.65828539884811228e+01
0,5.50065079707319526e+01,7.36920743774687423e+01,6.22528981489666872e-02,1.40037573955979440e+01
0,4.93743046565482118e+01,6.79634270847783313e+01,2.63390892972941333e-02,3.34740627207108119e+01
0,7.08907175590277632e+01,5.80967750650168711e+01,2.81030102485890151e-02,5.02878609164141892e+01
0,2.38144205343734612e+01,3.56975170005388236e+01,7.88656689092105956e-02,1.56583591774409427e+01
0,1.72858124624624487e+01,3.23279805022801696e+01,5.85270421216078848e-02,1.35105453977930896e+01
0,3.75607649357414815e+01,6.25046261503469580e+01,6.01235415537589926e-02,1.85270956756803109e+01
2,1.96032968890094743e+01,5.60461428855539197e+01,3.78681897820863644e-02,1.72266019459933517e+01
0,4.89186726670606546e+01,1.10931145053621947e+01,7.49083597953100477e-02,2.04260981736440037e+01
0,5.01550332446119356e+01,4.55673682697912312e+01,3.17881516389446270e-02,4.59286027452974963e+01
0,1.92115484824783138e+01,7.84553381775494501e+01,3.42190510115743876e-02,7.57729947115924229e+00
1,6.01237796287475277e+01,3.05550482744772438e+01,4.98328300598006729e-02,3.85815610837199756e+01
0,4.89577638397927828e+01,7.73930979201354745e+01,4.10302549380417783e-02,1.47974882707197857e+01
0,3.96227395988748725e+01,6.66622785097384423e+01,6.08699935303842546e-02,1.66788605388447060e+01
0,7.42237241309515667e+01,4.86172925307888448e+01,4.54514356473893488e-02,4.07127737852975287e+01
2,6.99138606068340209e+01,2.12830362400382569e+01,5.54490643287947824e-02,3.70479079406520100e+01
0,2.54678414635406867e+01,4.42321231919127342e+01,6.87820844758304656e-02,1.75103355186689527e+01
0,2.16608223568073299e+01,7.67306223619960974e+01,5.41528272634215282e-02,7.59426330372680969e+00
0,7.40875482740302260e+01,1.00219178732044814e+01,2.44098171347106596e-02,5.58328162629901712e+01
0,2.10076321959639429e+01,3.46123565732692384e+01,5.65115074186000044e-02,1.70239284382905538e+01
2,6.30044428493035085e+01,3.43135061181050816e+01,3.87634153487132274e-02,4.77201260634264059e+01
0,3.18761911068479549e+01,6.65163988494540206e+01,9.33874087554658087e-04,6.98881953991272127e+01
0,3.52829742642759712e+01,1.33668720335169624e+01,7.03236272342771113e-02,1.78156235924041582e+01
0,4.87607252177444082e+01,2.73620791237594148e+01,4.42821994513431082e-03,1.26458368116220242e+02
1,7.48174917196336082e+01,7.35435791721288012e+01,6.27964560476607092e-02,1.55543330179115777e+01
1,1.01439790145233886e+01,6.33738026947590569e+01,7.70055267590715950e-03,7.78310651782497143e+00
0,2.13601134081623911e+01,2.97014728327907385e+01,3.07408841449211337e-03,3.64970748041819562e+01
1,6.04148245061964246e+01,6.45755502149892067e+01,4.23759952209921339e-02,2.87377176863247605e+01
0,3.76126570597147065e+01,7.46277114139685693e+01,2.56205604009234651e-02,2.11628214961461687e+01
0,3.01467293927758391e+01,7.81304717708964063e+01,5.65616728754647080e-02,8.47430803266375499e+00
0,7.74026960689278951e+01,7.86515426053295243e+01,2.42640309382472358e-02,2.49447460272800683e+01
0,2.84819896326995767e+01,4.76939386114149002e+01,6.35551829005258622e-03,5.86600276599440562e+01
0,5.99916870507872133e+01,1.76723551820990501e+01,5.40831427294098874e-02,3.35906061425432512e+01
0,7.74957968364788456e+01,4.65535306915129823e+01,4.08591433478329713e-02,4.63354111860404743e+01
0,6.33936239372506307e+01,2.13249722694768558e+01,2.83197189534713720e-02,5.74964587640653377e+01
0,5.96589825144358272e+01,4.78854161841186965e+01,5.48880880607882510e-02,3.22125301706181091e+01
0,6.06244698937383077e+01,1.53876266109167936e+01,5.23832377609512734e-02,3.34191001099874612e+01
0,6.63658274781662101e+01,5.92638085870982323e+01,1.25837857445240797e-02,8.58912595615157102e+01
1,2.89849554243946059e+01,1.43162400651217396e+01,5.21245350085782627e-02,1.80534759740753046e+01
0,5.38680707624897295e+01,2.95936778953494510e+01,1.08646141369313307e-02,9.80842472440131274e+01
0,6.62020125830496937e+01,7.00087254792597378e+01,2.23385203591941646e-02,4.08972775439467426e+01
0,7.21760748907782670e+01,1.73265157601617226e+01,3.58741948774660840e-02,5.03007640962047660e+01
0,7.34083907245640717e+01,2.44856201972843941e+01,1.01114841132396733e-02,1.28260741489465886e+02
0,7.32727475511247235e+01,3.56160975322934803e+01,6.12370195513287628e-04,4.23000530395075089e+02
0,1.68343659625410922e+01,3.42475345557335089e+01,3.99101490919551855e-02,1.55841779999200849e+01
1,3.63484261164516980e+01,6.69111830484107486e+01,6.14104423258723595e-02,1.57213331331472776e+01
0,4.19474458443293372e+01,1.54514194703117766e+01,4.16650225022947643e-02,2.98749609898126565e+01
2,7.24179782776841421e+01,3.96055667687938993e+01,1.73844740172868217e-02,9.14489578565950723e+01
2,3.93477533565904380e+01,6.68142856916827270e+01,7.64557762632515209e-02,1.38416151740910500e+01
0,2.85438472351391361e+01,6.52041123300045911e+01,3.15577149610804866e-03,5.19553702143186200e+01
0,1.13901141211480823e+01,7.39989570166395083e+01,5.07775094093266058e-02,4.56544363217671734e+00
0,3.02127994433515816e+01,1.18344703840387382e+01,3.56931118930086042e-02,2.03214741827529686e+01
0,6.46506929313399468e+01,7.94546813939419678e+01,3.72334462149942896e-02,1.53113488503899902e+01
2,1.14119656641896121e+01,3.82768256407169929e+01,7.53040360506537082e-02,7.62817741976275165e+00
0,2.15495749563941388e+01,7.33415202138270388e+01,5.24932233943317464e-02,9.40854096979611398e+00
0,3.17677894592595074e+01,7.92782839275952256e+01,3.30478655725536530e-02,1.14598591113998491e+01
1,4.72407750319164421e+01,4.05553671258118698e+01,5.77668022387515662e-02,2.96193793646227945e+01
0,3.54130322736369578e+01,4.60322516035316269e+01,2.50365424197462709e-02,4.19491293220341035e+01
0,7.17847786212836070e+01,4.27810574319689252e+01,3.27682363314702740e-02,5.54670153963208179e+01
0,2.45234340196305070e+01,7.98821239428422842e+01,1.14096678227565019e-02,1.38906644575352907e+01
0,4.93144080293316520e+01,4.50117928746881333e+01,5.50044874740214587e-02,3.03848658680970622e+01
0,6.44472253596389635e+01,5.68754261069705578e+01,5.71574250094419173e-02,2.78938201023408858e+01
1,7.50725760365790507e+01,4.00308055227802555e+01,1.76031420383848392e-02,9.23533049946404105e+01
0,7.11436191338962942e+01,6.05403998361913196e+01,3.44709817430134203e-03,1.93389251011766760e+02
0,1.94864702618476358e+01,5.89448838680244975e+01,6.36609924488144158e-02,1.23579196478319453e+01
0,6.54260055751912546e+01,6.09241594444886445e+01,1.99286961106484133e-02,5.90298703291273483e+01
1,5.72742388648607843e+01,5.01511328651435093e+01,3.14158341435790758e-02,4.74837443001665420e+01
0,3.95122490170902552e+01,4.26637185171540594e+01,7.78962386419795594e-02,2.12049426140186661e+01
0,1.17896969273724181e+01,3.20869333902962524e+01,4.83889799404325395e-03,1.20153027097711629e+01
0,2.17587029670590439e+01,4.80201592934446992e+01,1.31357913639449818e-03,4.53884315862710537e+01
2,6.24622578362440422e+01,4.83217440773267128e+01,2.64393516940516736e-02,5.78158130100910412e+01
1,1.58803337443742265e+01,5.26602180806123457e+01,4.19815199661152244e-02,1.35934365457568962e+01
2,3.18854947491644864e+01,1.38452193819603977e+01,3.63500199436109020e-02,2.33959470550688735e+01
0,2.78648706793623120e+01,1.70633248521458754e+01,7.10012277863221247e-04,4.29415530478350504e+01
0,6.22270627829048451e+01,6.17477827202459437e+01,7.48743494151991873e-02,1.96061534764935033e+01
0,3.51341880423422310e+01,6.21064170344402839e+01,1.80712208448646286e-02,3.96581588417733002e+01
0,1.61031768692126320e+01,1.88723801531989146e+01,2.59635766100746596e-02,1.24068892742944588e+01
1,3.59309471271281637e+01,6.35545128757496727e+01,1.03012824719695226e-02,5.21060974129123053e+01
1,3.28780913703077289e+01,7.64969658021383907e+01,1.65405370190322039e-02,2.17662660218020250e+01
0,6.01914957123578134e+01,7.64221080370377308e+01,7.27351093300602353e-02,1.07608646016723366e+01
0,3.24085554139081609e+01,4.92970824071893432e+01,8.97914902126091259e-04,9.78754387253348170e+01
0,5.85530954364427885e+01,2.01581781782245670e+01,1.09623215591392684e-02,9.40720799396822400e+01
2,4.77016117403631270e+01,6.45967090873900815e+01,4.58965125357951448e-02,2.42326682228031949e+01
1,7.21412980107130011e+01,4.61477072047445560e+01,7.73853757063514419e-02,2.64955706087792890e+01
0,6.13355621060511425e+01,7.33429155363023710e+01,4.59118521696783091e-02,1.91292416952148017e+01
0,3.85543119775470586e+01,4.77184567458072166e+01,4.99728203241204486e-03,9.65083448093625407e+01
1,4.39436662738911039e+01,2.47867717612649656e+01,1.28435970147168371e-02,6.99364831076150466e+01
1,4.29970031905735723e+01,1.82421748771776606e+01,2.01635456877960716e-02,4.86436781716074123e+01
0,7.10191678262967514e+01,1.16738844425310599e+01,1.65870192289718082e-02,7.20778769865183051e+01
0,1.96625320198782134e+01,7.24848257183498674e+01,2.98961418611971494e-02,1.19686748011445498e+01
2,3.96961008699960018e+01,7.45462057821219162e+01,1.12662481541708197e-02,3.59678866522731866e+01
0,4.74438440236903247e+01,1.65958645414226780e+01,7.40103337402771705e-02,2.28627127075699583e+01
0,4.05355982567087239e+01,5.77265385552844918e+01,7.38575358458423009e-02,1.83302790194774801e+01
1,5.18619927599146280e+01,3.06608487568187300e+01,5.17732823200890181e-03,1.34630231995318951e+02
0,4.49190166793894434e+01,7.11666891411536824e+01,2.00338976301900999e-02,3.35232350191587258e+01
0,3.89587019863377151e+01,7.76310912872251606e+01,7.28246326091877283e-02,8.34321535688097349e+00
1,5.80769080831197115e+01,4.15400595698617394e+01,4.96425233164971974e-02,3.66186862450416228e+01
0,3.30525725995926933e+01,3.68861731929334979e+01,1.28465537210511373e-02,5.63811801467966092e+01
0,5.24830709568316465e+01,7.30433598657284335e+01,3.14327282354102885e-02,2.44389491881543464e+01
0,6.09990843133712062e+01,2.96719510623356157e+01,7.99393298650209333e-02,2.66565145529515206e+01
0,1.91452645055718023e+01,7.25120165222821669e+01,5.53985187392734904e-02,8.56518845404834472e+00
0,3.28516471053452364e+01,7.69125214491417779e+01,7.08751551963561210e-02,8.25377831172596643e+00
0,7.61293188919023720e+01,2.54969141669717416e+01,2.34242771225294001e-02,7.60281986288382541e+01
0,7.76214901293837158e+01,3.77605717143357609e+01,5.51791263675000809e-02,3.89596780409812382e+01
2,7.94672134194962325e+01,6.31686529866265403e+01,6.43399093909867992e-02,2.32677404669133949e+01
2,1.29768083721789651e+01,2.70212656462383407e+01,4.30772325353887126e-02,9.75258955342302869e+00
1,6.78556138238294295e+01,5.84107079168604102e+01,6.44782566128414541e-04,3.36237381414531569e+02
2,7.54693064895946861e+01,3.99539221555524975e+01,7.60287752745152923e-02,2.89596568448654388e+01
0,7.31361108038670693e+01,7.78123947545548162e+01,1.56478540888196002e-02,3.65019471844943553e+01
0,6.00458912436429983e+01,7.01451442420389242e+01,2.41587613587590511e-02,3.64861118502401425e+01
0,5.72933540021522703e+01,7.62132508646536166e+01,2.01450261760714698e-02,2.96940228928450729e+01
2,6.03724631541870522e+01,5.06967602910133763e+01,7.94287905001156147e-02,2.29616427831690437e+01
2,5.02420072702908129e+01,6.28286695979530165e+01,3.05806916505249674e-02,3.55351094184388856e+01
1,6.51894055890321482e+01,2.78698239272579187e+01,1.33244018890401519e-02,1.01341756289429128e+02
0,4.51350722660453769e+01,5.95357008326300416e+01,7.18626374704659787e-02,1.89184527023667464e+01
0,2.58156249923859846e+01,1.84137446965371296e+01,5.83102035603936392e-02,1.69760003043033514e+01
0,1.66044317484716828e+01,3.04711058255308416e+01,7.60993039369678437e-02,1.12646740806289340e+01
2,7.35779006311660737e+01,5.71806920841177373e+01,6.49087010203834996e-02,2.60802152826748603e+01
0,6.28415286982160453e+01,7.10514306560609441e+01,3.24829559493405584e-02,2.85264810011202705e+01
0,2.24069355032240161e+01,2.27400450868679798e+01,1.79849051115406507e-02,2.53082651498505626e+01
2,6.75720794126395674e+01,2.87878307682691137e+01,2.70737198602841386e-02,6.46665543120669355e+01
0,3.10242727046924216e+01,1.65815007904239451e+01,1.75471015655917738e-02,3.34760636077530123e+01
1,5.44958480476018536e+01,1.11345587032609821e+01,5.11572634535105430e-02,2.85893489657677620e+01
0,3.49307000424089011e+01,2.92522581780173176e+01,6.22729931191665694e-03,7.35441022998697349e+01
0,2.49914160431450085e+01,4.15651410667897565e+01,5.46053632450799742e-02,2.02166832330457318e+01
2,2.22926134647968084e+01,1.31661926925187309e+01,7.42500419027787434e-02,1.09804425750426731e+01
0,1.49665217521085321e+01,2.00999095701098973e+01,2.20103753073586823e-02,1.18605880333291296e+01
2,1.52106989476260992e+01,5.78654147475929435e+01,7.52961190547060261e-02,9.14116053834885811e+00
2,1.48363147512807494e+01,7.04156256022758669e+01,8.69329580003218305e-03,1.21479201047321066e+01
1,1.62943136646160127e+01,1.28649398418259295e+01,5.71150505780175718e-02,7.94785503771347468e+00
0,6.83820502300038129e+01,6.33353670535787074e+01,6.20942044002931667e-02,2.27500771889899234e+01
0,4.62465827861442094e+01,3.15168336663806414e+01,4.13564276832336687e-03,1.26947231687993309e+02
2,1.90008810359628555e+01,3.89605056104417855e+01,7.57578695991600881e-02,1.32643184164008634e+01
0,4.67496254217966865e+01,7.69931940212357944e+01,4.85926327807653588e-02,1.30587840697171291e+01
0,4.79840861087862081e+01,3.49015249259827556e+01,5.76669458974551491e-02,3.05937259756757598e+01
0,4.47614424460921754e+01,2.37865008151513919e+01,7.25246008662828456e-02,2.42494603793223078e+01
0,2.44540455231851190e+01,6.81850742459608057e+01,5.38916135533018884e-02,1.28003901558691613e+01
0,4.04078521057171258e+01,2.52436855276889851e+01,1.94694410031045623e-02,5.24946945192221293e+01
0,7.09599517498566286e+01,5.36410223619118156e+01,2.53101388288249594e-02,5.92658756413437899e+01
0,3.68614834449551978e+01,5.23776291000941612e+01,6.59419123628489368e-02,2.09077566317531129e+01
2,4.52789670038514345e+01,2.12109623143492598e+01,7.56881961736773495e-02,2.31687775142855763e+01
2,7.51169679352511110e+01,6.54890871536646699e+01,4.67299895756101286e-02,2.80265364467571985e+01
2,2.62960978561091423e+01,5.49863550356609352e+01,8.30870388788407764e-03,4.52542130979306876e+01
0,6.07855380764367013e+01,1.66550967044026983e+01,7.96699419623902588e-02,2.48463941763755223e+01
0,4.38688934152734831e+01,6.17791450080548401e+01,2.49492418556412875e-02,3.88439223730713934e+01
0,6.51157539309749041e+01,3.58472165342504212e+01,5.45346263857108479e-02,3.69335957456328572e+01
0,3.51771460378049312e+01,3.40502282159845606e+01,3.68972978040475949e-02,3.40861300310031439e+01
1,4.79651030411756381e+01,6.21468737864888823e+01,6.47859838478840322e-02,1.98128706628600781e+01
0,3.57800160556041860e+01,1.27117488830495802e+01,6.12155240111880218e-04,5.40627149129106215e+01
0,7.06304468317073173e+01,6.43702400668668702e+01,5.78135530478846513e-02,2.37161163072202683e+01
0,7.40372522761010998e+01,5.06650478334229959e+01,7.55394563831358334e-02,2.57155147070171886e+01
0,5.42274898697864316e+01,5.98128563612673503e+01,4.43961521316678931e-02,2.99236377440631607e+01
0,7.86714165523974458e+01,6.38379316717708960e+01,4.09026237872885320e-02,3.35194437300702432e+01
0,6.12438977335493959e+01,7.02427951941993172e+01,2.50321894503576572e-02,3.57291616947751720e+01
2,6.81296752377761550e+01,6.99130693901990696e+01,3.40971082017689289e-02,2.98249442192448981e+01
0,7.26304454903347505e+01,2.97948740823608134e+01,2.83538867840534003e-02,6.52319990703063439e+01
0,2.90334033236284164e+01,4.89267144963088469e+01,2.98851399689150574e-02,3.11712239991601336e+01
0,7.90674551221976287e+01,4.70052591399271122e+01,4.70512145689118352e-02,4.13457259516882658e+01
0,3.73289816339970386e+01,6.09381381018736334e+01,4.57095491251401573e-02,2.34811494727840930e+01
0,4.48048780671096196e+01,6.73270798577740379e+01,2.93427691896299414e-02,2.99233302585903331e+01
1,2.26226612164097816e+01,3.59422256286712951e+01,4.10623660345778990e-02,2.16940706372484584e+01
0,6.75035149502315051e+01,4.86755797673872692e+01,6.70583418416088872e-02,2.83713784839599406e+01
0,3.35828338683833323e+01,5.27178115043466846e+01,2.91744370005759188e-02,3.42227589787439825e+01
2,5.82541111839384129e+01,1.98307340454529921e+01,7.06530766377301972e-02,2.76609580808075997e+01
1,2.52848916407818720e+01,7.25894211005635555e+01,4.18576759473574585e-03,3.04689360948232917e+01
0,3.45954142388590640e+01,4.98201816762029637e+01,4.10558974121998099e-02,2.91039690925223269e+01
0,3.68971140398034692e+01,1.90371678036228573e+01,3.97548482036765016e-02,2.96721678198180641e+01
0,2.65636795754999007e+01,2.70492796944632765e+01,2.36809183537684022e-02,3.11871032270936865e+01
0,1.24544409448431992e+01,1.23230595945638690e+01,5.31259627670916321e-02,5.12399302290138703e+00
0,6.39146241268058830e+01,3.07368398156226945e+01,2.32366562451236727e-02,6.99866865862523042e+01
1,7.65248264139675456e+01,2.06294711890799327e+01,3.37171105524023268e-02,5.64901516213828074e+01
0,2.58373500289392553e+01,6.70514098492355686e+01,7.66553417220153660e-02,1.09374318467267226e+01
0,2.13855955479495421e+01,6.31391211215015744e+01,4.48244785314165506e-02,1.48823066038034835e+01
0,3.43322922748904418e+01,2.89335870919340756e+01,1.42239683305496363e-02,5.34496901646825648e+01
0,1.57936201140798822e+01,4.90209250300996828e+01,2.80761645290276175e-02,1.62165768494782192e+01
0,5.54813013034267684e+01,2.85208455158225576e+01,7.45412045251840454e-03,1.21289537561070418e+02
0,3.57986763439727014e+01,1.14262977282726261e+01,4.78665283456994328e-02,2.09698159714989814e+01
2,4.93734987986769625e+01,3.66118808247468195e+01,4.56443430915609138e-03,1.38562052181865369e+02
0,7.34094990455475909e+01,5.69638647159983833e+01,5.62560359580285690e-02,2.95832209993564170e+01
2,7.03105530225764426e+01,5.10930302938438032e+01,6.23057106363459415e-02,2.96206937034211677e+01
0,7.45173801332884835e+01,4.92910874806230979e+01,1.94323067755072104e-02,7.89668341646622309e+01
2,7.54540401739973561e+01,3.98110946324505761e+01,5.19996192469183646e-02,3.99555754807126249e+01
1,5.12873552060548761e+01,6.49317016487321723e+01,7.12389415306751428e-02,1.74117040507473106e+01
0,4.51610200104065456e+01,7.68956557380656562e+01,2.38789030540140501e-02,2.17971676200834708e+01
0,1.26330615945948779e+01,1.55532154635410400e+01,6.51276466131316123e-02,5.98096843248075416e+00
0,1.71708917966054813e+01,1.80083759400700103e+01,4.76162113172293108e-02,1.12749550617591989e+01
0,4.66746376412217572e+01,5.96956553883330230e+01,6.17314647780068879e-02,2.16008118348457216e+01
1,6.99205813227812740e+01,6.42691826868138492e+01,9.22309868077634924e-03,9.70197658977895117e+01
0,4.02844192498212337e+01,4.45297267717126459e+01,1.30017592389830659e-02,6.85400641116188325e+01
2,1.02610553600471519e+01,1.93463457974977864e+01,3.88924737361826109e-03,6.39647158002259975e+00
0,2.48612174336618921e+01,3.33898187322918432e+01,6.80043669548548724e-02,1.77104359919696428e+01
0,6.31979292753838209e+01,4.28636165381486336e+01,6.02929718002588044e-02,3.21722266202660521e+01
0,2.10892591970844592e+01,5.58788808139789666e+01,7.76921520099265600e-02,1.23475459579024989e+01
2,2.39703434608781620e+01,3.54166536588215095e+01,2.03113546034764253e-02,3.16408940959644802e+01
1,2.99875244942413843e+01,4.55644124861056383e+01,4.35580313830373628e-02,2.62681125066122476e+01
2,5.26498363593027960e+01,6.17694386484431064e+01,4.85698636606181899e-02,2.62349303293519966e+01
0,6.85483888339520320e+01,5.82166234394068880e+01,4.50572149444807210e-02,3.38254223153982778e+01
2,2.53226386199543043e+01,2.81733531632935552e+01,6.92028249093119968e-02,1.73568871563053513e+01
0,5.19627511647020341e+01,2.44178833623421454e+01,5.91584490864193874e-02,3.08169917956238031e+01
0,4.70958429202679056e+01,5.01913557472647796e+01,2.90037859250126930e-03,1.48371838691739640e+02
2,4.11404944533303762e+01,6.97717802510833707e+01,3.82680973714108127e-02,2.14748075296641971e+01
0,5.06294366559045770e+01,7.76948149171192028e+01,5.27653722932133265e-02,1.20455237837447626e+01
0,6.69882966500737780e+01,1.84037345328007618e+01,2.56885321775928779e-02,6.14812787380494896e+01
0,2.52241639674922347e+01,6.14393667928680713e+01,5.80476403130142440e-02,1.52234680223796257e+01
0,4.48063905615598372e+01,2.82917698709017600e+01,6.54246262671765166e-02,2.67539051067351927e+01
0,1.68544392802289842e+01,2.84602528026385109e+01,6.86345699075213960e-03,2.14648022291278622e+01
1,4.59266288548093087e+01,4.71870279523027989e+01,3.17244906622847697e-02,4.29589093738109682e+01
0,6.53705500124187608e+01,7.52852177635803628e+01,5.53904523323559619e-02,1.50093526259512728e+01
1,7.98991223456192898e+01,3.04047706236627668e+01,4.33440673183352679e-02,4.92161394404498793e+01
2,4.32985137860048752e+01,1.86211894789670040e+01,6.27970300333957482e-02,2.49642060172030327e+01
0,3.07622380489829652e+01,3.24458164949465697e+01,2.16543997438325593e-02,4.02643799686538131e+01
0,5.05652507342035733e+01,3.16862309382903682e+01,1.14036003983791550e-03,1.96102349075598767e+02
0,3.60226438367453881e+01,7.23633228811011975e+01,6.17483195554542966e-02,1.24990877225977641e+01
0,1.81901672383691988e+01,5.65675902788741709e+01,3.18686830105273447e-02,1.69716414407058949e+01
0,4.67149000421346727e+01,6.06968587432590425e+01,7.55913842212915382e-02,1.79329763826840001e+01
0,6.59394983704114850e+01,4.03913065829107225e+01,1.14746689997184963e-03,3.22052548205099811e+02
0,7.23789101161187887e+01,4.89302158934430409e+01,3.38477637296790840e-02,5.09476175005399128e+01
1,7.84677831390289526e+01,6.22141100384216088e+01,3.80075512478022237e-02,3.72532575818680414e+01
0,3.57407236000994146e+01,1.27420826440836201e+01,3.22490098134264325e-02,2.68808790817751699e+01
0,2.76165624307067006e+01,6.90143483419886792e+01,1.71191163553723047e-02,2.60450223335153517e+01
0,1.77574541482416492e+01,6.04865794240987498e+01,2.71084140307364593e-02,1.63423576335080760e+01
0,4.05362342109586464e+01,1.30317557432200477e+01,8.05651506771488078e-03,5.28716088932758268e+01
0,6.64919012172938153e+01,5.87819178190174370e+01,2.87658096934684526e-02,4.72534124185955164e+01
0,2.64251351337162390e+01,3.52774015666058389e+01,2.70119940267165952e-02,3.12502265357611293e+01
0,6.94696548646385850e+01,1.52323005994035654e+01,5.57144445717147191e-02,3.44198515579050124e+01
0,5.98215912473074454e+01,5.95007406796131306e+01,9.72876257384718349e-03,9.42086855037571809e+01
0,2.40659974368230465e+01,5.86240374278605572e+01,7.30156091691890330e-02,1.34623338459680930e+01
0,5.42226077397506927e+01,5.36087166312484129e+01,1.62946286549524900e-02,6.98208084020717905e+01
0,6.73784527955455701e+01,3.18918775021186640e+01,3.01554102358641794e-02,5.98822913967155301e+01
1,7.53009256284681499e+01,1.88655044641272944e+01,7.14481634289556994e-02,3.06982620414515281e+01
0,2.13550334587611346e+01,2.42802700886388081e+01,7.78888764685742724e-02,1.34082047306095848e+01
0,6.75410635559078116e+01,3.84018480204718315e+01,7.76966260641222262e-02,2.76191842359727104e+01
0,6.43094361482207546e+01,2.99037573007622157e+01,5.90862462321748994e-02,3.48533252280879395e+01
2,2.70605148449110970e+01,3.70928112057777781e+01,6.15934080862570871e-02,2.01918976967947970e+01
0,3.06206987467700209e+01,3.19491386515887257e+01,3.07470316117189404e-02,3.34108755786543412e+01
2,7.69958822576576551e+01,7.47199111850937641e+01,6.04375860508731613e-02,1.51897547443260557e+01
2,3.53411240572249241e+01,4.48316780495737817e+01,8.80456118089170160e-03,7.11377844743095835e+01
0,3.02283273675310298e+01,7.11656740328470789e+01,4.97537380304131638e-02,1.39236472747531295e+01
0,6.04007783443301847e+01,1.74393650298685685e+01,1.69097757758914467e-02,7.24317255637242852e+01
0,1.93034207321966989e+01,6.56271890262218562e+01,3.29168434409557176e-02,1.46073392018135380e+01
0,4.38218521635326326e+01,6.46370968841688409e+01,9.10891969442155329e-03,6.59373184938297499e+01
0,3.50693188366330233e+01,5.51368649829372259e+01,2.12585556809226969e-03,9.64727122345471741e+01
0,4.80790440073648639e+01,4.07726250809917303e+01,1.24403026792213375e-02,8.39001659788766716e+01
0,5.22275100695353984e+01,7.31736940378294776e+01,3.52794556286275401e-02,2.21772385163820047e+01
1,5.48075217730334288e+01,5.92727384247320543e+01,6.10387941609636109e-02,2.35683762198304123e+01
0,4.02679340732162245e+01,4.21789251073174540e+01,1.89555434257793823e-02,5.62446796532816364e+01
0,7.20852686127809505e+01,7.26735904007914257e+01,9.33780318867941453e-03,7.16292452607482488e+01
0,6.84973264654771299e+01,7.96499869247135308e+01,5.63989609556352339e-03,5.99452159342368276e+01
2,7.53350449774425357e+01,5.67738286171769744e+01,3.62917046590828379e-02,4.31902857386533157e+01
1,4.12133949136273898e+01,3.36335768656941454e+01,3.21140185774632936e-02,4.19535570788669787e+01
0,6.11060140132011682e+01,1.90106053395169425e+01,4.02436187803760434e-02,4.27995564629398686e+01
2,4.01487050750391035e+01,3.21494740593279005e+01,4.44916596408681531e-02,3.31388950262698430e+01
0,2.95147928171454410e+01,7.55817649986437345e+01,2.26064754728274413e-02,1.76442276822635513e+01
0,5.56320512982077844e+01,4.97497150646515109e+01,2.03031553457631922e-02,6.43365649141090188e+01
0,7.62191010257441519e+01,3.27169149019837562e+01,7.80873338905778425e-02,2.94959389038938440e+01
0,6.63015516633637674e+01,6.82476214422089527e+01,2.77064187294265643e-03,1.60408034410599129e+02
2,2.99641242060412196e+01,3.93755558079553438e+01,5.10669697170069367e-02,2.44734518545234252e+01
1,2.59674029453076045e+01,5.87729213473672445e+01,1.54581478009953085e-02,3.36031115186127209e+01
2,6.40151822831786887e+01,7.95239477371778065e+01,5.80274448336205312e-02,1.04843833172622052e+01
0,5.93589935605752999e+01,5.65575370477798671e+01,3.30566125693341831e-02,4.20474625292327602e+01
0,7.04521222378360221e+01,6.10751414909005277e+01,6.27592566640512023e-02,2.41979846197272757e+01
0,2.02453127671226021e+01,2.98593746543770955e+01,7.74192229224796302e-02,1.35239952070657008e+01
0,7.03175465307039360e+01,6.95677920188992118e+01,3.01486520738854930e-02,3.38423311726581630e+01
0,4.02837816861124338e+01,3.58963275509780715e+01,3.29122587434209565e-02,4.06406140260621598e+01
0,2.91341834874788006e+01,5.94200475505367436e+01,7.07782401121339610e-02,1.53201184932262269e+01
0,3.40271263744840127e+01,1.42795008177546983e+01,6.05696471734696110e-02,1.93886599907864436e+01
0,7.95452732808920757e+01,3.99399317182265037e+01,7.73497723117776703e-02,2.90405969636301826e+01
0,7.69222487513763440e+01,6.06798821039537373e+01,3.45726737086274258e-02,4.15710551600732785e+01
0,1.58622224836084662e+01,2.62034029862940727e+01,6.90277598190928432e-02,1.06679440486649071e+01
0,3.20631927401962571e+01,4.79729445742757008e+01,7.81768410140137177e-02,1.80190327112737521e+01
2,6.03705317259527732e+01,5.08740359293251529e+01,4.65831509906470126e-02,3.55384502881103543e+01
0,1.24727592125802289e+01,5.72937463176398154e+01,9.38426233223928034e-03,1.27099392269911657e+01
0,1.25146558106014059e+01,4.95105283637176115e+01,2.10998337202900101e-02,1.23220370865518465e+01
0,1.31423205395282672e+01,4.12697393235255561e+01,3.95717594933317762e-02,1.15542205233647959e+01
2,7.07911383280495841e+01,3.25796438103682604e+01,3.59529727382528544e-02,5.37675850124604082e+01
0,3.33612707762689524e+01,4.80220504519656401e+01,3.99843769176779426e-02,2.94172807288011775e+01
0,3.23117882940058294e+01,1.73021329549567469e+01,5.41602499942344107e-02,2.13165306499535987e+01
0,6.55340674735105466e+01,2.89955805381442779e+01,2.18762918751803960e-02,7.38284996411585155e+01
2,3.22996404033621545e+01,7.23916674954878374e+01,3.93318509625033494e-02,1.61246591735475278e+01
1,6.16901598916656582e+01,1.82399086916465301e+01,6.96448259225084226e-04,2.07197953101300101e+02
0,3.58538509882254033e+01,4.40776583940303581e+01,5.83021384115349622e-02,2.46422497685493411e+01
0,3.08263519365415668e+01,7.21821083500850023e+01,4.68140885548131297e-02,1.40349473680831878e+01
0,3.71058560006736187e+01,6.63956434625834362e+01,1.58948300119257438e-02,3.96971401396825527e+01
0,2.17626069824765409e+01,2.79375256015667688e+01,6.60674687229854118e-02,1.55476633149846535e+01
0,1.52507802415166100e+01,4.01757803182743203e+01,4.37348952519744302e-02,1.35866243857017448e+01
0,7.09841012552624022e+01,3.18155686031354854e+01,4.95678566544747248e-02,4.18774669133723521e+01
0,7.07868225835186138e+01,2.68085736672092239e+01,2.11151181812163809e-02,7.87793905910186254e+01
0,4.22574940004450568e+01,3.24574921783867794e+01,5.03343486888314234e-02,3.14672692480848930e+01
2,5.81863358007144029e+01,7.26776041746878718e+01,9.93037698940923974e-03,5.92381538138942290e+01
1,7.03854731383661090e+01,6.88531586966269913e+01,2.96409259706782550e-02,3.53032603800272540e+01
2,3.73506363128340197e+01,4.89065136887261716e+01,2.01567611972484871e-02,4.86496484171610462e+01
0,5.98267229898031587e+01,4.95149518051622621e+01,7.69337685360106244e-02,2.39039138139053904e+01
0,6.28353994075593434e+01,4.19018125554465755e+01,7.04357484027599429e-02,2.84581201795016590e+01
0,1.54652227021410766e+01,5.88896246545002882e+01,5.46624311800261095e-02,1.06804428264142821e+01
2,1.96713450979107414e+01,6.61626328484108797e+01,1.45592313787112990e-02,1.99538797589643302e+01
0,6.25230987739947039e+01,4.10942210111785187e+01,1.24668274801102985e-02,1.03390880901123751e+02
0,5.93954256166699182e+01,6.41441083841728528e+01,2.47132312095765180e-02,4.39083796421208348e+01
0,2.29687237386134271e+01,7.67637575939537413e+01,1.67097380013336225e-02,1.42941820213147217e+01
0,6.78712346068973034e+01,5.72112991475525376e+01,1.76750613215278310e-02,7.12511312516261341e+01
1,6.60630819687677047e+01,6.29836091396758064e+01,4.21477244231320755e-02,3.13482375164861615e+01
0,3.32920470037610556e+01,1.62377672754770330e+01,4.84139254844417749e-02,2.27547600942811385e+01
0,3.38197399363212980e+01,2.75864741138352514e+01,4.43563424643368953e-02,2.86986479643734178e+01
0,1.77400395333978373e+01,3.26730750673763097e+01,6.56841503915285008e-02,1.31816866741466203e+01
0,4.11838209181731543e+01,3.64015986108717300e+01,3.01754930192210495e-02,4.36690321896480143e+01
2,1.76832882055039278e+01,6.29756311059518552e+01,3.48779929596057438e-03,2.34696892032898496e+01
1,4.80384999345246442e+01,2.21496417542178854e+01,1.72628190733214379e-02,6.33055596490360841e+01
0,5.37208321809753997e+01,2.71214945729831669e+01,2.15617069670301226e-02,6.43195221234540497e+01
1,5.07358799896084278e+01,4.33262643151105493e+01,5.41865436584064528e-03,1.33694753768421151e+02
0,1.50153980696150011e+01,6.83153700496005598e+01,4.30880373725361920e-03,1.44858436487716578e+01
0,5.35169312898873528e+01,4.19040139584827500e+01,4.79729448119894843e-03,1.50306350775271738e+02
0,6.26550451808708431e+01,6.47819547534584217e+01,8.84802659016649742e-03,9.08272578834058066e+01
0,1.99297245462399388e+01,3.34339217920193335e+01,4.02194901608646932e-02,1.89122141637324788e+01
0,5.16553757106505174e+01,3.82497812148359060e+01,3.48928661547511648e-02,4.57309612623487496e+01
0,6.73338832667091225e+01,4.35789886390162025e+01,6.93536939896851473e-02,2.91667522657409002e+01
0,2.35533608965792176e+01,2.15829019163356470e+01,5.92607099530991152e-02,1.63690038296671538e+01
0,7.39390444557596709e+01,3.34956066937284760e+01,2.84503659270511841e-02,6.56294147231909619e+01
0,7.80339856989809846e+01,3.34347686856127879e+01,8.63073173940421233e-03,1.55727876115051458e+02
0,5.98151189321260190e+01,5.04665923813138022e+01,4.57250461554089063e-02,3.61257980385096573e+01
0,7.10425037617264081e+01,1.95927015771122477e+01,7.69601762687035229e-02,2.83270907264601455e+01
0,2.90247899475245639e+01,6.34864638846798286e+01,2.93673903655301341e-02,2.45671783720116963e+01
0,5.65477870925460877e+01,6.26933426972777355e+01,7.71488829339235654e-02,1.80243762225343964e+01
0,7.48300978120537224e+01,5.78122732572376847e+01,3.63472142907751011e-02,4.21190331438839465e+01
1,1.31310314522099389e+01,3.14329135038729284e+01,2.05322983145808831e-02,1.25895096665114927e+01
0,6.74577175425697817e+01,6.99236235030595026e+01,4.99629567568533328e-02,2.16823777481818958e+01
0,2.65846216941020366e+01,3.38667118967840537e+01,6.73002786896884503e-02,1.88112946419744631e+01
0,6.60779178350778693e+01,3.34403715956779592e+01,8.12690664069383450e-03,1.41132284165381179e+02
0,5.49693678172192435e+01,2.21076553307572397e+01,7.30615099432336129e-02,2.66504717672077760e+01
2,6.61081222780083948e+01,1.31461218884698123e+01,3.15269695417099427e-02,4.79784426792990715e+01
0,3.80696486200823827e+01,5.54271462916799535e+01,3.15485677854274379e-02,3.42946400920349106e+01
0,4.15151233258795003e+01,4.29956529272828192e+01,5.56288372638668108e-02,2.79848947197500522e+01
2,7.47008127621203926e+01,2.61100703053710284e+01,6.57841025196578277e-02,3.39597827373543524e+01
2,1.49863590428775648e+01,3.60799535098170949e+01,8.89262481829711758e-03,1.88960697561332154e+01
0,2.09340508761811392e+01,4.10598704055200017e+01,3.44756240475855846e-02,2.18185493414396667e+01
0,7.80982687357867462e+01,2.80705489958572798e+01,5.88482663199538236e-02,3.80093075266161620e+01
0,7.39275914674261543e+01,2.76095226574066110e+01,3.61986027421306589e-02,5.45491153897201571e+01
1,2.02807637990597094e+01,1.56590671991563894e+01,7.80363267061159882e-02,1.05663343198089894e+01
0,7.81421451908323803e+01,2.34150655354382451e+01,5.16326568318720910e-02,4.18180046248785473e+01
0,2.85818802063144410e+01,1.06108553297763955e+01,1.15441131622667035e-02,2.40621052801126645e+01
0,7.24474806388511468e+01,3.58712732782073616e+01,8.58212017149552822e-03,1.47857805004400177e+02
1,7.33342659306180877e+01,2.16415843385348197e+01,3.43329198688387127e-02,5.48998265654316029e+01
0,1.16622055551268993e+01,4.51858528281214689e+01,4.54903048841499638e-02,9.32017393498041358e+00
0,1.06798144477701094e+01,7.59678581043439607e+01,3.57991693525239463e-02,4.08356636104319204e+00
0,3.28896402911980061e+01,4.34308515944194156e+01,6.76365195856582779e-02,2.11295087438960145e+01
0,7.51824934148865793e+01,3.82447755938848317e+01,4.89793850823643309e-02,4.23316821732722701e+01
1,6.53940581844829438e+01,7.36098343019335317e+01,7.44925611352584560e-02,1.28130341523604656e+01
1,3.70795684922090345e+01,4.94976637709976401e+01,7.39154729459318427e-02,1.99947931558445227e+01
0,7.00607569674844513e+01,4.89017343786239351e+01,4.28547154472326830e-02,4.15839613745754306e+01
0,3.15293281204405282e+01,2.81792472614917067e+01,3.14422786793559159e-02,3.30701419868629998e+01
0,3.43192181822876137e+01,7.06367918943552411e+01,1.44585223885353026e-02,3.32049312246600579e+01
1,2.33334825287124872e+01,7.97196281404569476e+01,5.61959275253184135e-02,6.23597291189182101e+00
0,7.71685773098835313e+01,1.54812770247317459e+01,5.03105372578195875e-02,3.94981299602209930e+01
0,6.62541443242454591e+01,3.36423776718019241e+01,4.23582773462682985e-02,4.57672950524887838e+01
0,4.23697363787528900e+01,6.95730993877393189e+01,7.31402957822462341e-02,1.33811734832358642e+01
0,2.84993599411865119e+01,2.21463394820766410e+01,3.22026977670953132e-02,2.72562978737709969e+01
2,7.76185720370092156e+01,6.13180396707691528e+01,4.00877626578070578e-02,3.63332513829685269e+01
0,3.77773975891916081e+01,6.07872853486682345e+01,4.13394249577707373e-02,2.54943088867561833e+01
0,2.47493895126793575e+01,5.47690119836873919e+01,2.53191553787231530e-02,2.72496791955715558e+01
0,3.97259466968588555e+01,3.34531723981442894e+01,3.54236468684288597e-02,3.83224537791500950e+01
0,6.03385197175782722e+01,5.58278265628102801e+01,3.52510141652448913e-02,4.08721107163721342e+01
0,6.39479359288149709e+01,5.37302521500170869e+01,4.41943453976172615e-02,3.63727035609505265e+01
1,1.76289886495545929e+01,6.07897222425527843e+01,3.55051197691286582e-02,1.44348416912284527e+01
0,7.62151537287633403e+01,3.80484554171248277e+01,2.74266089832885113e-02,6.75404264344596186e+01
0,5.72199526831544105e+01,5.43258028421791437e+01,1.57992881119907204e-02,7.31119442351566562e+01
0,1.43747033445897792e+01,1.12390174736451183e+01,6.85708972393582056e-02,5.67754096270744668e+00
1,6.86205506361311990e+01,1.47432003319107903e+01,4.12702645396888987e-02,4.23062856360083472e+01
2,7.80332615825957987e+01,2.36836523471437808e+01,6.86375052120940382e-02,3.31523001095786114e+01
0,6.86423349589327074e+01,1.49954393425221681e+01,7.59373812430790551e-02,2.67779830882248078e+01
0,1.06849415506121161e+01,4.34905083781676112e+01,2.34875187417503302e-02,9.49126752611316959e+00
0,4.31162235725338405e+01,5.96859792196083134e+01,4.79930596160258668e-02,2.52613394635396808e+01
0,5.12421641771593883e+01,1.07789407934642369e+01,7.57893438975301009e-02,2.06990554010234789e+01
1,7.21599085591839753e+01,4.96392293215060931e+01,1.63006870709709803e-02,8.79566407764821747e+01
0,4.51932339790373376e+01,6.58687616066735302e+01,2.10704718623434158e-02,3.96419394727768122e+01
2,1.54126670767680363e+01,4.41581231863387558e+01,4.53267893864029575e-02,1.35134728806485569e+01
0,7.53467853525225166e+01,5.97762102111430522e+01,7.64821511460837648e-03,1.29247568556910124e+02
0,7.66215058471454853e+01,6.98980288093688955e+01,7.62415232475666983e-03,9.67917851630209043e+01
0,4.40313550509783482e+01,3.90794395254439806e+01,9.30662010471885494e-03,8.98762617291503858e+01
0,1.37409915538330836e+01,1.48417890781171309e+01,7.53224814172465118e-02,6.30350186122839062e+00
2,6.87223475415271707e+01,2.50372017088111001e+01,7.38263485100852518e-02,2.97425784482065332e+01
0,6.19170873508714195e+01,1.19159243595869366e+01,7.73787031171860457e-02,2.35929719620898695e+01
2,7.79863855860644577e+01,2.87166792303109872e+01,3.28807916302073164e-02,6.04393519685017822e+01
0,1.05119586176179567e+01,6.88176479641486765e+01,1.10830259107634003e-02,6.80991230074459519e+00
0,4.04846114664067755e+01,5.41825496426179285e+01,5.35334765555179615e-02,2.49993352592110618e+01
1,2.98661679042659216e+01,6.42780611589577831e+01,2.99456551993382211e-02,2.43490401146516149e+01
0,1.75393566978331847e+01,6.57447132250461834e+01,3.60223758255405965e-02,1.25474708060357276e+01
0,6.14594221871167576e+01,5.63511232100750661e+01,1.05498912064838721e-02,9.69777660382191442e+01
0,3.38850441463944918e+01,3.11289283017526479e+01,1.02917046953818845e-02,6.12426854093613642e+01
0,1.27278397384810571e+01,3.85427161979598552e+01,1.29026440225054016e-02,1.37854499887054818e+01
2,1.93538764008483462e+01,3.20918998455602349e+01,7.04325155409824405e-02,1.38369496581014015e+01
0,6.64200208059390036e+01,2.35972831319339775e+01,5.90124752690742299e-02,3.48932703866484744e+01
0,5.24109712592566055e+01,5.94710752243286507e+01,5.43249997922335137e-02,2.53046553148110753e+01
0,2.50535437621530335e+01,1.88053599109105498e+01,3.61813883407044110e-02,2.07704679448392042e+01
0,5.87229559601241391e+01,6.11893259858074003e+01,6.16059390652717587e-02,2.29610253784670917e+01
0,1.91283355598939409e+01,5.44875671970561086e+01,2.74711301970756855e-02,1.97537644177074974e+01
0,5.71231430251385177e+01,7.18942692095529594e+01,9.97300913990174266e-03,6.04778480716441891e+01
1,5.58528178795886134e+01,3.71209853992967780e+01,3.20467587073911750e-02,5.10952155879027785e+01
0,1.03868012072817013e+01,6.95511580366450488e+01,5.59793031897582588e-02,4.78931076810243539e+00
2,4.58060831624146161e+01,6.61740609582679156e+01,5.49333071747466345e-02,1.96771243815229759e+01
0,6.08420802352869288e+01,4.46004602491433886e+01,7.88091727226092470e-02,2.49687120146997898e+01
0,6.30973617736202002e+01,5.77826930550484903e+01,4.95510810750167258e-02,3.05559673356260468e+01
2,5.93995837458947733e+01,3.60794916446648273e+01,6.51071517619721245e-03,1.45111931032796917e+02
0,7.19531929709642668e+01,1.19087175698675161e+01,3.45266355532663771e-02,4.63579964608919681e+01
0,6.29345488330619744e+01,5.09670698507090165e+01,6.82634951248227567e-02,2.63886903597084732e+01
2,7.45392930019235536e+01,3.12059125849909478e+01,6.98660141209399010e-02,3.22717185747087996e+01
0,3.90364902507479741e+01,6.37794636635781131e+01,7.46663345177493165e-02,1.54385101454717510e+01
0,1.23912690665608256e+01,1.06002353804669340e+01,1.07213216953342544e-02,5.19392791264097653e+00
0,2.26702390505051561e+01,1.79783045662940779e+01,5.48160578823219877e-02,1.50840047684215239e+01
0,3.01447596970241136e+01,2.90393522084368136e+01,4.72009112940679626e-02,2.53973250277938156e+01
0,1.29254129662327326e+01,3.96079660941045404e+01,2.20437172749619568e-02,1.30285149743654713e+01
2,1.75711679299233943e+01,6.18168410959081172e+01,1.34717890314292616e-02,1.94091682849225791e+01
2,4.63145384793033159e+01,7.36590104209867889e+01,1.17317782555048395e-02,4.24640749397435115e+01
2,2.76742568192322196e+01,4.17405940913058302e+01,4.06170233291650168e-02,2.62350337519459735e+01
1,2.99874594427060828e+01,6.76041288372765905e+01,6.44402512626421620e-02,1.32990461374079452e+01
2,6.19028668640048920e+01,5.59448638248686123e+01,7.09599881507272517e-02,2.33421763932079038e+01
1,6.98275744019517788e+01,1.91635155972722515e+01,7.15340852890576501e-02,2.97282159384567812e+01
0,7.03427865763822524e+01,1.98140312091143294e+01,7.21048453783169063e-02,2.97968489678678914e+01
0,3.59435118181788908e+01,2.96520746204284222e+01,1.81250062460918578e-02,5.06271507517099550e+01
2,5.96741051314980524e+01,7.26962085237517925e+01,6.37127715041028997e-02,1.49003376834905374e+01
1,6.96613243039000736e+01,1.03647251591394056e+01,7.98443767778540814e-02,2.35962859458838210e+01
1,2.05670278042802686e+01,1.01706892857504467e+01,2.78400333056162200e-02,1.14182879282615755e+01
0,2.40387567230487100e+01,6.97772396175295881e+01,3.86821193077157705e-02,1.44967986524412407e+01
0,5.53572205166546567e+01,6.31124068384264660e+01,1.95809047578092005e-02,5.14401800971166523e+01
0,2.85885251944294367e+01,6.94092429556316688e+01,3.23541727462826126e-02,1.89272664707669556e+01
0,2.34874007663553286e+01,5.91721142318216664e+01,5.03211477723764025e-02,1.65487457008749992e+01
0,3.57264159125801157e+01,6.64542814925256522e+01,6.98866669921827111e-03,5.60814650437346813e+01
0,1.11188273020562551e+01,1.67228045408935628e+01,7.19913387367045465e-02,5.03900576751806284e+00
0,4.06823493522547039e+01,5.04673132588026760e+01,3.97120503403938438e-02,3.28306189113212810e+01
2,1.33088959547236509e+01,3.49009959022160174e+01,1.09340382290031186e-03,1.65005085426582170e+01
0,2.71297173879648241e+01,4.74666152783755990e+01,1.76442270497501504e-02,3.84277683533833780e+01
2,2.52279540602936834e+01,3.19665967161087750e+01,7.30789841891841402e-02,1.70681913758087198e+01
0,3.30611663714919501e+01,2.51776887388976434e+01,6.70243907951182244e-02,2.12895947457978316e+01
0,1.87772969537915557e+01,2.28250272937562428e+01,7.51246728292861432e-02,1.17475971418987744e+01
2,4.29837491497119686e+01,1.78005705852149632e+01,4.07607144870378163e-02,3.24869701680446497e+01
0,5.81499650327269890e+01,3.65422954608632296e+01,5.70116559014880453e-02,3.37805832604129819e+01
0,3.37250246452934448e+01,6.81098093947548904e+01,1.66463534380656940e-02,3.34575458887619561e+01
0,7.49035253150024687e+01,5.02952360335512196e+01,2.79323449006344572e-02,5.91552629291798411e+01
2,7.01836815221852532e+01,3.08581838144458445e+01,4.89260194833746609e-02,4.21421406874968838e+01
0,3.14210594803055763e+01,7.34850324189548019e+01,7.33589546877949639e-02,9.65352930530774422e+00
2,1.27230282465500153e+01,3.56363451874580690e+01,2.53207740055759432e-02,1.20414003406630279e+01
0,6.37734190538456573e+01,4.12764697807620706e+01,7.10486236191038706e-03,1.47452376032981363e+02
0,2.68008619033562887e+01,6.49906379178842428e+01,2.24953711233200244e-02,2.52805013823025284e+01
1,3.32512728405126126e+01,3.88764057358632229e+01,7.27396405930834464e-03,7.08302523023428989e+01
0,5.05534658442784561e+01,2.78412393646068743e+01,5.54113831346466773e-02,3.23424561219985662e+01
0,7.99215773821014039e+01,3.81476265098941383e+01,4.88934590618686840e-03,2.23456384246114084e+02
0,3.09774296628394303e+01,4.84070770776957815e+01,4.35655784619476752e-02,2.62676968081565860e+01
2,4.27966102046796237e+01,7.39751004601975808e+01,3.76788314153562037e-02,1.82396663781249728e+01
1,5.39215618004158586e+01,6.29548933720702877e+01,6.21590503293933255e-02,2.10465527669124839e+01
0,5.78360665409815624e+01,7.27352173666301383e+01,2.35106356856893128e-02,3.24616743877288343e+01
1,2.48516328414860297e+01,4.56962643186101261e+01,3.43748613127523306e-02,2.56391471811293989e+01
0,5.16725223251580559e+01,4.31514371935852239e+01,5.31146576881347740e-02,3.24534588703136535e+01
0,4.80874510034547527e+01,3.85826356475944010e+01,6.60270901751865563e-02,2.72507425616035768e+01
2,5.61005903965326240e+01,2.17689130570052072e+01,1.95342989436518462e-02,6.71839455351301496e+01
0,1.80497882523274313e+01,6.75076989408875079e+01,7.69809358337291416e-02,8.26051384466997440e+00
0,1.88406161155813905e+01,1.67920647638644382e+01,3.75985279228679900e-02,1.32542248040394597e+01
0,7.82869243291170136e+01,3.02847922737648787e+01,5.91366175476956552e-02,3.78665140697249640e+01
0,6.74911095181761596e+01,2.56128680161122091e+01,3.98696234846809480e-02,4.80479236297107235e+01
0,6.79290120566849822e+01,4.95181966043194279e+01,2.54473235054921629e-02,6.12708389826625250e+01
1,7.53873085670634993e+01,5.22578113620458851e+01,4.52165159108751241e-02,3.90562862242679643e+01
2,7.72453432012539878e+01,2.88881129628329631e+01,5.00929093275006565e-02,4.31702614745821833e+01
1,3.75441272469952665e+01,2.25168716222145946e+01,7.71841296212780192e-02,2.06102090981465693e+01
0,6.27847023365800396e+01,2.65033690559080988e+01,3.89894259076457028e-02,4.71446806140063899e+01
2,5.49134064788863370e+01,3.33535228332831366e+01,6.76385934519979082e-02,2.90053507430674884e+01
0,4.91895188622959836e+01,3.72414857448242316e+01,7.92097417963333605e-02,2.40123696471013659e+01
0,5.75543868325073618e+01,6.50290097335576149e+01,6.32794221528250878e-02,2.00177152858346048e+01
1,3.23603415787166000e+01,7.34355415948886616e+01,2.62233998281888175e-02,1.98254105086605996e+01
0,7.03525102554762611e+01,5.57800210782062109e+01,3.11733194324807367e-02,4.83310790737729405e+01
0,3.84915629745304742e+01,1.38699815839960561e+01,7.03555412343353642e-02,1.93663859392364586e+01
2,2.03725081397316217e+01,4.24531219958660699e+01,1.99096605197594204e-03,3.93148886392809160e+01
2,1.07686595709702022e+01,4.28239546164923937e+01,3.63393937250240662e-02,8.81366760871899402e+00
0,5.47432532446113811e+01,7.24411902860219925e+01,7.33666310763036178e-02,1.29909668537848404e+01
0,2.62142182275447837e+01,3.24677567103051956e+01,3.18870853194087389e-03,5.51534845453445186e+01
0,7.69245891935736239e+01,6.03093472496058567e+01,5.04986443536635035e-02,3.05854559214928763e+01
0,2.36503120188475648e+01,6.52219870072188854e+01,3.89670148829267121e-02,1.66412895501129121e+01
0,3.21325585636161861e+01,4.58516307886601240e+01,3.44865358790669360e-02,3.19891687524972852e+01
0,7.88892178613399153e+01,4.44300046249185030e+01,5.97357847941117487e-02,3.47585557678771124e+01
2,4.63898234203299964e+01,1.83929825818501271e+01,6.45826559274585155e-02,2.55280168831870782e+01
2,7.45417219269200331e+01,1.43169929115880752e+01,5.32815245371849808e-02,3.64328026216210290e+01
0,6.47006371680068355e+01,7.80462006702895934e+01,6.50060139353438038e-03,6.00801536798161138e+01
0,1.83275985428625461e+01,4.94517681310398345e+01,6.69170390512300733e-02,1.30383813919212947e+01
0,2.51188405886299755e+01,2.86938262361282241e+01,6.67048100747104633e-02,1.76872996919689278e+01
0,3.71024290185040400e+01,6.62484761707805063e+01,3.99645530783782899e-02,2.22301106454321165e+01
0,7.16669375505931612e+01,1.38277233720041028e+01,6.67283500226770743e-02,2.97340632378839302e+01
1,3.33791797641662100e+01,7.60401986376818684e+01,1.57078089156025419e-02,2.33758775852592393e+01
0,4.24157426988026813e+01,2.19017461517904728e+01,3.53279874526031615e-02,3.74226827231274157e+01
0,4.36535837413526977e+01,7.89894963765897842e+01,3.95230252654149641e-02,1.26857506317928497e+01
0,3.27328672971763837e+01,3.05767786114587423e+01,3.04181332683012701e-02,3.54813249813160780e+01
0,6.50539699138250000e+01,7.35957579198713177e+01,5.73472328104392692e-02,1.60234842713374164e+01
0,1.38378709296326861e+01,1.29271024501219287e+01,7.75937347010354356e-02,5.73868262829872133e+00
0,2.58137112872967087e+01,2.01804749100090213e+01,1.18033636555177346e-02,3.25082841566674716e+01
0,6.77559644964811980e+01,1.26723351268771314e+01,3.86730523443137644e-02,4.20120571540235872e+01
0,5.31439192382938828e+01,3.00641937525408878e+01,4.91479946024036066e-02,3.65282723786286709e+01
0,4.58277380848681020e+01,6.28135290410431679e+01,5.03084181903053814e-03,9.57440217167290655e+01
0,3.58655574634010321e+01,2.08289166237271921e+01,6.71303865071931349e-02,2.15636159027518133e+01
1,1.91097703755001938e+01,1.92622052772738002e+01,8.98595716502740942e-03,2.00005283797486832e+01
0,4.19749016442355156e+01,5.98208746080595262e+01,1.01272531243216876e-02,6.73167756092305467e+01
0,7.90966133068659190e+01,4.92551698717725799e+01,9.25038409000247634e-03,1.39109086304765356e+02
0,5.16561932333599572e+01,1.41066258909321824e+01,1.66178570737490795e-02,5.76075133003795443e+01
1,5.03605545519114273e+01,2.99360128662160143e+01,7.18693069187582301e-02,2.65866046361635391e+01
2,7.93083009469445557e+01,6.28895349580828125e+01,2.41149456087755704e-02,5.31822782849883637e+01
1,7.19782366178776272e+01,4.83149565760168684e+01,3.18247219672610354e-02,5.37681647577770221e+01
0,7.99439522794920805e+01,7.60453556401595847e+01,4.04781752422955221e-02,1.99997189908835935e+01
0,7.67543337693138596e+01,6.40092855630894348e+01,6.73406109528284225e-02,2.15870142123178148e+01
1,5.67247796217018703e+01,6.18415659478268793e+01,7.57960040152595854e-02,1.87386087628207285e+01
0,3.13718535562319296e+01,6.67221673057464528e+01,3.05854176178862250e-02,2.32320976242542905e+01
2,5.39700224619009461e+01,1.59481368402341097e+01,2.39888115423869779e-02,5.19119110471110190e+01
0,3.43746885069641337e+01,3.46500152072451044e+01,1.42354328764750012e-02,5.58692214425623632e+01
2,6.67538671554339089e+01,6.68685551449135716e+01,1.79759699461444385e-02,5.43824077434372768e+01
0,1.96110322753028328e+01,3.08294863360528346e+01,5.11047685777003477e-02,1.63434465249086180e+01
0,4.23782433434971324e+01,4.12499691097013397e+01,3.21461398782827423e-02,4.21686676893662025e+01
0,6.88543215502820516e+01,5.35702522382039135e+01,6.65232005683385197e-02,2.67304573926491535e+01
1,4.18158460518643409e+01,1.78607991489033395e+01,3.40132264886565533e-02,3.54160734547826834e+01
1,5.20712494593916659e+01,5.88438635111069743e+01,7.23588572566346983e-02,2.02702064331032936e+01
0,1.68798056589278112e+01,3.76527778088242187e+01,5.10038918641022507e-02,1.43408418772623438e+01
2,2.99573488419511484e+01,7.14356974978532548e+01,5.34806940144901891e-02,1.30146114761869089e+01
0,7.68139660081401843e+01,4.42028557652405070e+01,2.84638363805363170e-02,6.31386903278271703e+01
0,5.59857681732744155e+01,1.21626285813054906e+01,6.67049474045710022e-02,2.49636794140209695e+01
2,3.55457418107465770e+01,6.26256752871125499e+01,6.59397423760475221e-02,1.67345350513440820e+01
2,4.61816823176077307e+01,5.84917821989864422e+01,7.94226612078513389e-02,1.80264950490598004e+01
0,6.42408004693438954e+01,7.64639489314182015e+01,7.57237863737560690e-02,1.05823263508360110e+01
0,6.51229244962804756e+01,6.68145613335036899e+01,4.94857786971713842e-02,2.42710871372857397e+01
0,6.79577557285343516e+01,4.96566022525458806e+01,5.46672464516311102e-02,3.33111488516856440e+01
0,3.02749875158283288e+01,6.47346477817873165e+01,6.85635310489574913e-03,4.78711834266477538e+01
0,2.66814157158663505e+01,2.36564459654541963e+01,1.72357717532849453e-02,3.34156878726669575e+01
2,5.46955937749482146e+01,7.35152872911351380e+01,7.00972363894498546e-02,1.27742252487655144e+01
1,4.69040453162888440e+01,6.35748271629862671e+01,6.41642893197735126e-02,1.90235479922187913e+01
0,4.95420726048643019e+01,4.46208744455130955e+01,6.31652138536935165e-02,2.74321430835100948e+01
0,2.50230442742837624e+01,1.28544571771901346e+01,7.79764192741920319e-03,2.37618486630943053e+01
1,3.23036889715780404e+01,3.89964586331840266e+01,4.23322577421661947e-02,2.92144072661203325e+01
0,6.26437226396398756e+01,3.47452973947933899e+01,7.73496588148537695e-02,2.74225118212493619e+01
0,3.50826280043876579e+01,5.63437239679891277e+01,7.00106866213394130e-02,1.82454747778577371e+01
0,6.30239885431502458e+01,7.91658976251613637e+01,7.97133960539020692e-02,8.18951674263173146e+00
2,1.32651263978359708e+01,3.19519054572625265e+01,5.14100993492725769e-02,1.02219149070453419e+01
0,7.65606325793198863e+01,7.53401764150523547e+01,5.90162478675291188e-02,1.49165042500683267e+01
0,2.45651127082221628e+01,5.78949619355583920e+01,9.75364019429686251e-03,3.74599180482236989e+01
0,4.34745343135599072e+01,2.11497109705474635e+01,3.26100507558538741e-02,3.96864799883510244e+01
0,7.44619677262548265e+01,5.73426865625269642e+01,6.28900218011046730e-02,2.68145702695622177e+01
0,2.77435777846988891e+01,4.87722062778798815e+01,2.00807593543852643e-02,3.67498373557672338e+01
0,2.59168990807841055e+01,2.91457995910373668e+01,3.40563525023142577e-02,2.63380056518581291e+01
2,7.89948494152649658e+01,1.93144349226951419e+01,6.72128408590109191e-03,1.59800904011958920e+02
0,7.33101117054472979e+01,2.15199137275285892e+01,3.43676354497609790e-02,5.47947199027417327e+01
1,4.72572338053382381e+01,7.07560942432347701e+01,2.08096224936881770e-02,3.44319166040480908e+01
0,1.42715361541278583e+01,4.32092581818293766e+01,5.37766868053197386e-02,1.15156648120249461e+01
0,5.23268095746192969e+01,4.96342800656012813e+01,7.38310880618632953e-02,2.34377419963242382e+01
0,2.76104731303694457e+01,6.15662278480924030e+01,6.14856305311537107e-02,1.55574952599614207e+01
0,2.49807333133487575e+01,2.46009431918641042e+01,4.08335572842316308e-02,2.19937288005040621e+01
0,7.52500125670865856e+01,2.73949535149200223e+01,5.08448896675489231e-02,4.21145036181488095e+01
0,5.33596269552108708e+01,6.44049798705446648e+01,3.94936852290991153e-02,2.88893393789519592e+01
2,4.10827667483842731e+01,3.16175246603224807e+01,3.59814853357926789e-02,3.87366005427078548e+01
0,1.43861201009964574e+01,2.05792776820342027e+01,7.47840455483026328e-02,8.19472344389690122e+00
0,3.60134979022107302e+01,6.65798391318461995e+01,4.12809436476168912e-02,2.11041999363516339e+01
0,7.04788204832820355e+01,3.12718415605656368e+01,3.48805598248391399e-02,5.49642898611917303e+01
0,3.11873397837287918e+01,1.86993335097907369e+01,3.84023673168401017e-03,5.16421041145242938e+01
0,3.25955991148189312e+01,5.42078383207809367e+01,1.89212678335955696e-02,4.19017003835465403e+01
0,5.24799246767988805e+01,2.81417215461318122e+01,6.75367613553694013e-02,2.84128984026938696e+01
0,2.76498475034368596e+01,2.00212482096163313e+01,5.24041739121897457e-03,4.21992277844593175e+01
2,4.89854333966709561e+01,2.78392875309582486e+01,1.63139591233976249e-02,7.09125071410338990e+01
0,6.38077773675525535e+01,5.40099736635863223e+01,6.99254890454583666e-02,2.47531967778646980e+01
0,3.00671643658099015e+01,3.05035888939074837e+01,7.09150408725727904e-02,1.97503721388657283e+01
2,4.30925609556356690e+01,1.58395900003912402e+01,3.67397420463968505e-02,3.32384465997937895e+01
1,5.03387135644006349e+01,4.46183478734997578e+01,5.33869370833770993e-02,3.15219151074410640e+01
0,3.54331974011691813e+01,3.04255729764885459e+01,1.73129034399836200e-02,5.13245835171399207e+01
0,2.56532862188222950e+01,2.09618508210719199e+01,4.37294960396574853e-02,2.05694161644194828e+01
0,1.80081306912248849e+01,4.55475210349408712e+01,3.79618885062839514e-02,1.74064950988556504e+01
0,4.95838654464209299e+01,3.44034289292022351e+01,5.69670750648991128e-02,3.14485156852685570e+01
0,7.56200452509611836e+01,5.03887234305581160e+01,6.37197610653588709e-02,3.01181975759701075e+01
0,1.13136341755214289e+01,6.25749931475342294e+01,1.66935939669103292e-02,8.94736995750763242e+00
0,7.05964423309101932e+01,4.28645593766459712e+01,7.58273292780558966e-02,2.76855032059710560e+01
0,7.73731177170131019e+01,7.03175875469845835e+01,6.28245445782492362e-02,1.83392397000856811e+01
0,4.79628551038903197e+01,1.29140968240659344e+01,3.15612925073715522e-02,3.67280671332022948e+01
0,7.77518420913517332e+01,6.13348174586838226e+01,7.89203755875098334e-02,2.02988023165649523e+01
0,5.93347705562252656e+01,1.62907818257172856e+01,3.11595732883793650e-02,4.79201577053715440e+01
0,4.81657645620544699e+01,1.76203282218461865e+01,5.68614952834869056e-02,2.82799778658221079e+01
0,4.24572512526496055e+01,5.46018621654369412e+01,1.21604026817242784e-02,6.76823090037353268e+01
0,4.26479304853582875e+01,6.92187715860613508e+01,7.92435461879114206e-02,1.27565931235358168e+01
0,5.77397708951889967e+01,2.80507717152714875e+01,7.77523009341848093e-02,2.65979080675007609e+01
0,2.64153758143165192e+01,4.54333772153602524e+01,7.91108191764206409e-02,1.62215246659319021e+01
1,6.00780787152521327e+01,6.36671136047853068e+01,6.24588016645018854e-02,2.14176673125724832e+01
0,4.43692815919231833e+01,2.29521619681461750e+01,5.68145471827028511e-03,9.44678645025265240e+01
1,5.72263552976731873e+01,3.88606154005822049e+01,2.41597852335992784e-02,6.30196453129558805e+01
2,7.58603225288568268e+01,5.15036110227028274e+01,1.98173925026227764e-03,3.09359606091754358e+02
0,2.63417577254421502e+01,6.51176427812609404e+01,4.08232479441715881e-02,1.78079926277036478e+01
0,3.82257862922713656e+01,5.01401646633614178e+01,4.95242867507927897e-02,2.71274426562205555e+01
0,2.92612090282656254e+01,2.02280125964978055e+01,7.82409784725006385e-02,1.65997723837811328e+01
0,1.36873490301992113e+01,6.81327704558184024e+01,2.28370873100974953e-02,9.70802755713594756e+00
0,5.35462795027990239e+01,6.67771082014384376e+01,4.77972542312120607e-02,2.30964879983704670e+01
0,5.39964010505265364e+01,6.06047594366635209e+01,7.93015528528784597e-02,1.82788971280406258e+01
0,7.99587595098844730e+01,6.13098178751803360e+01,5.37247815317806049e-02,2.86643271502881376e+01
0,5.20718832616709975e+01,4.19029551985062270e+01,6.75145335119790302e-02,2.72274037965998552e+01
0,3.77274523826149419e+01,5.55165616387942009e+01,7.61865022985502155e-02,1.80244544635740098e+01
0,7.30811103537107840e+01,7.99113498942832052e+01,3.02643291321211391e-03,8.71227953143891085e+01
0,1.10769024836105672e+01,7.82407681528166279e+01,4.86990832327960643e-02,3.37144431821096324e+00
0,3.11894878470497119e+01,2.30513882508938082e+01,4.06057481543552826e-02,2.68840510477518535e+01
2,6.26350333049987000e+01,5.46187410402020816e+01,4.07759724881578203e-02,3.78750976239067327e+01
0,2.13040909465171922e+01,7.07275983306694798e+01,5.17442848325582669e-02,1.06173748221224145e+01
0,3.52865182625620832e+01,1.42091953823724104e+01,9.10100336891753528e-03,4.41652655194979786e+01
2,6.94344545590616349e+01,5.02458167625238872e+01,4.80262206299607655e-02,3.70808659131950549e+01
0,3.41272254541590456e+01,1.80844448322291171e+01,1.17959178415304317e-02,4.57174717807559290e+01
0,2.70072496254068817e+01,2.28495819027029121e+01,3.89206147524170029e-02,2.37831745874814118e+01
0,7.23411787796594723e+01,3.51437375407700756e+01,4.43974700989289636e-02,4.57445832000030279e+01
2,1.54192043692233565e+01,4.89668453294346264e+01,6.57268013547410435e-02,1.11467761566495405e+01
0,6.99684265096503282e+01,4.79023140414516391e+01,1.17647445847080690e-02,1.10612557612593946e+02
0,3.20769232178231505e+01,4.52789909337911567e+01,7.94481916793205456e-02,1.82734561080920344e+01
0,2.45449302008199481e+01,7.70082219113105424e+01,6.65196962000325076e-02,7.19582657623595612e+00
0,4.41515134141847554e+01,4.56538765060674692e+01,2.14926899104955120e-03,1.50097677439596424e+02
0,4.38392680326795414e+01,6.13167296259588710e+01,6.88132748047196319e-02,1.85375201625678301e+01
0,7.75287891079803160e+01,3.34009839412333704e+01,4.05224899376527697e-02,5.10109655448178785e+01
0,6.26753289678071539e+01,6.21033570312291090e+01,7.98845807469151653e-02,1.84151109088526610e+01
0,4.22085703484688750e+01,6.23523436375800770e+01,3.45049763739922605e-02,2.98309964344606193e+01
0,4.91613725564415205e+01,5.68695761695991990e+01,1.11617990975144466e-03,1.84125624480301013e+02
1,3.22857786991455882e+01,6.28007024299138692e+01,6.32380390552961247e-02,1.62917580049846755e+01
2,7.87905114634078103e+01,5.00649687118673015e+01,3.90668102439830633e-02,4.63056038778205448e+01
0,3.70157162182534591e+01,6.98947702679235192e+01,8.61399733592318854e-03,4.74507022755141179e+01
0,7.19982598885790708e+01,6.82773754322601150e+01,1.17549149656621839e-02,7.34880468862966580e+01
0,5.59254029980659269e+01,1.67472841729385848e+01,5.12861507379909487e-02,3.30219404784876787e+01
0,7.41300850705606251e+01,4.13849051149299925e+01,5.77757794281914192e-02,3.59299339269196025e+01
0,3.48197362476323349e+01,1.84470445079194860e+01,1.11998562619886680e-02,4.83444596119113257e+01
0,3.91687498623209152e+01,7.65377327504194938e+01,4.78013005074409171e-03,4.52990744246715380e+01
0,3.58528874167028491e+01,4.04423837395327084e+01,1.71671844014130957e-02,5.36912038468351298e+01
0,6.78929972740970129e+01,2.54054822670548361e+01,8.76846728791425001e-03,1.31487185096385360e+02
0,7.67185935703912065e+01,6.86339979205797590e+01,3.16069285657517435e-02,3.50111499945494060e+01
0,6.77198532542554261e+01,1.61051311717360264e+01,4.33306482503688431e-02,4.14741866966005759e+01
0,4.15994890767611594e+01,2.07860864052121990e+01,1.69914913004042926e-02,5.39760120487615964e+01
2,6.80367709199641411e+01,5.75180955724675798e+01,6.99865777200203848e-02,2.36475037234794385e+01
0,6.11130458281015692e+01,4.55196326022176976e+01,7.58608250386475225e-02,2.55820153200083453e+01
0,4.63393266355132027e+01,2.87106266390106661e+01,3.00237690159369033e-02,4.70453657296268730e+01
0,2.28446506717858142e+01,5.03395838483525182e+01,1.36255273843957966e-02,3.35773948188547777e+01
2,2.66509653412530341e+01,2.45168571668072168e+01,6.58557075542021975e-02,1.80563108591911146e+01
0,5.92634978669289580e+01,3.16464927628143329e+01,1.79824092029079556e-02,7.92469111729031113e+01
1,2.39117584882732856e+01,5.27742429898626284e+01,5.90753430885607583e-02,1.69284294520899614e+01
0,4.92242189233347816e+01,7.18052508353124779e+01,6.56749541453873209e-02,1.41070657512363944e+01
0,6.62932095263716121e+01,5.92224790941737425e+01,5.87474468571209680e-03,1.39436945917391512e+02
0,5.57728654161912800e+01,5.50259448899560937e+01,3.12076283118171809e-03,1.70705409680744623e+02
0,5.26829002030059570e+01,6.22652995950180141e+01,1.78809063540184172e-02,5.42827216942255006e+01
0,2.80413354360245144e+01,3.64863046442318790e+01,4.99212755955485803e-03,6.00323939082063731e+01
0,1.83955178029216206e+01,7.86684642142711255e+01,1.26785247919015374e-02,9.90508319017261840e+00
0,1.23736894822737700e+01,5.27882126005553758e+01,7.72255746505401408e-02,7.81606624090472035e+00
0,1.32438065497868003e+01,2.80292892858124070e+01,4.45877862929665372e-02,1.01263442036304134e+01
0,2.62233722371610476e+01,1.25175673494898110e+01,4.68011243055580731e-03,2.66503206502823566e+01
0,4.90377875373690131e+01,1.78228909707124501e+01,2.59927513656244913e-03,1.14244949141299202e+02
2,3.96576182811523807e+01,2.38956406130353471e+01,7.00254991875144117e-02,2.31333675694755989e+01
0,2.42869251585572918e+01,6.14060847307122017e+01,2.81612630466047953e-02,2.24279065283026320e+01
0,3.11880997074459501e+01,6.70164815130830220e+01,1.88448348555277090e-02,3.01915717060610191e+01
0,4.22875903528168351e+01,7.47816991534142801e+01,3.56352318885756955e-02,1.80351746020303416e+01
0,6.59259560932909210e+01,5.50037164624298427e+01,5.04662106391992396e-02,3.23286548221065146e+01
0,5.59150404227640436e+01,3.08093892982857476e+01,2.09349891497534121e-02,6.86875118428727234e+01
0,1.28633871590822118e+01,6.87208362540442010e+01,6.33474954277634360e-03,1.03961412372279511e+01
0,4.37063297246572873e+01,7.67429118918660720e+01,9.61886836907595473e-03,3.74068756987695679e+01
0,2.30197998603335527e+01,5.87832688026308219e+01,7.22800191208052972e-02,1.30892091884856878e+01
2,6.98383007399990845e+01,1.50650627979564771e+01,2.91330526807084059e-02,5.48890288941901048e+01
2,7.19432963637144809e+01,3.87687383747378504e+01,3.54007543526023774e-02,5.37007626021653124e+01
2,4.88265297779198590e+01,2.74260540865808657e+01,1.71347308239386369e-02,6.85312360297945986e+01
0,6.15485629737817916e+01,7.57482358320179685e+01,1.15847019286987249e-02,4.70563853517871991e+01
2,5.80746701761370758e+01,6.67786373788249961e+01,6.13333103452241984e-02,1.94713128651585095e+01
0,6.71784407499519887e+01,1.48948978491148925e+01,1.66467014191825670e-02,7.55699753889848864e+01
1,2.95171021030383791e+01,5.26602351225302812e+01,7.82800714102932331e-03,5.56869574025321725e+01
0,2.60501819894681503e+01,7.89603308182024506e+01,2.60593879753532771e-02,1.13973962430650264e+01
2,6.22416338929769424e+01,4.66664288913860190e+01,8.71546801328563006e-03,1.24442311295416175e+02
0,7.71357348265689780e+01,7.22608940986677197e+01,2.38144475379743273e-02,3.77320947465827956e+01
0,2.60872475986149333e+01,6.68631474048833212e+01,4.27814030903669873e-02,1.62626885202567344e+01
0,4.97441788477922699e+01,4.30076179206199924e+01,1.15309214969490717e-02,8.95195922956022940e+01
0,4.80953658772303427e+01,4.09405877474550337e+01,4.59183670844844766e-02,3.54627925554021672e+01
0,3.61490756376575746e+01,2.13155831426314002e+01,4.67159724591413930e-02,2.74994938657991135e+01
0,6.25166450714784290e+01,3.48128699079340578e+01,3.78675331075410959e-02,4.83272630538540398e+01
0,1.92236443373086772e+01,2.33956672960588037e+01,2.19161440061622498e-02,1.94390743491930564e+01
2,3.60243951679664605e+01,6.91995308696244251e+01,5.91184206064119602e-02,1.48163984461053300e+01
0,4.01747060014684649e+01,5.22382289835254952e+01,6.79144270937845351e-02,2.14239074468374184e+01
0,7.67099845517944203e+01,7.55369589943927764e+01,2.54218547233836314e-02,2.98652139469216955e+01
2,5.79012653265922026e+01,3.87247952267587365e+01,3.69296408233002384e-03,1.83985367022997195e+02
0,5.97671215036345558e+01,5.91196524614973100e+01,7.73668471997991242e-02,2.00463291739087879e+01
1,7.99853800522162288e+01,6.83205130220501928e+01,6.43862209226398335e-02,1.96561946237908884e+01
0,2.58745093520738081e+01,1.09014096249217722e+01,7.14773108823013453e-02,1.19172549506749608e+01
0,5.22468642682933861e+01,3.25997760478064436e+01,5.13552209441191371e-02,3.50488174512690591e+01
2,1.75363187033669696e+01,4.05360854227302667e+01,2.33467022879634304e-03,2.91081313295115827e+01
0,2.13747671911033237e+01,7.50022410817207117e+01,3.80216702773411366e-02,1.01886706081575547e+01
1,5.87289488681677341e+01,7.09342199755431864e+01,3.68956500446594249e-03,1.10950803080401315e+02
0,6.78188399373913171e+01,1.59155769924147474e+01,1.38336304801683959e-02,8.69236775242576982e+01
0,5.45058312717714699e+01,7.68821381911212001e+01,4.83477516645828068e-03,6.52796322219396217e+01
2,5.05848026193334732e+01,5.38832666242711511e+01,3.69269110492331104e-02,3.73464195006202360e+01
0,6.53441508407096308e+01,1.50353501852792206e+01,3.57638743009017837e-02,4.55995764673704471e+01
0,7.69366194806206494e+01,5.83085574179350630e+01,1.24143848584236331e-02,9.67016084354072945e+01
0,7.47865521276528398e+01,6.98753841022649596e+01,7.03915160603177520e-02,1.67427971434872873e+01
0,6.66143904780522007e+01,2.81198698244469689e+01,2.72323330724914478e-02,6.37338131082633197e+01
0,4.02482533148028239e+01,3.25863090065074914e+01,7.17650643854166048e-02,2.36529477985017955e+01
2,6.36433805602070564e+01,2.94384882978582425e+01,2.92288051174101407e-02,5.91685745789709401e+01
1,2.63682618623113889e+01,5.91755178287409933e+01,7.91265271722040170e-02,1.33817962398993142e+01
0,7.32834074709776075e+01,6.02795419683213254e+01,2.04250167165209712e-04,4.30908664870968494e+02
1,2.95814012911693247e+01,6.42044461449026187e+01,4.46773300775399201e-02,1.88581117160908391e+01
2,7.86269297829920646e+01,7.44728791987589602e+01,7.31383662402580875e-02,1.31043664093041645e+01
0,3.11178278473708900e+01,2.27279774012273919e+01,5.77875548526128116e-02,2.17722539103402113e+01
2,2.84858293727484870e+01,5.95773552228821188e+01,5.28783167137970647e-02,1.84024445145488329e+01
0,3.35429209426859600e+01,5.51992092519305899e+01,7.85416906550493177e-02,1.66730416374028074e+01
2,4.39599326597216589e+01,2.83834757621922371e+01,1.07855401510711952e-02,7.93437957191242447e+01
0,2.40140450429419658e+01,7.82715937068150822e+01,1.09946871219168060e-02,1.56809982006952229e+01
1,2.84606234421887940e+01,4.33872157618018690e+01,2.32151470500484534e-02,3.62971108725618379e+01
0,7.18965597868856605e+01,7.64179232984552641e+01,6.56071132241264343e-02,1.24523091508471762e+01
0,7.51923871002653357e+01,7.80241655172563640e+01,2.37941024188466008e-02,2.63059778315085779e+01
1,2.08765917828707188e+01,7.30033667087041351e+01,5.77568893712644138e-02,8.80859916054629899e+00
0,4.08945858498213681e+01,4.21639751986065221e+01,5.29980178990773418e-02,2.89114769586260323e+01
0,3.93892485979269864e+01,2.95843753103265392e+01,4.61095584005167605e-02,3.17118178502756187e+01
1,6.79802381167367855e+01,5.10033357548751951e+01,1.99798495298498602e-03,2.71483512307253591e+02
0,5.62289764473583347e+01,4.14675083066847137e+01,1.37001422987751195e-02,8.98407551119333476e+01
2,3.85629172947836452e+01,4.27741107291200464e+01,7.51625713848410176e-02,2.15000087166814104e+01
0,6.52087055079660161e+01,2.70856940591350330e+01,3.37481054831648055e-03,2.02073829007134322e+02
0,5.23605692183469671e+01,6.89577152781598386e+01,2.26549034407073982e-02,3.71991850380870375e+01
0,2.46552767372437955e+01,6.11506865266096895e+01,6.59799807302081671e-03,3.92532828136974388e+01
1,6.54839709237306948e+01,7.05716718515911339e+01,2.94630733473002157e-02,3.20479138052032795e+01
0,4.25946261537601814e+01,4.72077178142969416e+01,1.27487278561356637e-02,7.17800241078050192e+01
0,7.20865350158177307e+01,1.64864612148758383e+01,3.71471105214347119e-02,4.84195396124760862e+01
0,5.65660083199518979e+01,7.03616257667953562e+01,7.28347838931731467e-02,1.45490495919156064e+01
0,2.05802274982746987e+01,1.48475841126028616e+01,5.21025479591067930e-02,1.23862805090932113e+01
2,6.29672987578967565e+01,2.08161206636023302e+01,7.63589300379061559e-02,2.72504246297719419e+01
2,5.06844026998929493e+01,7.60884091017489794e+01,8.53428515103240096e-03,4.78041383409844443e+01
0,4.79105620698302417e+01,4.93053341981813205e+01,4.65597397350430431e-02,3.25039180655278699e+01
0,3.93816288331406099e+01,5.72498187256473585e+01,6.42399339264562164e-02,2.03309380413658509e+01
2,5.64023171333638018e+01,6.74694867031476235e+01,4.99417886741525888e-02,2.22491435500888635e+01
0,1.44302851757691855e+01,5.65189994979583972e+01,4.04478836751566359e-02,1.16348600032439222e+01
2,4.52683493733958926e+01,4.10779901661412339e+01,8.14386915353167325e-03,9.84721650787072917e+01
0,7.54854703170664436e+01,4.80099592562066064e+01,2.62136621400561945e-02,6.42081192381329373e+01
0,2.43406996052291476e+01,3.78938655570588452e+01,7.73236143840245610e-02,1.61012356424007841e+01
0,1.95909375723431936e+01,5.04033297479412425e+01,3.87712681664468192e-02,1.82821889765514918e+01
0,3.87364241163289620e+01,1.01544921496980542e+01,7.53638034802407708e-03,4.15251782534145448e+01
0,4.63657309361067504e+01,4.55786267344719533e+01,5.11510846943017267e-02,3.09680708302940495e+01
1,3.63568084202264572e+01,1.16675247817019461e+01,5.10622013782607680e-03,4.46339863177680414e+01
0,4.38758720696046822e+01,1.76770364176782984e+01,1.14053919126118862e-02,6.33597170417514448e+01
2,5.72267689116194873e+01,6.92457792225343098e+01,1.84835241477689649e-02,4.48248665730659610e+01
1,6.54944997987348074e+01,5.61570282113813022e+01,6.28383582653931679e-03,1.40456543695242061e+02
0,1.36114040819330686e+01,2.27517509580044539e+01,1.50484334224751590e-02,1.15995375917285752e+01
2,3.67198549858407830e+01,6.23041767676280713e+01,1.38190047449417101e-02,4.75579857050380284e+01
1,5.33461641206964146e+01,4.33048288711489846e+01,3.92578122240668168e-02,4.14844915742440534e+01
0,1.14640962326778837e+01,1.94392393181190251e+01,2.21116823821966603e-02,7.25879316384326234e+00
0,7.64437260063824766e+01,7.50779986600122413e+01,7.51668024764576143e-02,1.22453272905767712e+01
0,5.48574683663578000e+01,1.78963568939781155e+01,3.39787984369550669e-02,4.40036813304925687e+01
1,4.39502572052804865e+01,1.13820000612804400e+01,3.88240112388037878e-02,2.85620997967896315e+01
0,4.13820011329433441e+01,2.79621209919616511e+01,5.77853008395325524e-02,2.78761068934921532e+01
0,2.03080377357883677e+01,1.60801934846963448e+01,2.87105751014860022e-02,1.55405824327602797e+01
0,1.46378502159726231e+01,1.11705021007098324e+01,6.62895468026361706e-02,5.86073392738391163e+00
0,5.76676695167494628e+01,5.57269313524954768e+01,3.76737412982653883e-02,3.80605671659661553e+01
0,7.46790297642316858e+01,1.92373497293904201e+01,1.71081644885511357e-02,8.78715804732670165e+01
0,6.54657951314593021e+01,4.94715890843391506e+01,2.16492865273683159e-02,6.78480870033107948e+01
1,1.15018034445085711e+01,2.69812880419760717e+01,5.62387997968282066e-02,7.57700341932188870e+00
0,1.27277937360861415e+01,7.58455095037256939e+01,7.74121138001830494e-02,3.98201288187624991e+00
0,4.58860948663598265e+01,2.51099191806364139e+01,4.03299963527934749e-02,3.76117273733372599e+01
0,5.01284887930421519e+01,4.64458308439100165e+01,6.75367383097010554e-02,2.56874326358163856e+01
1,5.24442482708188251e+01,6.14491080580159519e+01,2.89415200970372134e-02,3.92436168011440571e+01
0,7.13217377810784257e+01,3.17790943040632925e+01,2.04080103464477081e-02,8.21424433756928494e+01
0,7.28506051689386425e+01,6.82217573037096372e+01,5.24205347902579125e-02,2.28797275673869684e+01
0,7.92506101624970967e+01,3.19785266491986384e+01,1.88979396758291868e-02,9.23698991003625736e+01
0,3.33545397038533054e+01,3.71502044641871834e+01,6.43782115295299384e-03,7.34438327575551426e+01
0,4.27980712083837815e+01,4.01271797769416807e+01,3.66483704756587619e-02,3.90288784831398132e+01
0,7.95540519056857534e+01,3.93225885352263589e+01,9.00052173059329184e-06,6.28600232623479656e+02
0,5.90253956613436372e+01,5.25560558087290204e+01,3.19785425223905531e-02,4.60208530802399380e+01
0,1.40204440515872388e+01,2.58371928119881566e+01,4.97474143295778132e-02,1.02250001194514919e+01
0,7.36686114916862209e+01,3.30449877310074243e+01,1.86647062463641961e-02,8.92667556853957791e+01
1,5.31670915682729159e+01,2.60280421922260423e+01,1.31445480730383755e-03,1.88442491385371341e+02
0,2.35598576237267707e+01,2.93861673961824117e+01,4.13596935650759889e-02,2.17236191320827068e+01
0,3.43410338307163059e+01,6.33947628314803779e+01,6.94749777320485817e-02,1.54761959945970986e+01
0,5.04361504476028699e+01,5.40486727675307890e+01,5.62796943952864684e-02,2.68794830972960597e+01
1,5.56936510880627935e+01,7.73952511696824104e+01,6.09644765868015623e-02,1.13607741153971453e+01
0,3.87509932766962493e+01,7.65091028438933876e+01,6.15002310481289130e-02,1.02784859322746538e+01
0,6.21051367162336945e+01,2.43559812835487399e+01,2.33694370903664607e-02,6.64060510264676935e+01
0,4.72978568007428422e+01,2.46962225172801908e+01,6.97490301221733722e-02,2.59002173123129857e+01
0,7.82330464332449225e+01,7.35353572858064126e+01,3.60990863090956127e-02,2.53263067369720751e+01
0,6.97447244134571065e+01,1.97271877680933088e+01,7.63782533395644114e-02,2.83042249574164124e+01
0,2.05067580306595119e+01,6.32829532897664677e+01,1.73314769582360306e-02,2.16690230311660343e+01
2,1.72161383988491394e+01,2.34231834139863899e+01,5.81868081969960649e-03,1.99538831595845458e+01
1,6.97470715122865528e+01,2.00125664508106951e+01,3.99557513448070209e-02,4.70220949238155512e+01
0,5.25411470720409781e+01,4.07470722500855800e+01,4.08995460156304363e-02,4.06036152780249679e+01
1,7.83356496522299466e+01,5.78841774024766593e+01,7.42678642596810573e-02,2.33033585849299492e+01
1,4.05084345623833357e+01,6.90918079228665647e+01,4.66295567203543412e-02,1.89144692805746217e+01
2,2.25508861328666583e+01,2.45705731767628812e+01,4.73723538533978930e-02,1.83517624051982402e+01
0,1.25891842462691521e+01,1.69792758675257858e+01,4.17814700003353093e-02,7.00222390604425193e+00
0,6.38009305197215681e+01,6.54899043958074003e+01,1.60021177681173314e-04,2.96466309768266342e+02
0,1.58462550556848765e+01,4.15712057576081406e+01,7.88105555982771822e-02,1.08796935914707333e+01
0,5.50732206878086572e+01,5.26698767896865263e+01,2.88952154165835473e-02,4.77950796496929158e+01
1,4.94480496786165702e+01,5.08941054904466341e+01,2.98217369017842598e-02,4.50215652396156187e+01
0,6.17697824281350307e+01,6.32572247519360360e+01,6.30896604494210894e-02,2.17066318999225381e+01
0,7.60723884101405616e+01,7.92691239358269968e+01,6.89311260457072528e-02,9.74990170293493819e+00
1,2.65565043268916625e+01,5.53664042393416267e+01,8.15449611734806075e-03,4.59027994367596008e+01
0,4.37822864887164940e+01,3.55648076249026417e+01,1.02808247543516636e-02,8.47028567414719049e+01
2,6.26093448110621864e+01,2.22422877829445866e+01,5.57065192475164339e-02,3.51597759705075319e+01
2,2.41650718014247232e+01,1.72015173269268900e+01,6.02293945325944602e-02,1.51436930881598641e+01
0,1.64408136444976947e+01,5.84087910844377163e+01,9.26884991940216466e-03,2.01915849369472973e+01
1,1.96616090624810198e+01,2.78572525864579283e+01,1.23708911877331487e-02,2.53090872490341816e+01
0,7.52181590044681059e+01,2.94320797764677238e+01,4.64684874307143767e-02,4.53265912839683125e+01
0,6.52597642110640521e+01,4.10342813163823195e+01,5.00481991300555512e-02,3.84851549557037629e+01
0,2.40287595524188937e+01,4.69318976834284385e+01,1.58246165159673241e-02,3.48478066608390691e+01
0,1.11122810885192163e+01,3.91303614109991429e+01,6.95444481363864386e-02,7.60124543858276969e+00
2,5.46473308171081271e+01,7.68993044815675972e+01,2.70277341816818790e-02,2.22508231364944713e+01
0,3.25334816063537886e+01,3.08663775235588353e+01,2.97996565703008733e-02,3.57467318386988993e+01
0,2.59568229612782204e+01,5.21413039024914013e+01,2.24882703988125675e-02,3.13836973238921217e+01
0,2.39688946105665579e+01,1.11371797494536384e+01,5.71095547036347753e-02,1.21861411196065035e+01
0,4.30557754506286727e+01,1.44640289162306619e+01,4.37468944198874318e-02,2.89258603767720075e+01
1,3.39576017793265805e+01,2.39262816887646821e+01,5.86524008000490621e-02,2.34199658545647686e+01
2,7.58152104322629157e+01,2.96940011615956081e+01,4.81982771737102036e-02,4.41730918934729715e+01
0,4.96121234176455559e+01,4.26426323527496578e+01,6.75193285676562588e-03,1.18204447014452256e+02
0,7.30088301288516135e+01,5.01945181350397576e+01,5.07580072988955758e-02,3.61439850968517717e+01
1,7.47247065685195935e+01,2.16144776059965480e+01,1.27703511724304788e-02,1.09256670115592343e+02
0,7.30092743038395042e+01,5.05054829979789659e+01,1.53596294883046984e-02,9.14483147814805903e+01
0,4.48841843370113267e+01,1.57276127927719855e+01,4.46226044531834662e-02,3.04714076792758846e+01
2,5.08302695284334334e+01,3.74592301206841540e+01,4.18368279904369963e-02,3.98163047774529204e+01
0,4.73981231206589015e+01,6.58667956704666580e+01,2.70232282256163379e-02,3.44304686788230896e+01
0,1.14184436516130123e+01,4.32494413371526321e+01,5.34159278009142327e-02,8.64086534571516829e+00
0,7.62487040383039556e+01,5.66247848570650660e+01,2.37519563136655010e-02,6.10944422676714254e+01
0,2.05763247171960373e+01,2.56499623555888085e+01,7.46393308558943123e-03,2.84281272662767179e+01
0,4.87419137410069396e+01,5.95267307427754062e+01,2.64669625923443612e-02,4.19676993698424212e+01
0,5.77853499752186579e+01,7.89013109137054300e+01,3.18536494071348306e-02,1.73225315122053445e+01
0,6.50414279213460134e+01,5.55664350278553769e+01,4.27778048520544504e-02,3.64170990291571286e+01
0,4.79556225727591752e+01,7.86363500630816077e+01,1.82591121799928306e-02,2.38814521683316094e+01
0,5.47377615321097792e+01,6.83712157635704614e+01,6.26061431616134756e-02,1.76750286667375178e+01
0,6.78976551649486595e+01,6.37749584565542094e+01,7.65623867302430428e-02,1.87087423901448311e+01
2,5.50469849801730788e+01,4.35435968777977465e+01,7.96482303828352847e-03,1.20126464121041650e+02
0,5.66789270876947739e+01,5.01853427507682426e+01,7.57242992672464144e-02,2.35168565240137859e+01
0,6.97836439235310593e+01,2.72999405679496121e+01,2.06835236828798071e-02,7.93769470345378068e+01
0,1.51388166840872884e+01,7.12192318024104623e+01,3.11165196782775162e-02,9.04689867250424840e+00
0,4.62964735566410610e+01,1.09394965707682630e+01,5.52341242936465401e-02,2.38581270636311977e+01
0,1.18586416632869316e+01,6.58180360538109284e+01,2.30344045543907049e-02,8.36373707284198353e+00
0,2.05970319940190620e+01,7.58027778423969067e+01,2.33324406272691597e-02,1.16835358115576113e+01
0,1.19954489951871839e+01,3.32288227372285263e+01,3.65517877909965700e-03,1.27860994383483817e+01
1,7.06369047562521502e+01,6.59965281173880669e+01,5.74696994324673874e-02,2.26445364349340359e+01
0,3.30816752601917301e+01,4.00494459856183056e+01,3.44659501271631016e-02,3.37251404324573087e+01
0,4.64791845142428457e+01,6.99861892016851073e+01,6.59972787486666213e-02,1.48696002542651584e+01
1,6.51080556592363280e+01,5.40314564129741726e+01,7.94285501233125552e-02,2.23488139597042981e+01
0,5.82227777324849498e+01,1.39036336841474473e+01,7.33954603295697561e-02,2.47558965648196008e+01
0,7.48420192346925433e+01,3.62964825830081850e+01,3.88140035290774968e-02,5.14652323153667837e+01
2,4.42862582106094038e+01,1.13470066264548084e+01,6.01734106354803663e-02,2.21362351954475969e+01
0,5.91706470524075812e+01,6.24523062825691468e+01,2.56112036139840987e-02,4.46889486149234187e+01
1,7.07428268223702901e+01,7.09591160437390158e+01,6.99943990562238022e-02,1.57866870287810244e+01
0,1.75037916126983788e+01,7.97275843779310094e+01,8.71755477385732953e-03,9.00582727642818348e+00
0,4.28898611212305241e+01,4.68441979782922076e+01,4.08687212088306093e-02,3.45549223189423955e+01
0,1.61595980883150006e+01,3.73904803304871862e+01,4.02006273845252407e-02,1.49977168385639601e+01
0,4.89875053493977788e+01,4.67192447233694423e+01,7.53418377169037395e-02,2.32216918950778428e+01
0,3.19347342503552980e+01,4.10447584057085635e+01,6.63275858390103834e-02,2.13305404466324013e+01
0,6.88348791206387602e+01,3.05197792667767196e+01,6.63060118836224927e-02,3.26845331734142448e+01
0,4.27866608651989324e+01,7.37180939226106204e+01,6.95070448717817063e-02,1.15452957026920640e+01
0,2.14026710481418050e+01,3.75928468397027871e+01,6.04179421764648797e-02,1.67875894499288059e+01
0,7.11365394602924255e+01,7.26963526571285854e+01,3.84311582168096535e-02,2.42381663798217595e+01
0,3.98105847681989076e+01,4.96550357563574636e+01,1.31424135582581588e-02,6.48951327569373859e+01
0,1.13797869531212061e+01,6.92840827518205060e+01,1.96335285522860857e-02,7.14582666475275996e+00
2,2.88082201010906758e+01,5.65925774556868149e+01,3.14344793115375748e-02,2.72143798368868062e+01
0,3.68169595267001029e+01,4.28469983982369129e+01,4.51008286391191351e-02,3.02402578576705352e+01
0,1.18371024514375609e+01,6.01418390005718138e+01,7.69440154793078340e-02,6.60880729381431742e+00
0,1.98078074634072507e+01,6.07825457210153957e+01,2.29110761496881905e-03,3.14755168152957090e+01
0,3.07556208151163837e+01,7.08562522341073304e+01,7.26843003817567029e-02,1.08899736116718717e+01
0,3.36308306610888081e+01,4.22562333998608182e+01,2.99841520780012444e-02,3.68915915004007218e+01
1,4.06305625095153999e+01,4.70735353568633030e+01,4.00648741430678287e-02,3.38317317772563086e+01
0,3.08332470084815959e+01,6.34966556949263179e+01,5.67796510683961780e-02,1.67990209645376005e+01
0,3.24467768888582668e+01,4.60336091120919662e+01,3.46077413332153590e-03,8.33589857736085520e+01
2,4.23455142377258795e+01,5.34252722801581754e+01,2.12366515065800961e-02,4.93817279168351106e+01
2,3.46352922417201299e+01,2.64819416489494230e+01,5.99516505211549547e-02,2.39280604517779949e+01
0,6.24850163436648742e+01,7.83269256862524657e+01,1.75028326450920278e-02,2.96828738061366160e+01
0,6.46749570441058665e+01,5.45180283952392486e+01,6.91928110094300677e-03,1.34808688572036459e+02
1,1.12366174692939733e+01,5.55383159054714994e+01,1.38647728477727036e-02,1.03514663953706751e+01
1,2.13464548338974467e+01,6.21632503898270699e+01,1.11955455423334632e-03,3.65668239493529583e+01
0,1.71273400725012230e+01,6.51402613735394880e+01,7.14132310133975406e-02,8.88051790742431812e+00
1,3.47008090461002183e+01,1.67129938661413355e+01,4.35385505643055837e-02,2.53761932383235695e+01
0,3.49382387357499837e+01,3.59041335827639472e+01,5.61310917248808300e-02,2.57888463442948321e+01
0,6.24505166812201793e+01,5.19048134502563840e+01,3.96010760660866264e-03,1.82033843483026772e+02
0,6.10664087972028895e+01,7.95935298039824488e+01,6.35990796111840229e-02,9.48374410444631799e+00
2,7.17690312792974652e+01,4.61531108172818563e+01,3.55662548466463627e-02,5.03888318323981466e+01
0,5.78098614216278577e+01,1.01764373901422651e+01,1.76982283387252179e-02,5.34876633825361623e+01
0,5.16873898210626734e+01,7.79138967534737219e+01,6.35217283766311008e-02,1.02692293638315117e+01
2,7.96033241043062674e+01,4.85129783945251702e+01,2.46915644632900756e-02,6.85508249231371849e+01
1,5.49376700548091392e+01,1.45511085860257801e+01,2.63183518436418875e-03,1.18412420155322252e+02
0,3.72630230744655222e+01,3.41426048583538631e+01,1.13139466726693352e-02,6.75803800593081405e+01
0,3.13337001538457898e+01,7.71173648804678038e+01,1.23006044885471243e-02,2.28801137725912760e+01
0,1.25025935123767606e+01,3.31857832563373165e+01,2.71118699378233956e-02,1.12659456202268800e+01
0,7.60896867471354312e+01,4.88911725612174735e+01,2.18022082932736797e-02,7.35158305855605363e+01
0,6.26847722369804430e+01,3.28881469267734161e+01,3.63935950287728191e-03,1.98456198341298517e+02
0,3.63952131826959899e+01,5.28809326979069851e+01,1.01791494279527411e-02,6.48468753783840981e+01
1,7.12518486187140638e+01,4.40514130270893389e+01,7.82820463639369440e-02,2.67179825235565005e+01
0,6.34046471180501285e+01,3.30334644335516998e+01,7.80990110283773104e-02,2.74813604010788630e+01
0,4.25621356522484007e+01,1.66633568809124135e+01,7.30119302732379905e-02,2.15565642545288725e+01
0,7.69048341369269082e+01,2.98084184053410546e+01,6.28271494664041641e-02,3.57693981448705500e+01
0,7.24679667567252466e+01,5.34492471133013112e+01,1.39020171284673383e-02,9.38696188232928392e+01
1,4.12232355853469343e+01,4.60112601080796395e+01,5.53735462626170280e-02,2.72864711792617562e+01
0,3.98906954862585366e+01,4.10652142534157960e+01,2.36789780893973505e-02,4.90947931456657045e+01
0,2.06187095020169764e+01,5.00348035738412165e+01,8.53762001843765689e-03,3.28760773588845012e+01
0,1.71684989752358064e+01,3.62506139671383636e+01,4.73481477555339793e-03,2.58235085134723121e+01
1,3.50047410082828065e+01,4.63461891594987776e+01,1.61250233100424106e-02,5.28906056109948182e+01
0,2.50217425585795503e+01,5.00953061943543716e+01,5.67322683833812874e-02,1.85787158254364542e+01
0,1.48023412751471479e+01,6.00454614594841374e+01,1.09113293808961488e-02,1.59729875388829115e+01
1,6.14835819650297211e+01,7.74629750563066750e+01,5.96770256761495754e-02,1.19279730943563607e+01
0,7.72822938706151206e+01,2.57521837609762621e+01,7.78269195492212601e-02,2.98770341198535121e+01
2,5.81171866799430532e+01,7.83167005970618249e+01,3.90209437244224133e-02,1.55150631315404279e+01
1,7.35202734650781338e+01,7.89629827363228145e+01,5.13974498918732953e-02,1.27881881363792917e+01
0,7.09256858906269656e+01,6.64853811879813179e+01,6.96618036256352186e-02,1.88991459617550213e+01
0,5.52238058419016866e+01,6.00511566422654539e+01,2.11317938815489895e-02,5.24534223995401732e+01
0,4.65829038067288081e+01,1.47845668054649284e+01,7.18326116936008618e-02,2.23411402570519115e+01
0,3.50530974727474387e+01,6.46082405311299226e+01,4.98580554146604987e-02,1.93037615059407877e+01
0,4.46483322900606439e+01,5.27884421405835411e+01,3.63283739933511901e-02,3.58530528392226060e+01
0,3.24876366051049104e+01,2.74775180074875784e+01,4.14409778688049207e-02,2.88996536173083527e+01
0,2.20446674122604733e+01,2.69517060643906277e+01,1.15229404709681314e-02,3.02864897542336529e+01
0,4.46728903596806362e+01,3.33521686055284121e+01,5.48927217710538720e-02,3.05685466222812430e+01
2,5.62810255806266611e+01,3.24819677178925303e+01,6.98926682177489628e-02,2.86232518862375755e+01
0,5.09720584037746747e+01,3.79543548498734680e+01,4.85565440301243614e-02,3.56217086310401143e+01
0,6.16475955126824999e+01,4.71531576001642563e+01,3.19002753797370600e-02,5.04924982399503151e+01
0,3.35179184344249137e+01,6.53260632458309658e+01,3.26354445363737644e-02,2.44978436054260627e+01
2,1.00067228391996981e+01,3.78512809384951225e+01,7.66168298482096388e-03,9.20864102838807064e+00
0,2.48861666596715168e+01,1.19719628433011493e+01,6.07521383029155440e-02,1.29448269672721850e+01
0,3.02786762339799118e+01,5.83489311227721643e+01,2.33211830221245198e-02,3.26286034327815671e+01
0,4.87173406907273687e+01,1.01155713510082528e+01,1.38658397790494283e-03,7.67410748176560134e+01
1,3.72616060743315103e+01,4.29961152517629372e+01,7.19394425259364673e-02,2.17797386971460938e+01
0,5.60370316169928131e+01,5.58407642319880537e+01,1.44325814394412177e-02,7.47093951133881262e+01
0,2.56760043007446370e+01,5.30520617671050587e+01,3.46398691111886523e-02,2.45454090171774624e+01
2,4.27612099240371677e+01,6.69153379454924675e+01,7.89972191898877761e-03,6.43915411287903510e+01
0,1.01572301177911370e+01,7.61199998034466034e+01,7.59015225714096270e-02,3.00757640786256486e+00
0,5.80410278476157799e+01,3.33056786040231003e+01,6.13149089788279505e-02,3.21739481428294951e+01
0,7.05751135563821776e+01,6.07714193153568019e+01,6.21276045205144054e-02,2.46096915393456932e+01
0,7.01060334678252843e+01,7.05410034974545681e+01,4.02308370801173973e-02,2.56589200624943921e+01
2,7.12278379359244127e+01,6.90405899567269330e+01,5.70076084406281811e-02,2.04808749424257570e+01
2,2.37292392959005127e+01,6.58005443490916520e+01,3.03744042857785508e-02,1.87600550730044588e+01
0,7.86994902041029434e+01,4.65193364346142033e+01,6.75188309161564720e-02,3.05566454572121913e+01
2,4.85959038876541172e+01,6.48931599625760782e+01,1.29033367609620604e-02,5.89151352185125603e+01
0,2.29905853338017998e+01,2.65362892624401923e+01,2.74325980397528736e-02,2.44919386727656168e+01
2,1.63737843718441418e+01,4.59227765507631389e+01,9.55771134939482209e-03,2.25365399827427453e+01
0,1.49682974004275984e+01,4.82056781194723385e+01,3.32265216072995945e-02,1.43373058722161328e+01
0,5.45877135192875542e+01,2.04916157396070986e+01,6.90185578267758365e-02,2.73832998375453478e+01
0,5.40011561882342050e+01,7.04807293592990760e+01,5.76405086948446610e-02,1.72891318126413474e+01
2,6.50730470713221791e+01,4.10400783710728518e+01,7.74944519789459024e-02,2.68026239754014135e+01
0,5.61030414555204473e+01,3.78761321377054827e+01,7.76428466819541613e-02,2.57680485225691811e+01
0,4.63582524481586091e+01,5.10311709661816266e+01,7.57053530245273415e-02,2.14026079289054394e+01
0,2.13975152063721339e+01,5.13881541393110552e+01,5.43438535937233735e-02,1.65120682912909302e+01
0,6.14131692932023086e+01,3.37193755236942820e+01,1.31539421300635069e-02,9.97110834589266091e+01
0,1.02842545422681635e+01,5.85546375037481397e+01,2.69774781328196850e-02,7.65385730604054615e+00
2,5.62213942835798761e+01,3.11932850613093748e+01,7.02511146533519593e-02,2.85332419154309669e+01
0,2.15717448444592321e+01,4.78891066894269244e+01,5.39633426444979664e-02,1.72870167096967187e+01
0,2.11168750345878422e+01,1.09345653872147590e+01,1.65858058779962021e-02,1.38991706515864362e+01
1,7.34264387625412098e+01,1.49008782499590620e+01,2.60963084279276746e-02,6.09882311881097507e+01
1,7.49088159111395839e+01,1.58515010101583158e+01,4.85518301125224400e-02,4.01750293390448405e+01
0,6.04199790063526407e+01,5.33112745642126384e+01,2.58839578393728793e-02,5.39947966086234601e+01
0,2.60029292466250332e+01,4.60730321047014257e+01,9.03012194132806270e-03,4.69253162613145065e+01
2,4.28563460692958031e+01,3.52300173418724967e+01,2.61385436869962899e-02,4.93084962092888475e+01
0,3.42338782751798050e+01,3.59828403564259958e+01,6.26621304757778025e-02,2.35832307203910752e+01
2,1.82323183662700643e+01,7.29116701103583580e+01,6.36488528191072739e-02,7.43608699603841394e+00
0,2.65771300561999695e+01,6.08563523958571508e+01,5.18318846465399205e-02,1.72511776599550188e+01
0,1.40578210521226019e+01,2.90021466936178172e+01,7.19366331275574783e-02,9.41652440320289230e+00
2,7.80609257382142374e+01,3.45930439282854536e+01,4.96514627683946989e-03,2.16381194431413093e+02
1,2.65406628216448901e+01,7.67069472022296424e+01,6.28272335717121582e-03,2.37841754159235279e+01
0,3.70991212331034959e+01,3.67395243664770845e+01,4.76250807347358626e-02,2.99923377834946372e+01
2,2.72629126935653048e+01,4.55010224570283484e+01,1.90317711607334329e-02,3.77836348480610482e+01
2,5.55879267128609769e+01,6.13662889920303769e+01,3.94483235546307237e-02,3.20003404023682521e+01
2,4.93770526881581944e+01,2.58407789906362737e+01,7.91110020165128186e-02,2.42063455691720435e+01
0,6.35966056569023408e+01,5.54456735491792116e+01,1.79310522800368057e-02,7.01782565657353246e+01
0,1.07991887740624630e+01,2.63903194849323448e+01,1.01406989109664291e-02,8.68207409191353285e+00
1,2.43272745849741199e+01,7.02158715190911806e+01,5.74319825823543240e-02,1.13239137048973788e+01
1,5.19116409942740873e+01,3.91251321467737370e+01,7.03843922446320269e-02,2.67856871628927209e+01
2,5.03596851103615393e+01,7.83720582300572914e+01,1.22471199688268858e-02,3.26754528874030896e+01
1,6.77106989497793563e+01,1.44878355756011281e+01,6.36859658455666330e-04,2.05368480233070869e+02
2,1.56382805202750674e+01,4.73861472002886117e+01,2.82512707966141099e-02,1.61314598301010861e+01
2,3.59806745169363182e+01,4.18238890510251622e+01,7.63411505805755130e-03,7.74110816555198795e+01
0,3.82629297581400110e+01,3.03927644238420669e+01,3.13772521632099538e-02,3.98131636953651764e+01
2,4.59118845244956120e+01,1.87091592814222523e+01,2.03608166148655928e-02,5.21905971122257526e+01
2,3.46000453460267039e+01,1.56245778239400614e+01,5.63529807185102691e-02,2.12724566272028461e+01
0,6.14268854013067269e+01,6.72225970504776740e+01,3.55380383083259768e-02,3.05801406663020607e+01
1,1.73018868610260768e+01,2.22496620229989333e+01,7.94902263119259544e-02,1.03534517136943585e+01
2,1.42438584141290097e+01,1.22527878799242060e+01,2.89780946277909748e-03,8.15607716615608069e+00
1,3.19447875986058172e+01,4.91264488327414597e+01,1.02232200405325459e-02,5.78309491656688195e+01
0,1.62557850849214063e+01,2.55757931432544368e+01,5.09562796110397866e-03,1.92466606845247057e+01
2,3.74687917521649183e+01,3.58841525436082520e+01,5.27348495639969467e-02,2.81854755083421260e+01
0,5.04901305393314459e+01,6.67095418990067657e+01,3.39500689905520708e-02,2.93574234235180995e+01
0,1.58932743510467471e+01,5.20982196437983021e+01,1.48621674456161923e-02,1.89952321829430772e+01
0,4.21857122492474517e+01,2.04412545423173881e+01,3.28839765608734680e-02,3.81131832910874380e+01
1,4.88722346899566702e+01,1.90089419810708975e+01,1.84246065390414049e-02,5.87974465383144889e+01
0,4.95177500346652053e+01,5.17738485479243806e+01,4.91301268240897232e-02,3.06985059659922541e+01
0,1.21141897969015808e+01,6.89706775811813770e+01,3.93491989590113028e-02,6.77494134660490310e+00
1,6.41264004135481969e+01,4.31023335430777621e+01,2.58848946114171403e-03,2.39496237517095750e+02
1,6.05396088453713190e+01,5.72017168765136290e+01,5.13052055511055340e-03,1.43689580556809972e+02
0,3.07907824932359340e+01,6.54261427268362326e+01,1.43623417406782746e-02,3.58593760795651875e+01
0,4.29941801317551082e+01,2.12814271386811562e+01,4.29269854012488336e-02,3.31803920211132848e+01
0,6.17427315614119365e+01,5.58965435032936995e+01,7.02470742929785508e-02,2.35420779444825250e+01
0,6.83852311558653696e+01,7.83737201773609371e+01,6.86409287186730711e-03,5.92004025710257054e+01
0,2.73401492563561099e+01,5.80549380280672764e+01,3.29487473184218310e-02,2.46638335891125351e+01
1,6.39582467460988511e+01,5.94455947194724459e+01,3.46161025863029326e-02,3.95623912091186440e+01
2,3.96938858699173238e+01,1.76837081591100898e+01,5.21546830783056609e-02,2.60977569262616811e+01
2,7.67212341625926797e+01,5.03339199640099295e+01,2.92678371500199666e-02,5.76015055751880567e+01
1,7.14855846511490256e+01,2.02816911698903048e+01,3.84890679343683692e-02,4.91415734337505583e+01
2,3.50594066175651164e+01,5.97448771821692759e+01,4.18953055118473847e-02,2.46716135615509664e+01
0,3.51882759955729654e+01,4.34791673052438199e+01,6.59255401578197064e-02,2.24042207696603377e+01
0,4.40085102979231237e+01,1.40109061659208685e+01,6.61131210830528254e-02,2.23653599908499565e+01
1,7.72451357670889820e+01,2.53325616184286204e+01,5.09882525488786972e-02,4.23224403570132068e+01
2,2.00786378838554569e+01,3.73109344618999188e+01,7.92116205976209770e-02,1.35855319589459391e+01
0,4.84230886558675166e+01,2.01420561246391117e+01,3.20891848453714115e-02,4.30470631345914896e+01
0,5.53397528110349697e+01,3.32816009269732120e+01,9.86456511133715352e-04,2.38626291197695423e+02
1,6.04038552097214279e+01,7.99482087050939185e+01,6.95802695313052638e-02,8.47022035339835178e+00
0,1.46980395516610294e+01,2.53852034247470826e+01,5.96698923907846360e-02,1.01539678782711906e+01
2,5.19520722340931016e+01,5.01689168493950248e+01,3.40009757588437614e-02,4.24790925797494481e+01
1,4.15308724105815799e+01,1.03097240840956896e+01,2.39911221005672214e-02,3.24237467145124896e+01
2,3.37591824775583120e+01,7.63433453820563983e+01,4.47836398421005144e-02,1.21651258526097106e+01
1,7.79375021777007504e+01,6.90231458017109105e+01,9.87640818777144524e-04,2.80725809593700205e+02
0,1.74220385281451762e+01,1.53848729733868321e+01,1.62665300188136191e-04,1.54646363890433669e+01
0,5.96084247730100429e+01,2.14854308886688941e+01,5.80196246404374449e-02,3.30327809022575707e+01
0,2.43052323617189039e+01,5.12236925691641574e+01,3.84444844861791535e-02,2.25333882572157407e+01
0,7.63671602631533233e+01,2.10756834400680262e+01,5.07360863917611926e-02,4.13983675348068800e+01
0,4.50220191365196385e+01,3.23044669476317097e+01,1.25508549567998982e-02,7.78154636266844335e+01
0,4.17371313928097223e+01,6.50801021028387225e+01,7.58536631621871682e-02,1.51237124806503989e+01
1,2.73951176008310853e+01,5.83447392282550084e+01,1.17667057962196342e-02,4.02842775292076922e+01
0,4.73645574635090227e+01,5.47583726490278551e+01,1.12901041293174131e-02,7.76100730124832978e+01
2,7.05030269228695374e+01,1.29395222846010505e+01,3.44248531809467836e-02,4.70505263328631429e+01
0,1.50451296848069056e+01,2.48710855348723143e+01,3.90589420613835364e-02,1.19375395389470178e+01
0,5.60758551227577513e+01,1.83739573585237821e+01,4.18339062168743420e-02,3.91032456275434370e+01
1,2.02588070872829782e+01,4.94484253015301150e+01,5.24107109763276222e-02,1.63617633924976360e+01
1,2.57549331792192291e+01,6.22573536982192692e+01,6.83077691802271153e-02,1.35920548386044739e+01
0,6.97696748343287823e+01,4.37118158667204568e+01,7.85642824911816501e-02,2.65326244466173371e+01
2,1.50590094120940190e+01,6.64194412311876476e+01,3.58084831801991771e-02,1.02335327830541338e+01
0,6.12169618241259101e+01,1.52932401850774049e+01,3.66910953029540646e-02,4.30959203060296119e+01
0,1.40497186629605473e+01,2.04214853058480408e+01,1.87316636973553045e-02,1.10396685384418323e+01
2,4.56680293214523516e+01,1.44181140954416716e+01,5.58896310015920966e-02,2.59334441070311819e+01
1,5.36455591250786483e+01,3.84838225968300307e+01,4.10967198132662498e-02,4.13935865176972584e+01
0,2.02898975663569665e+01,2.38844429208836715e+01,3.61196210509936583e-02,1.80080173286150327e+01
0,6.61476715481972803e+01,7.47570323816969733e+01,2.72630393648074162e-02,2.77656275472358374e+01
0,2.54707545986802444e+01,2.08671075511622774e+01,3.76431767788238600e-02,2.18485717647750270e+01
2,4.32977740058047758e+01,6.62133518756132560e+01,4.97245791659289699e-02,2.06592850014188549e+01
1,2.68196847905194637e+01,1.47784362720971991e+01,6.59719475640064140e-02,1.50066489066962703e+01
0,6.34510145687514893e+01,2.66480776156630554e+01,4.74627338511117089e-02,4.09012914644586587e+01
1,2.75798923857946505e+01,3.39025756810294467e+01,5.93426738431829665e-02,2.09500285398156407e+01
2,2.83527818968705390e+01,7.37682521736036563e+01,3.20271868035991794e-02,1.55074528854779548e+01
0,1.08523743755811957e+01,7.72259494803679445e+01,4.63083705581029126e-02,3.58755157204140973e+00
0,7.29886318723525847e+01,5.58721306658013717e+01,7.28210439571323892e-02,2.41758265765808034e+01
0,1.23517873929824837e+01,3.70126173823033895e+01,3.80538093363776558e-02,1.05371353572433879e+01
0,3.20210513352523947e+01,7.07559431473718661e+01,1.28928159641142417e-02,3.25159969564654503e+01
0,5.52905013544590034e+01,4.83319122194529456e+01,6.15767414101456440e-02,2.82655262047713549e+01
0,3.32460013670093559e+01,1.61232367328881665e+01,4.59818729343005189e-02,2.33078040079597208e+01
1,5.18044269923915408e+01,3.47929632902469024e+01,2.42199205366489256e-02,5.94430168067552032e+01
0,3.55195411180706486e+01,1.93614536411332878e+01,1.61477401787991845e-02,4.46519642377558270e+01
0,7.15965786164434803e+01,6.63827935547385266e+01,2.00352985548685504e-02,5.28004753311658135e+01
0,2.11285451404618527e+01,2.57821543564092224e+01,6.58302745650936744e-02,1.47973190160623229e+01
0,1.12887301827886208e+01,3.41429668892769627e+01,5.14474878790683945e-02,8.31394107483070677e+00
0,1.69790002565235980e+01,5.51410239116113203e+01,4.18000359984448955e-02,1.42525638472249980e+01
0,4.66794425917509272e+01,4.92153261564485831e+01,1.51743857042542108e-02,6.90351062906884465e+01
0,5.14588089733843219e+01,6.40356869693907385e+01,6.29516113230887409e-02,1.98242224033357246e+01
0,6.83731972862093471e+01,6.27013046557498797e+01,3.94820256112544052e-02,3.37836109930109814e+01
2,7.68253587329080574e+01,7.49716442275371691e+01,2.33169435883363620e-02,3.31390228926216395e+01
0,3.80913097412439825e+01,4.71715111549270461e+01,5.36517270144651823e-02,2.64032508982199587e+01
0,6.76586622120620831e+01,3.66090995031992819e+01,5.51988741306802325e-02,3.70636345941036112e+01
2,3.83618822794538872e+01,1.38022382490059439e+01,1.33306154714200181e-02,4.37178827679415036e+01
0,3.59459916762829295e+01,1.93954665548586043e+01,6.91709701464628263e-02,2.07613649735969190e+01
1,1.92886001641446860e+01,2.43081582156787874e+01,3.15529437007365729e-02,1.78453867832525965e+01
0,7.08057368459234056e+01,1.72233155524762900e+01,1.80452454108933139e-02,7.89903414082643280e+01
0,3.35275084670679817e+01,1.01564673649339134e+01,2.33450313662497792e-02,2.47787007553580203e+01
0,5.52683770779111825e+01,4.01527175524255995e+01,7.51624530043121380e-02,2.59402512564569641e+01
2,4.62015835230822844e+01,1.81140646635202387e+01,3.66050423565834129e-02,3.69908668984668836e+01
0,7.97786267452107154e+01,3.25037990402344121e+01,5.19710991232447475e-02,4.22916353503301821e+01
1,2.78943787557061995e+01,3.14742016726061102e+01,4.06684144072208126e-02,2.62232777037405889e+01
2,4.86049051919538329e+01,3.89549816962023243e+01,7.95655338229767917e-02,2.35944500639181705e+01
0,6.52742579985036002e+01,4.76943968239234266e+01,5.81805679212417451e-02,3.19360724103926721e+01
0,2.33756699753547679e+01,3.25867496311555058e+01,6.64174889877276325e-02,1.70229940129195967e+01
0,6.76221660804760063e+01,2.61013908853750181e+01,2.75788378329545128e-02,6.32153244407917612e+01
0,4.90718812625554790e+01,5.63672277572633575e+01,7.35437961381999739e-02,2.05500366667869692e+01
0,1.72463348570244825e+01,1.77085513102189438e+01,6.27431687064625293e-02,1.01869928420124776e+01
1,7.77639737192706804e+01,3.41585504752145681e+01,5.95497841652578713e-02,3.72068206403895232e+01
2,3.88296096312397268e+01,2.08255594170343485e+01,6.71242008204783608e-02,2.28023182656904098e+01
0,4.32784327938346891e+01,1.17845241180768419e+01,3.69353738476875457e-02,2.93929526152707012e+01
0,6.49123598212234185e+01,6.76046003401805535e+01,5.34476879262218985e-02,2.21093627094636211e+01
0,7.75246104551986974e+01,6.25316402276795174e+01,6.94160753089669985e-02,2.19970742847032739e+01
0,2.71876968379399209e+01,7.00318004416920701e+01,2.37169876457329655e-02,2.09883115319197451e+01
0,1.95315841825629377e+01,5.51446655651335789e+01,6.90624885566165359e-02,1.26229297116273731e+01
0,6.21311626710575027e+01,6.81510492020890268e+01,6.35926223750437197e-02,1.84289352969700317e+01
2,5.73926255525315341e+01,4.02083130291691901e+01,6.52902474556609352e-02,2.95463323864447460e+01
2,4.12564380239092401e+01,4.39959724337641660e+01,5.36524318696800853e-02,2.84272983080619213e+01
0,5.53324829502729401e+01,4.39185346026792658e+01,3.12566866983391770e-02,4.98710923725743243e+01
0,7.60904986447651197e+01,1.49828105974705199e+01,4.79929912161290093e-02,4.03340092236983381e+01
0,6.89337684872978826e+01,6.96284033092860568e+01,7.22448898960710850e-02,1.61308545774215126e+01
0,4.97753799332776197e+01,6.97112045097735802e+01,6.06792787054761806e-02,1.65651974689993509e+01
1,7.36038738197783005e+01,7.89215205344401483e+01,4.49474584277580400e-02,1.43906379557558601e+01
0,7.39038030275297615e+01,6.99124520571229198e+01,1.92238751090926391e-02,4.86000733046259796e+01
0,6.39808936060112501e+01,7.52715206691662644e+01,7.05205949352066125e-02,1.21329173151573819e+01
1,1.82992668898908164e+01,7.84271420013405702e+01,4.15414502366824173e-02,6.58208640868213202e+00
0,4.93196244479017096e+01,3.78279009009422111e+01,1.74209181957658034e-02,7.06651550146000744e+01
0,5.25086822024732953e+01,1.50043891916793584e+01,2.79633644000225612e-02,4.52859644968286403e+01
2,7.15534351087943037e+01,4.92070208399969644e+01,3.08798749562565721e-02,5.43095868262504808e+01
0,4.61360929602580256e+01,6.43406298876013807e+01,4.68496039830095454e-02,2.36433504793649085e+01
0,5.28812843047834136e+01,7.70791764350049533e+01,1.48551502846939521e-03,9.37348608047933993e+01
0,6.00614725588470719e+01,2.87444358529929787e+01,1.81936459119941933e-02,7.86040655694718140e+01
1,1.58709905577288524e+01,3.35773247145772160e+01,6.44042118937629329e-03,2.10901706925341728e+01
1,1.39440060606354113e+01,7.71864171860584065e+01,7.61589009687296675e-02,4.04663248755542693e+00
2,1.21278478497841782e+01,6.65472214544323606e+01,3.23002400290799130e-02,7.81312052056732487e+00
0,1.74784824399703496e+01,2.20352197490287409e+01,3.44738915505068133e-02,1.43858006375977041e+01
0,2.78838902388114711e+01,7.78085389076617986e+01,5.65437126206873794e-02,8.26212158527965101e+00
0,1.33870753715080326e+01,1.21503103498644531e+01,4.89087373933129593e-02,5.80722964087908444e+00
2,5.17512440308712840e+01,1.05625103362749240e+01,4.62303005158232333e-02,2.87548264966728446e+01
0,5.00602428998120530e+01,2.31543195753451769e+01,4.47791631450970978e-02,3.65295329665926332e+01
0,4.18704021587309043e+01,2.34948995481693466e+01,2.36488951279156812e-02,4.78133705408700820e+01
0,1.06264547549547199e+01,3.04474771609863417e+01,5.27470799659312539e-02,7.23680572361965257e+00
0,4.63427932810008514e+01,5.22115821937597460e+01,2.93812903427762076e-02,4.29836128547722822e+01
1,1.88458036230372485e+01,7.44048265461804021e+01,6.51279516931173030e-02,6.98525501217764599e+00
0,1.03573975683707804e+01,3.97292968112881795e+01,2.48434956910078344e-02,8.83977315729272028e+00
0,6.57359173269098562e+01,2.48337824511969210e+01,4.02871034037716874e-02,4.68377942418984006e+01
0,7.37457108017031118e+01,4.17212156577536248e+01,3.66266968037558087e-03,2.40406363295809172e+02
1,1.50624068187246607e+01,2.02954533455198387e+01,4.65751437263720383e-03,1.40779907360311256e+01
2,5.61298704706716762e+01,7.13402850755553004e+01,4.90014320709321258e-02,1.93011996623187301e+01
1,1.37300825809738285e+01,3.32252151818996708e+01,4.40038851208885990e-03,1.64593595404044386e+01
0,5.07532129173864632e+01,5.03495916254294187e+01,7.60782945275269434e-02,2.23664705503831058e+01
0,5.36738141505187656e+01,7.41886529680794808e+01,1.87778652508715366e-02,3.39136551846349761e+01
0,5.10726413765747509e+01,4.50650186930762047e+01,4.28180450767085760e-02,3.74298948898444621e+01
1,7.93210075031624342e+01,4.27950522010955012e+01,2.78477301227740177e-02,6.59850368897247535e+01
1,5.29555947415930035e+01,5.33196732918627632e+01,9.86338811196905236e-04,2.23086770085451036e+02
0,2.16293424337811260e+01,7.08392929767850319e+01,6.69020716063710996e-02,9.16068065873251491e+00
0,7.52967637529903442e+01,1.70881175745109104e+01,5.32538345624124915e-02,3.81319014644162309e+01
1,3.09307932199288977e+01,5.76995054622053303e+01,1.47930070981585628e-04,8.67168498147242701e+01
1,4.77598218608410576e+01,3.36590557549336751e+01,3.02548547389109232e-02,4.84384859406610815e+01
0,4.02758527308382526e+01,2.06202466518869585e+01,5.98326580080890819e-02,2.52183862324196362e+01
1,6.64717203001155781e+01,7.27727886406277804e+01,4.75825204563159812e-02,1.97164369345448200e+01
0,1.58802134035775708e+01,7.45972133004525801e+01,4.64548275451243456e-02,6.92155902456716365e+00
0,3.57329083686899551e+01,1.97013317139180906e+01,1.11154605299288809e-02,5.21110280647443673e+01
0,4.09900880297931920e+01,4.35142796008385631e+01,6.76585537994248490e-03,9.49563375217210961e+01
1,5.18189679672548920e+01,7.96385098900109369e+01,7.50374804649227428e-02,7.75183117381920006e+00
0,7.35535541087373019e+01,5.95091506504693228e+01,2.56843445203759832e-02,5.32247451496571600e+01
0,3.11048695806701119e+01,3.83637893227193132e+01,2.05452460304180844e-02,4.25827041825481842e+01
0,3.41875681223814780e+01,2.20179828425863171e+01,2.58985807262393508e-02,3.66226216327264353e+01
0,5.70404289236825406e+01,7.90109824589021343e+01,4.83185897830912259e-02,1.22372038801902168e+01
0,2.46270192350518826e+01,5.26776244249879326e+01,3.41176429392616790e-02,2.39297199616230571e+01
1,4.56917768639266200e+01,3.71576564644022227e+01,3.62397175464010610e-02,4.14376620031145961e+01
0,3.23804748235230448e+01,2.75024892114611426e+01,2.60721772252670916e-02,3.72019779918383549e+01
0,5.36625069531097694e+01,7.58326764158767475e+01,2.33376184246707405e-02,2.63503434586956224e+01
0,5.06398572945297403e+01,5.56496325056476877e+01,5.22012731344252898e-02,2.77918464392805582e+01
0,5.80137486498235546e+01,1.06012383201996361e+01,2.36644171852140144e-02,4.70992855386118237e+01
0,4.00787394423648635e+01,5.45452760997793575e+01,4.47637896882923589e-02,2.81844062920984264e+01
0,2.63552470588385006e+01,6.40810072318085844e+01,4.98739942290499297e-02,1.62004705912142519e+01
1,1.10232268570261258e+01,4.51262493912779163e+01,3.94285334559311071e-02,8.93347053066024621e+00
0,5.21118903736429004e+01,1.89084660536101907e+01,6.78972934401053108e-02,2.65807857925807767e+01
0,2.57370290045942767e+01,3.61294228134167952e+01,7.80156849780515443e-02,1.67153846645456845e+01
1,1.03378393117374685e+01,4.35570589917999698e+01,3.87635494822570342e-02,8.14757240041075548e+00
0,3.62520120377431923e+01,4.78503645695680291e+01,3.52703560648286035e-02,3.39427691581782440e+01
0,2.91892244017387981e+01,1.69125844905207359e+01,7.42462945584905637e-02,1.60822150334777163e+01
0,5.77915240451351764e+01,3.38539654034553479e+01,3.60284647846610198e-02,4.81662161818303858e+01
0,3.08456387972901354e+01,4.36110266474871793e+01,4.79888418021321150e-02,2.55450351005416216e+01
2,3.57361906043340340e+01,2.63097816848173238e+01,5.96328325121848399e-02,2.45236784665930010e+01
0,6.06738898346031945e+01,1.36927602421463117e+01,1.24035583626223109e-02,7.75079364044885892e+01
1,5.71908081971233173e+01,1.57772079899334017e+01,5.71824462735093242e-02,3.04761897697025184e+01
0,2.12511879480444357e+01,4.56441576665379074e+01,6.31761915690297188e-02,1.58439346793437945e+01
0,5.10768081867735972e+01,1.10890016413882080e+01,3.04380752535194955e-02,3.71519478562656289e+01
0,7.52983928203451995e+01,1.91803507515007041e+01,5.50817885108654329e-02,3.79567602103990680e+01
0,7.36546350760571187e+01,3.07843464293524569e+01,6.24923887717352272e-02,3.52762797382051900e+01
1,6.94567823036867082e+01,3.67382466831837604e+01,2.45116647349570838e-02,7.03868097509485438e+01
2,2.97409497933793752e+01,4.06840502009803799e+01,5.28262476137315237e-02,2.37111011301181165e+01
1,7.71712399208644086e+01,3.87021501275742850e+01,1.99103706599109108e-02,8.62637392317983966e+01
0,2.39754648601104350e+01,1.50164070713524396e+01,4.97050422528027974e-02,1.53267032090833215e+01
0,3.81316093160360268e+01,7.32109950266384999e+01,1.59476717062748095e-02,3.08155941966100428e+01
1,1.79893910862844955e+01,6.95638712292250148e+01,4.63694887283916113e-02,1.00591028629745871e+01
1,4.95927933652057007e+01,3.79832144783306163e+01,1.94176923159953309e-02,6.62930228031005981e+01
0,6.05856567627198928e+01,7.24779211460344754e+01,1.46298897367677407e-02,4.75346174754267281e+01
0,5.81343853728895610e+01,7.10721649711632608e+01,7.76612033409784658e-02,1.34783562619576447e+01
2,1.05031305255287570e+01,7.17309443998413201e+01,6.06079840026824395e-03,6.27633392971390869e+00
0,7.87728086914512033e+01,2.75619490854353302e+01,4.20113456590650095e-02,5.00799797672416673e+01
1,3.17006862044303794e+01,4.54774738836766090e+01,4.54755272582619968e-02,2.66451457361688782e+01
0,6.18969680800629547e+01,7.79476234883537842e+01,6.30632157001408261e-02,1.10022627628054686e+01
1,7.48621844728956489e+01,4.65053734143151729e+01,1.80369769986040117e-02,8.62815644094680181e+01
0,6.46116842014391182e+01,6.81179189488988470e+01,7.97290671397016121e-02,1.53943170973400392e+01
0,4.66268310128729127e+01,4.78209066029831220e+01,7.90119428987383771e-02,2.16027946017624188e+01
1,4.77061070147128419e+01,7.20757030478152387e+01,4.00812733177363031e-02,2.03044987686597054e+01
0,2.00641253030453477e+01,4.58447760868395591e+01,4.89651203199194460e-02,1.72823176588848177e+01
0,3.67451069479729995e+01,6.41501192165666225e+01,2.97758900756143856e-02,2.87411937100994592e+01
0,6.75751383025271366e+01,1.80473084384255316e+01,2.39843635109125951e-02,6.44049234234915957e+01
2,5.76828448894754615e+01,5.17761839829016211e+01,4.53563463874141412e-02,3.51119399057113313e+01
0,5.64466336670601834e+01,1.20245214289780158e+01,1.72561330959834884e-02,5.74014601194000065e+01
0,5.77001300602195855e+01,5.23550214908094773e+01,4.24028467420776226e-02,3.67110063253762462e+01
0,3.44679249518074045e+01,5.37642398385545661e+01,3.95520976479019418e-02,2.82729962993610258e+01
1,7.86142128269496396e+01,7.49299316438804652e+01,2.50592457804282090e-02,3.16603728383939895e+01
2,3.35408793798088567e+01,2.14312603037962042e+01,7.36151078515806783e-03,5.64380935008562261e+01
0,2.30991258375839124e+01,7.53065321447171527e+01,4.68188513859902691e-02,9.56724998191260312e+00
1,5.68102698773065313e+01,7.23096337716371949e+01,7.61860613203685366e-02,1.28283473507212911e+01
0,2.18434408382263214e+01,4.94541711061463474e+01,6.73392480123684856e-02,1.51111655670685323e+01
0,7.82691190003859703e+01,1.51673442362126050e+01,1.03624402431037686e-02,1.14081215080450335e+02
1,5.02865211068401194e+01,7.52091928264021874e+01,2.36171711150121415e-02,2.61486112580700265e+01
0,1.84099216838866440e+01,4.88575343219319862e+01,3.72944503839621189e-02,1.76187664521622054e+01
0,1.16532958556204704e+01,2.81884138990301274e+01,4.98186708978278214e-02,8.15407250915691328e+00
2,5.20844346841481212e+01,4.90914155115297106e+01,3.96128211632868141e-02,3.84520757558954358e+01
0,1.29504660318549494e+01,4.24046322679686085e+01,5.40039309658061836e-02,1.01943897380370654e+01
0,1.36710049462164722e+01,1.67563255888063516e+01,2.41619411933868388e-03,1.00779369547327207e+01
0,3.88709981132510194e+01,4.47632707288207783e+01,4.49003331247038867e-02,3.09949256615930615e+01
0,4.13802315064107589e+01,1.34522039480437208e+01,5.44572900344180363e-02,2.38264207623941928e+01
0,6.80273828089202368e+01,1.59784670318647031e+01,7.40949064813507391e-02,2.75700619488665097e+01
0,1.90576612892886210e+01,6.45419215342720918e+01,1.96565671676908332e-02,1.82075371007466380e+01
0,7.07832680478038867e+01,4.08962852924438067e+01,4.03181679091815705e-03,2.20270131135696516e+02
0,3.83501485779153768e+01,7.77182469321489862e+01,4.43325652493044703e-02,1.20058483607185149e+01
0,6.97086193063021824e+01,6.32047894846948779e+01,4.34744157699701525e-02,3.10188563709612950e+01
2,2.05942150117310412e+01,2.25783280763269687e+01,5.05440320577250010e-02,1.55716668557251765e+01
0,1.33648766743803620e+01,5.06634505176941019e+01,1.12439506648081364e-02,1.51752614870981031e+01
2,4.05078191274134269e+01,6.82555426251505821e+01,2.39547634096434169e-02,3.11470893218951552e+01
0,2.50957094864414962e+01,2.71375457964512066e+01,7.46721572975723447e-02,1.63246314933908110e+01
2,4.34776918035342206e+01,4.36734137832868825e+01,6.97404192766992448e-02,2.40413781085183871e+01
2,6.74137535468524760e+01,7.72011212432713876e+01,5.48389515778036143e-02,1.34812955958965048e+01
0,7.19800146249964996e+01,3.76509089096036575e+01,6.41160928059434643e-02,3.34067990205490162e+01
0,1.60770378363951032e+01,3.73706555120413384e+01,2.99992663521973860e-02,1.65045841633213222e+01
2,2.79962904791172456e+01,3.16321208508288620e+01,7.34798841846293349e-02,1.83898460129565535e+01
0,3.13402608063832488e+01,6.49185411454057117e+01,4.51029837873607054e-03,5.63702159856691551e+01
0,2.22057298103688936e+01,4.62424224066220901e+01,1.17934875831104697e-02,3.46336007455104564e+01
0,4.26919899627963702e+01,3.59996809489264677e+01,5.18558954991839034e-03,1.09518587379114550e+02
0,1.37510278891098991e+01,7.46494147139274702e+01,1.37556044445963990e-02,8.06901849921749026e+00
1,2.38095201731163613e+01,7.55366867348958664e+01,6.54403481310164153e-02,7.83908521371099809e+00
0,1.45589875090971432e+01,5.93335423143553484e+01,6.89558282458351546e-02,8.88694232717525168e+00
0,4.19852733338686974e+01,2.28241964251113352e+01,5.49066681391091188e-02,2.81749193276529581e+01
0,7.57991534787376366e+01,5.22121470060384496e+01,4.84960255877436991e-02,3.69456246794902796e+01
1,2.07193204696408841e+01,2.77522719049503337e+01,6.08935724653546021e-02,1.54420239041367164e+01
0,7.20999270043504623e+01,6.17231802260342022e+01,5.59508022703686173e-02,2.64551540704991197e+01
1,3.21035111245985547e+01,5.20417050465082340e+01,7.55739154915953532e-02,1.75902736197442273e+01
2,6.22991434635046915e+01,6.29940041407337930e+01,7.19385494292873046e-02,1.96240830619950870e+01
0,6.89838736938493753e+01,5.13506866699297930e+01,1.46701033078998847e-02,9.04043339150498042e+01
2,5.23529531439800309e+01,5.90717045023112206e+01,5.51744717377137817e-02,2.52036446033059534e+01
0,6.03478980020283160e+01,7.77889140315826495e+01,6.28985499738290293e-02,1.10635718423470593e+01
0,5.42484767010128053e+01,4.44565893997091450e+01,5.85495613250381353e-02,3.04159780446977166e+01
0,7.51409106027765290e+01,7.49264343093915954e+01,6.65326348972133663e-02,1.36953902425269760e+01
0,6.45116177042261967e+01,3.52958046452523746e+01,5.69702083738711576e-02,3.55858533719525312e+01
0,3.94183500233078874e+01,2.44439908422029255e+01,6.58432999418934045e-02,2.41639188423677354e+01
0,3.03664662985024201e+01,7.97640502788875807e+01,5.48608471471951770e-02,7.58228280040754576e+00
0,2.09784262461772784e+01,5.67100354963120168e+01,3.91573979812055994e-02,1.79712729057635485e+01
0,4.58493658392181658e+01,1.51909981337475308e+01,2.72749665243211155e-02,4.09208145646439831e+01
0,2.60395808246800691e+01,7.16874257744411238e+01,6.95941555458496480e-02,9.79797997741324167e+00
2,2.64400046453790374e+01,6.04069662480416980e+01,4.94828083490147282e-03,4.74426062522543361e+01
0,7.17433889892125194e+01,1.11154344495720174e+01,3.87182542049372899e-02,4.18116417386261290e+01
0,5.89822202359277625e+01,4.49579765295339229e+01,1.30573559123541381e-02,9.40701327844039668e+01
0,4.77625238278629567e+01,7.99899061844559753e+01,7.23513357869172164e-03,3.64618642196660332e+01
0,6.90192870566701799e+01,3.85482879332914337e+01,2.19782770683637739e-02,7.54593436731154270e+01
1,4.67766357290359522e+01,7.62952847997800063e+01,3.59530053411575498e-02,1.72509813661719527e+01
0,3.76100545632705376e+01,4.06998552355494212e+01,6.97689379672807586e-02,2.27251091127562255e+01
0,5.79854977638760047e+01,6.61791677370839579e+01,5.11571397018825216e-02,2.30619081778082844e+01
0,5.26151624575688430e+01,7.05052806590109782e+01,1.21956787071189066e-02,5.32617212111784326e+01
0,2.45955493576476734e+01,5.10307090826457710e+01,7.90605517065832708e-02,1.46230523977365632e+01
2,3.23006792021455027e+01,4.59476210014984119e+01,1.22522809944718078e-02,5.54647903244669749e+01
0,4.92691551079212573e+01,6.45029777198438978e+01,5.18002879998974153e-02,2.24450430756298935e+01
1,2.53048965615579959e+01,3.30587312470480512e+01,4.65611289549325222e-02,2.24107665240146829e+01
1,7.41818045792171006e+01,4.36225779216798699e+01,2.22545095189059516e-02,7.53471792977793626e+01
1,1.31012044432782950e+01,4.18396978290448445e+01,7.94760621385532662e-02,8.83990629675095363e+00
0,7.13453292412075086e+01,6.97297258478581909e+01,4.02289442354510571e-02,2.67293343918595063e+01
0,7.85939726189450454e+01,7.45097449969841392e+01,4.58875306168443076e-02,1.96293862602187161e+01
0,5.30668174926042795e+01,2.23830636796461704e+01,5.71255389541770325e-02,3.15678301944948423e+01
1,2.48326232094611470e+01,6.97975967549447063e+01,1.89101669356802845e-03,3.69899988006862870e+01
0,6.66828127405262592e+01,3.44167809349911664e+01,2.04124936266594226e-02,7.88007510273404534e+01
0,4.08933936013641812e+01,4.06082479132004721e+01,4.61203055438953249e-02,3.22278862066958496e+01
1,5.98714041268587991e+01,1.38602080019877558e+01,2.43413092725404921e-02,5.32913804492632153e+01
0,3.25865667266758834e+01,6.12296984753869751e+01,1.82767404625947989e-02,3.75429761601156358e+01
0,2.55016028928719081e+01,4.91491268901965910e+01,4.38486943172412130e-02,2.22819902041686362e+01
1,7.67966723342700988e+01,3.49287836167622601e+01,2.63493904814542726e-02,7.07125334348669554e+01
0,1.53023012457038554e+01,4.02834394715975392e+01,6.10446698087560094e-02,1.18756177527272122e+01
0,1.40662309967924948e+01,7.36493664545915863e+01,5.35695315745116432e-02,5.95941592732001713e+00
0,6.47946633909022012e+01,2.37291188494208569e+01,5.11211558561077348e-02,3.85752301357577352e+01
1,6.42852459240322816e+01,4.14931462132082771e+01,1.31248533834817495e-03,3.00143572539630668e+02
2,3.18033249434817584e+01,4.68572782224843394e+01,3.17222145902026423e-02,3.31224465029071595e+01
0,3.61841439877647559e+01,6.98957085191449039e+01,1.76043033335639100e-03,7.22936378948527079e+01
0,5.81548793791011960e+01,7.52186052181875766e+01,4.99925221297461628e-02,1.57207334106305261e+01
0,5.19856594796810256e+01,2.81051655848304733e+01,5.73365880190303701e-03,1.26035366686953907e+02
1,5.53934871399797544e+01,1.55811846270051966e+01,7.40905674734402414e-02,2.46203363673301965e+01
0,4.04732752407870606e+01,2.23418304289164169e+01,8.70883279090571213e-03,7.13829455779557520e+01
1,7.86170298396164213e+01,1.40245802051224100e+01,5.96765976812493049e-02,3.41208840189634586e+01
0,2.03591566753262967e+01,3.58492986924115726e+01,5.74546259420871258e-02,1.64253941969152706e+01
1,5.42216958555541950e+01,2.68868038790559787e+01,3.57489057326353249e-02,4.61040948502635572e+01
2,2.44278665306021168e+01,1.00110835244657821e+01,2.63583544111841567e-02,1.49857125195992289e+01
0,3.34401167279247744e+01,6.99333885641653978e+01,5.97262313305691184e-02,1.37084756790145299e+01
2,3.08266826447995683e+01,7.13977291844712170e+01,5.49074391069976006e-02,1.30337182169296089e+01
0,6.77593306253244805e+01,2.04102282946420353e+01,2.86431225093839890e-03,1.97297699570360948e+02
0,5.05958401408066578e+01,2.79606996602604170e+01,3.91165669194173254e-02,4.16325196172915497e+01
0,3.31555179497166961e+01,7.86558212621840340e+01,2.33282589534040338e-02,1.54592128174551924e+01
1,4.74908307045368261e+01,6.44557110104252899e+01,2.08151036383488475e-02,4.31122275049271622e+01
0,4.22867358373338220e+01,4.71372475325232756e+01,6.02621783760913313e-02,2.56744047769037529e+01
0,4.80896451286611963e+01,3.33851942723723738e+01,4.75774985952633969e-02,3.54070222083483870e+01
0,2.66278984816124051e+01,4.87641507192136245e+01,6.44109468558735077e-02,1.81784656931432345e+01
0,3.61843756043217937e+01,6.28625520822694455e+01,3.78059477278853001e-02,2.50880222023163952e+01
0,4.20892445987654042e+01,1.80057695578452233e+01,3.78534536441674230e-02,3.35326362757161718e+01
0,1.58236174653201065e+01,1.82128417785604846e+01,3.51568836740254811e-02,1.09961734654864944e+01
0,1.10040766761078572e+01,1.49676239873398433e+01,4.09259927003230994e-02,5.06595924055335711e+00
0,5.15545014727857023e+01,2.76650343409620163e+01,1.81090504036756522e-03,1.74796423869978298e+02
1,2.44948987719396953e+01,7.34049334584110511e+01,5.50535625893017449e-03,2.63620510227460265e+01
0,6.61527091880648186e+01,1.42284256778108862e+01,1.05786259955454476e-02,9.33380106085631525e+01
0,1.17541340542479862e+01,4.99650422900681122e+01,4.68416389989109172e-02,9.09940674867005406e+00
2,2.56242466949367369e+01,6.44210343710092275e+01,6.48615164956756057e-02,1.32383212944404036e+01
0,5.40907509094978138e+01,3.66710117344519091e+01,2.55567176748611319e-02,5.88602380774972076e+01
0,1.92398258735372067e+01,7.52212328503911749e+01,3.45358781954998167e-02,9.45086336632380331e+00
0,3.94496149218308148e+01,3.91717393343429450e+01,1.81300660618515172e-02,5.71180106857638705e+01
0,3.08792404690085505e+01,6.80407998452488130e+01,4.84823181245774559e-02,1.62748609101684565e+01
2,2.87971542937690366e+01,2.00339370483310510e+01,3.89176531215814411e-03,4.71537489489195139e+01
0,2.64436914714553808e+01,5.98125565530699745e+01,1.18792512301391373e-02,3.73242730518172863e+01
0,7.83159614207506962e+01,2.66151679183365459e+01,6.48458035088309154e-02,3.50626666744994040e+01
2,3.23765725100871009e+01,4.02471367162373497e+01,2.81411849886236722e-02,3.73170158911962773e+01
0,1.82512719472112437e+01,4.95016591821954606e+01,7.90758670676728198e-02,1.18099604946352432e+01
0,7.40665757356516252e+01,4.69589997091544760e+01,4.96518936524005111e-02,3.85855515078285762e+01
1,2.10845347837924422e+01,7.72466559432844946e+01,2.33074296093851614e-02,1.09112944515538093e+01
0,6.15688930905069967e+01,6.53795624471804473e+01,5.07946729258504370e-02,2.43747811139119257e+01
0,5.61176576802302520e+01,1.65818718045738578e+01,7.69167721150821188e-02,2.44690447834518139e+01
0,6.02358711901890302e+01,5.97305261008736608e+01,2.64140847205076136e-03,1.84723678947996802e+02
0,6.41348285360706143e+01,2.25340537709887840e+01,7.41443521466764871e-02,2.84529462602972885e+01
0,2.26212109939481110e+01,3.56007774778828292e+01,6.11708782848076893e-02,1.74891639217363490e+01
0,1.26112367747182255e+01,1.15863492811917688e+01,7.43081251237818347e-02,4.64135827984084948e+00
1,4.01513111593766823e+01,1.83837836400061647e+01,6.36195062491527324e-02,2.34042192207894111e+01
0,4.11416046846528047e+01,6.03543336743354644e+01,7.89958075608006016e-02,1.65215787355657042e+01
0,2.65632206747751702e+01,3.44240201765590754e+01,1.38570994175571810e-02,4.13024516474453094e+01
0,6.67009416153674266e+01,7.75912735185547859e+01,5.64919439312210267e-02,1.27306468102728356e+01
0,1.76315548766887353e+01,4.79912516162404117e+01,7.14655196541031084e-03,2.65429895793128701e+01
0,4.48256941502976218e+01,6.78661417543293624e+01,3.74102999772423575e-02,2.46276986928750716e+01
0,4.69925605415816321e+01,7.94846289394352681e+01,7.45658639834986675e-02,7.61797706596715418e+00
0,1.06552653719178831e+01,7.85114451405848683e+01,7.04901063226878455e-02,2.76556973803991024e+00
0,6.67633880323535891e+01,4.42183488164848626e+01,4.86885894623250090e-02,3.87008333870013956e+01
2,3.50725635324146268e+01,5.04505827399663076e+01,3.35347461076718478e-02,3.33258090482111555e+01
0,4.20630767798500926e+01,1.95958671062568328e+01,6.84612876620244171e-02,2.33722013088662806e+01
0,2.12578479309149664e+01,5.54228417987406488e+01,3.29398126273972580e-02,2.02609247350274373e+01
0,3.79374436310493692e+01,3.49858192628965554e+01,1.62828995217111582e-03,1.18382969653335053e+02
0,4.16770086247527445e+01,6.45999988223284305e+01,1.77077277591202176e-02,4.33691661899917378e+01
0,5.21614838336630271e+01,4.98901133432309365e+01,4.40728674824618361e-02,3.51293688688857841e+01
0,1.24831818587493419e+01,4.87304265970693748e+01,3.68688804523193830e-02,1.07517159175475996e+01
2,3.99206019875999800e+01,6.45714119291711199e+01,7.72549950250487200e-02,1.48382728876145435e+01
0,4.42307028552849033e+01,6.85869520116275027e+01,3.27486227106329256e-02,2.62392559881924967e+01
0,7.66765998540813456e+01,5.41370994210112713e+01,3.98261706003541424e-02,4.23242737631786028e+01
2,5.17000992142241671e+01,1.68641702461964158e+01,2.33139967275160405e-02,5.19167625732918196e+01
0,5.79997656919188032e+01,4.45778846468761643e+01,1.95052903044622208e-02,7.13823778988251405e+01
0,4.08131097024272478e+01,7.19648634092471866e+01,3.60518869376452505e-03,6.78111980907332708e+01
0,4.45648805140589204e+01,6.15997344664313573e+01,1.19361044075520974e-02,6.25851981983654468e+01
2,7.87782567210375930e+01,5.15317574038851376e+01,7.60965051519269936e-02,2.57116492588670802e+01
0,3.90558002105985054e+01,1.43841866366475735e+01,3.01204900378392280e-02,3.24126885672238174e+01
0,7.95620580859655320e+01,7.81828882967775911e+01,1.78814758219210286e-02,3.33730205980818013e+01
0,5.26621731268555422e+01,1.18829921034967860e+01,4.41326937735931693e-02,3.14109325231744805e+01
0,7.41457218511621221e+01,1.97461660612330476e+01,3.79495380779837910e-02,5.04152431215542833e+01
1,5.03790997211363205e+01,1.47793477472717232e+01,5.66094935066226157e-02,2.77760707411502281e+01
0,6.75192283292067827e+01,5.34312563288291216e+01,7.79377381548178455e-02,2.32354488652087845e+01
0,6.75551062991998492e+01,4.37748323111850084e+01,1.94739337117773130e-02,7.88890876316642817e+01
0,3.70008543123289826e+01,7.54332834259603544e+01,4.47057225516694148e-02,1.36343457221367768e+01
0,3.30465410099307491e+01,5.36602829944571553e+01,2.65396816921081857e-02,3.53120692626032238e+01
1,7.57710558981274573e+01,4.94543285065312048e+01,6.92585216315040331e-02,2.84274242176222351e+01
0,3.30522524875026562e+01,1.15878300702866195e+01,1.78381465438823134e-02,2.89444291146148132e+01
1,6.48412573744462719e+01,7.67634837968819284e+01,5.36614329677125926e-02,1.39702041649064999e+01
0,2.24193767627706393e+01,4.17319915346127672e+01,2.48629447423699274e-02,2.72172668127265567e+01
0,4.42381479975955614e+01,2.86089763455228692e+01,6.81293613252115238e-02,2.57987049631227023e+01
1,3.64506597475587526e+01,4.49998414048865385e+01,4.50501586643431689e-03,9.33323852529182432e+01
0,2.93171272355725101e+01,7.62200564716451510e+01,6.06217904066788452e-02,9.08226265163136226e+00
0,2.66654808545070168e+01,6.29067461783070314e+01,5.38081026352921835e-02,1.60558221061509876e+01
0,7.75618333685658996e+01,1.72735098692806268e+01,7.03612978026370017e-02,3.10182663265949508e+01
0,5.68186031699746792e+01,4.87106215972445895e+01,1.43142889558495407e-03,2.39668008355037898e+02
2,4.25512876483569684e+01,3.97615626412800083e+01,2.79838658667369705e-02,4.66268643286792184e+01
0,5.00991672348377790e+01,2.10403501321093209e+01,8.54307703528316836e-03,9.09815368619343730e+01
1,6.91852571509451195e+01,5.67182838079709484e+01,5.94387408650982954e-02,2.77900643350854573e+01
1,5.73781129875886080e+01,2.12652493959858546e+01,7.23276882148969208e-02,2.72826009847098270e+01
0,1.89876172531665830e+01,5.92271064327114658e+01,4.89901869846674151e-02,1.38546661071499013e+01
0,2.47607557569041958e+01,5.25271744993612799e+01,1.68403879197139613e-03,5.52880620319685008e+01
2,7.23932516688489471e+01,2.62812996666102805e+01,5.42190838487940432e-02,3.92273135286084980e+01
2,4.90378015861010468e+01,1.46750057292253331e+01,5.26969207661852346e-02,2.85551506549467007e+01
0,5.13332003338455394e+01,5.28581774475555832e+01,5.60874129532490800e-02,2.76949185047987783e+01
0,2.14094419725590157e+01,5.22159652501308642e+01,4.33127207401578784e-02,1.85442444472278467e+01
0,1.95910413771435543e+01,3.23404585963516240e+01,7.52130357983774311e-02,1.35257145337874292e+01
0,2.51687161866300428e+01,2.80359503900426255e+01,4.47399330270023630e-03,4.56151532120531726e+01
0,3.27812902542720792e+01,6.22401004091961596e+01,6.35628986653147265e-02,1.66129062800326501e+01
1,4.91234698151468621e+01,4.91329269083951559e+01,4.73606120128140518e-02,3.25665996501351174e+01
1,3.60704976953273047e+01,4.15403256372984799e+01,7.08762038864294008e-02,2.18331210692652391e+01
1,5.74266866257524313e+01,4.15806936497353590e+01,5.37820209802817514e-02,3.41882101175201569e+01
1,4.01908251832642662e+01,7.46783819672693028e+01,5.24757645525735232e-04,7.83131290973642677e+01
0,4.60029613132521433e+01,1.10150257351269616e+01,6.43375194637748477e-02,2.15920808335560750e+01
2,7.66321258765072741e+01,7.21692698801159622e+01,5.16054294581572565e-02,1.99205018148112281e+01
2,1.29562001211608226e+01,4.05339530427240149e+01,1.10131108302140932e-02,1.46614860912462106e+01
0,5.45787579542328274e+01,1.22777970498253541e+01,4.85670645822387850e-02,3.06661258247379749e+01
0,6.15342257144861975e+01,5.91616873705045663e+01,4.46393534468019840e-02,3.19563187436035001e+01
2,2.26082662888560648e+01,2.12162269959068155e+01,7.10182872673964516e-02,1.42047093817979064e+01
0,7.02354210932038399e+01,4.35259253400503781e+01,6.70072910612470873e-02,3.05124627766845400e+01
0,1.85989190210651536e+01,3.98869757450574696e+01,7.68234188212758712e-02,1.28928435499298057e+01
1,6.66143334853261848e+01,7.52064451118424842e+01,6.95269098971919852e-02,1.24910533480168038e+01
0,2.34897378567422415e+01,5.80332127737622727e+01,3.03356074757851688e-02,2.23890586961753968e+01
0,3.98425703773594080e+01,7.22857969938435758e+01,5.32658281152050411e-02,1.47805745012792542e+01
0,3.76876693390328512e+01,7.12743528260831454e+01,2.28328904261782201e-03,6.96187529055345635e+01
1,5.00631016165414024e+01,5.74414232684090820e+01,6.36564726507618944e-02,2.28106457697228997e+01
0,5.44233119238130314e+01,7.32236672154758992e+01,5.19019877784276176e-02,1.66003496183131922e+01
0,1.28321657244351890e+01,2.39452486621704921e+01,7.92487011630428617e-02,7.46267281716239594e+00
0,6.70372871352699065e+01,6.49056011110330786e+01,2.12263016677100048e-02,5.12351637769297099e+01
0,4.68487827092680647e+01,5.53941184426059507e+01,4.50254725253762100e-03,1.18852484967443232e+02
0,7.42944006630036995e+01,7.59021719662839160e+01,1.40318356557333334e-02,4.55470221075919639e+01
0,2.18282597535226088e+01,5.62958002509901334e+01,7.65116308288565222e-02,1.27069852855224603e+01
0,4.11021425621949135e+01,5.87255903339920806e+01,6.29274854465341621e-02,2.04765913459904461e+01
0,7.68833367995372043e+01,4.69654687326753830e+01,2.41784150325615073e-02,6.97696817828245344e+01
2,5.44275260562478280e+01,5.59356121426415385e+01,7.63600957006788650e-02,2.09300800098183331e+01
0,4.54996441937005613e+01,4.97054213759552468e+01,7.82432001773631369e-02,2.10468733871657889e+01
0,4.29195358708430916e+01,2.25424744124816669e+01,6.24484056032381038e-02,2.60761277713431312e+01
0,7.40560011362285309e+01,1.89623367963987093e+01,4.69337560561918776e-02,4.25587109991139627e+01
0,1.05405944009374011e+01,4.79961143891432940e+01,1.99196638564873123e-02,9.42874148593523920e+00
0,7.93374172770046187e+01,4.94723297508616042e+01,5.03722540699207688e-02,3.78888178020444570e+01
0,4.29612286436157973e+01,6.75851140635103746e+01,1.37079741214194504e-02,4.71766248041969902e+01
0,6.75225920316935913e+01,6.52672600244366521e+01,7.91573057957339898e-03,1.01569846633290055e+02
0,4.38342844156549631e+01,6.47760835716986634e+01,1.05217795977064557e-02,6.08799301723815844e+01
0,6.78853843484519928e+01,5.56174217638634332e+01,1.71352920181426787e-03,2.71073700130301461e+02
0,1.68906842848359666e+01,3.43761183064361688e+01,1.53021138358280066e-02,2.08021815332365634e+01
2,3.97976512103013746e+01,1.01844056433782004e+01,5.66397673268057636e-02,2.00400902543500656e+01
0,6.39072955137668686e+01,7.22689083412207935e+01,5.65383829825266068e-02,1.72459832752476778e+01
1,7.97461438482604592e+01,6.02344859118617677e+01,6.61108985963192175e-02,2.45798234620299212e+01
2,4.59227048868227001e+01,7.51180484076124628e+01,1.97530553391895222e-02,2.80754416521425334e+01
0,1.52027708145259517e+01,5.97132874692128865e+01,4.23479440371817614e-03,1.87970097061139541e+01
0,6.23276798428643843e+01,1.07183916441856262e+01,4.42011195152159295e-02,3.42489556527953738e+01
1,5.53792398194379842e+01,1.82190910941803352e+01,5.69532053856729170e-02,3.10830080297656579e+01
2,2.04762639232702384e+01,2.25676619079162393e+01,2.66506654985348493e-02,1.97109872772950538e+01
1,2.46735345209073067e+01,3.40863873652005935e+01,5.48313133302651065e-02,2.00404624992694771e+01
0,4.51335838355645649e+01,4.48974510243899587e+01,7.61128172686536958e-02,2.26130723774374651e+01
2,2.16344125776679022e+01,2.64218412730319798e+01,1.04588355927507336e-02,2.96925791904224745e+01
2,7.41561460121845641e+01,7.97721328586088703e+01,4.37308138737586005e-02,1.37020643103919681e+01
0,7.93539217923639342e+01,1.20057038691280731e+01,4.49432281416447393e-02,4.09389481806996116e+01
0,6.26678439044339797e+01,4.03048899273748660e+01,4.87193077269345177e-03,1.77381796028316302e+02
0,6.90794591353630381e+01,3.75659905930581388e+01,7.42077179858317698e-02,2.90999579679404548e+01
0,3.31853735485330930e+01,6.28178507084658122e+01,1.68123747994012099e-03,7.87511734886519861e+01
0,1.74676304075621260e+01,4.15258502490537467e+01,7.20903273579816817e-02,1.25460476775977572e+01
0,6.10313031009685858e+01,1.69589634510460954e+01,2.94902883006691319e-02,5.13299355533118842e+01
0,6.55782581320338522e+01,3.39179927076674446e+01,7.12018323681763293e-02,3.00030203612882147e+01
0,5.86346094276938246e+01,5.76555284817871794e+01,5.12233650319849285e-02,2.89398105396912015e+01
0,2.23936008111620666e+01,7.03411713550851943e+01,7.42759465413786873e-02,8.97495371294646382e+00
0,1.18683428071906221e+01,7.24983876835583487e+01,4.78654771334083434e-02,5.31824881823634144e+00
0,4.88189802165034195e+01,2.84942628807062874e+01,7.46731802855785023e-03,1.05285079567301580e+02
0,2.04944487458596925e+01,7.23126254672567796e+01,2.93441806147827326e-02,1.27494283884498163e+01
2,3.06285227455360918e+01,7.46199333672963547e+01,3.01394403270171286e-02,1.63480386671424185e+01
2,4.33483937212038271e+01,4.21819600023628141e+01,4.48549570844600370e-02,3.37489630579379920e+01
0,2.75633065381877174e+01,3.99686268098634230e+01,3.80442344702221821e-03,6.26081200449734112e+01
0,7.52973290600907461e+01,3.67832196344941025e+01,5.39092053840181107e-02,3.94564733585413450e+01
2,3.24986466533552090e+01,5.66857261551144873e+01,7.95595558652257145e-02,1.58096137977926876e+01
1,4.92672196638329680e+01,7.85898258186560810e+01,2.82944518513517720e-02,1.79282307941048522e+01
0,7.81092135733478443e+01,5.94421825734090135e+01,5.72203340288476789e-02,2.82067232706930788e+01
0,5.69624902106448090e+01,4.58456337704181891e+01,6.94326775629584558e-02,2.66930327152176474e+01
2,3.70035066750724511e+01,3.06619123228333201e+01,2.33669043626842134e-02,4.59491654018575915e+01
0,6.27131054162352370e+01,7.58959287989812168e+01,5.26382502225320598e-02,1.48600462039981380e+01
0,2.35480187009111717e+01,5.30102258975969178e+01,2.91291797923621948e-02,2.47402530325836594e+01
0,1.72784069163962855e+01,6.97765721748607177e+01,7.30936689966087683e-02,7.53686416161473272e+00
2,1.27145369739233232e+01,4.85694375172239816e+01,1.60395827827006961e-02,1.33807928126783686e+01
0,5.67466135950745070e+01,2.88778609310089820e+01,5.11761526037655123e-02,3.66395316990825606e+01
2,5.60591655004910123e+01,6.59998140798289228e+01,1.39731559948166341e-03,1.75487130770080284e+02
0,5.69671404159807437e+01,7.81741617753714593e+01,3.80141870017439293e-02,1.58816278349046716e+01
0,5.71377581785694204e+01,3.53370544709429950e+01,1.31339189195817680e-02,9.44796163493869159e+01
1,5.07944226456515437e+01,6.48278174566980852e+01,1.93852480859833878e-02,4.67806807907411155e+01
0,7.59229011919688759e+01,3.65776802863503150e+01,5.24741648183715548e-02,4.05198774191286546e+01
0,4.21886563491310653e+01,6.60362885529825547e+01,9.43430054076363142e-03,5.98448641767077234e+01
0,1.86327661976205512e+01,2.39158380403800024e+01,2.58652841841686791e-02,1.79492687371519644e+01
0,2.74995980189878537e+01,6.06531318289958747e+01,3.73334062915412351e-02,2.18335883780320259e+01
0,3.85858402130080336e+01,7.43806959026649821e+01,3.39609478614772082e-03,5.62414327532856220e+01
0,5.28624228699498175e+01,3.30057573822924724e+01,1.63743107581494213e-02,7.73753615066646887e+01
0,3.50415401421075785e+01,1.26041415450026708e+01,5.20497677482888652e-02,2.05614146770146462e+01
0,4.04996935435589762e+01,7.57912994646346903e+01,5.76347607808264939e-02,1.15682463942704050e+01
0,3.05508378956489679e+01,4.93140757266169061e+01,4.62764026077711957e-02,2.47754355260970378e+01
0,6.09413408571053452e+01,2.68260802664761364e+01,2.56537126040170989e-02,6.25445297976246835e+01
0,6.91593908521548144e+01,1.29253188693342373e+01,3.19226924316463323e-02,4.88571293347696169e+01
0,3.37148529145026146e+01,3.41243816303688590e+01,4.00557424487505490e-02,3.13343459211315505e+01
0,6.60245221944510376e+01,4.97649654708049383e+01,4.99548009887766792e-02,3.54172828083761360e+01
2,2.37959332180662884e+01,4.60628668793911729e+01,6.50438588406263007e-02,1.70225836567266242e+01
0,7.82449022683766486e+01,3.20598999399767521e+01,3.20006195657573239e-02,6.18291512479095928e+01
0,3.49307002179947617e+01,5.30617213163379660e+01,2.64168616755368728e-02,3.73481204174154939e+01
0,5.62983914565257564e+01,6.40224244094093677e+01,1.79075226651255470e-02,5.39746223058548438e+01
0,5.21547412832637960e+01,3.83206683075404300e+01,5.84177397520662042e-02,3.12262771363617126e+01
0,1.57507396089001972e+01,6.07744613438809296e+01,7.29547305808638386e-02,9.07167776560542016e+00
2,5.10083864727998915e+01,7.57372528272938297e+01,5.32601533869633062e-02,1.37117206433316934e+01
0,1.32637270672431988e+01,1.69014857023809455e+01,5.33205931818214462e-02,7.18592279967805503e+00
2,4.39906054507607394e+01,2.47568182205871423e+01,1.27405167967155290e-02,7.02537845254702376e+01
1,4.76031808883752774e+01,5.45863947346535454e+01,2.69137952681316774e-02,4.48537301198578007e+01
2,7.66398327751808353e+01,6.07869372067403120e+01,4.42241266398649413e-02,3.37641663602239746e+01
0,2.27493621771589503e+01,7.13710927816790957e+01,6.57307257321644162e-02,9.40255080828364775e+00
0,1.34016244638328068e+01,3.21706064215434537e+01,6.09755105036738770e-02,9.77813042019634970e+00
0,5.38894294156496159e+01,6.74370551005177674e+01,6.41910796585302805e-03,8.85674762009154222e+01
0,3.16970307670101548e+01,7.87919944594420798e+01,3.94474793271977417e-02,1.06274460390993220e+01
0,4.85193682710269698e+01,1.98555417070684364e+01,2.98746893578799369e-02,4.48851804888808061e+01
0,2.78854081365439512e+01,7.58284384438709225e+01,7.51197774339482649e-02,7.75359421946072125e+00
0,5.83248273534728128e+01,7.12058363965919341e+01,3.28714147900615932e-03,1.14456269292289377e+02
1,1.88074596882571541e+01,3.13394486909177914e+01,3.19130520413189872e-02,1.90504705641682008e+01
0,4.58320847770024073e+01,5.30212735423229304e+01,6.21116236472507091e-02,2.41914451138303690e+01
0,6.40079458533885344e+01,5.31015924094933780e+01,3.00613275753259940e-02,4.98084119285166977e+01
0,7.24573077704277750e+01,1.86126888505877943e+01,1.51888552474164929e-02,9.17392503749221220e+01
0,3.29496382753127364e+01,3.61840782311601430e+01,1.67323698666140604e-03,9.31185622270079136e+01
0,4.84090922119135953e+01,3.37477459965800435e+01,1.55994593030349370e-02,7.42102882866069677e+01
0,7.67194139559599648e+01,6.46187759223953719e+01,3.85231595938429622e-02,3.41117531644300911e+01
0,1.96911849184823069e+01,7.74011247190526319e+01,2.36436533827500753e-02,9.87599664263444410e+00
0,6.81149934154493906e+01,1.35200997569939929e+01,3.61282906255525962e-02,4.50868067148955731e+01
1,6.12917657520264640e+01,6.81619117880510714e+01,3.58873555293850038e-02,2.93088131734994732e+01
0,7.76223470172785994e+01,5.19448047024120143e+01,7.81733892198728381e-02,2.48327005173893305e+01
0,4.41983242452648568e+01,6.16873232558187183e+01,6.95923381596852381e-05,1.63969552248037019e+02
1,4.18688154159355506e+01,5.99365522985661698e+01,3.88531829825140580e-03,1.00373442298885749e+02
0,4.81734497575209204e+01,6.46093073106247004e+01,5.31812219651548179e-02,2.16915446350519225e+01
0,3.52834213607287808e+01,6.17414307861857026e+01,7.96113291251903527e-02,1.47715917241288164e+01
2,1.40819118275802868e+01,3.85765561244867285e+01,1.80101916759379155e-03,1.89802685036607244e+01
0,4.98015312643951233e+01,7.45865788464955131e+01,6.98446052629946579e-02,1.16606456955970135e+01
0,3.72897185607127142e+01,2.95016835038820560e+01,7.07827313296843612e-03,7.77317544446765112e+01
0,4.53725178178670987e+01,6.91643662407828970e+01,9.76872890050924786e-03,5.65686216131291744e+01
0,5.89685990259669097e+01,5.27563113407543014e+01,1.87944931944696511e-02,6.76961369478562460e+01
0,3.75672721513055379e+01,1.52336334661380235e+01,3.71291017902451335e-03,6.12633770516437863e+01
0,2.13483052439481540e+01,4.83718893677858830e+01,3.88022142607322082e-02,2.03465771514571330e+01
0,6.81531934076829486e+01,2.05680112149141436e+01,4.98507319406437457e-02,3.95017843278804222e+01
0,7.60945519949496259e+01,6.71315420593123662e+01,1.05606184272553621e-02,8.53234108338425443e+01
0,2.64349025853394437e+01,5.62981602910341294e+01,5.79924218971408709e-02,1.74946230014442712e+01
0,5.27576589767596573e+01,5.88729306063503586e+01,7.84344515659876063e-02,1.90410689443630936e+01
0,3.64149166839240621e+01,7.33840625968718001e+01,3.54514626609430186e-02,1.78362592549277146e+01
0,5.91318430295193380e+01,7.51703815925258283e+01,8.93122725859996124e-04,1.41188813108868032e+02
0,1.38271122841070184e+01,6.30364055957121252e+01,1.35980882274732463e-02,1.28329719339593442e+01
0,7.43582417846039476e+01,7.41862529790552685e+01,5.17529585372140249e-02,1.77124446350679250e+01
2,6.98225843787663649e+01,7.73873399217751796e+01,7.89314243084151129e-02,9.80695150615672162e+00
2,1.97095686103253023e+01,6.83746389838360926e+01,1.50997166680483640e-02,1.83697786415035793e+01
2,5.48739785885204938e+01,1.58075367718849975e+01,5.55980456677680496e-03,1.03032627367592113e+02
1,3.31421673452811589e+01,2.66603585431419035e+01,3.58558925886410321e-02,3.17555370059060564e+01
0,2.47020141053146496e+01,6.57164599487464045e+01,5.79330410589401906e-02,1.33707782649777087e+01
2,6.93241048975877163e+01,3.09621206938199336e+01,5.79644968630845109e-02,3.65726047416986901e+01
0,6.27099468451058755e+01,5.96430359712256291e+01,2.10457887045185192e-02,5.70715168289777139e+01
0,5.04024062138647508e+01,3.56818242438271795e+01,2.67869570958173507e-02,5.44969681554394612e+01
1,5.34303628794825158e+01,5.31476607417383420e+01,5.05174544024504513e-02,3.04976233035566295e+01
0,7.08804097747610058e+01,7.97439090887194908e+01,9.78874595567586631e-03,4.28320329844030141e+01
0,3.38971608228529107e+01,6.57102544922370271e+01,6.49743960851282276e-02,1.50970537258993023e+01
0,4.45100459877311678e+01,3.62464634590661348e+01,3.46495772596503021e-02,4.20883724387089231e+01
0,2.60564878099531398e+01,1.41461663762362644e+01,7.12453396572966524e-03,2.79364021755843090e+01
0,4.17171703233276077e+01,5.85847757930020450e+01,1.84399949976608545e-02,4.88825834793577130e+01
2,2.19645658411031057e+01,4.41874637562356085e+01,5.29865077751452435e-03,4.07909585766683662e+01
0,3.41925680293840628e+01,7.62597135113944518e+01,3.94047017670880531e-02,1.34737661810535041e+01
0,5.50241354864765668e+01,6.54074107230698303e+01,3.14936723503681584e-02,3.38594821054117645e+01
2,2.93680745430473884e+01,5.29393578426372287e+01,2.68233681055019893e-02,3.20040408136530630e+01
1,5.57003526724392515e+01,5.03334000498772340e+01,6.72623658685406745e-02,2.57075834248609212e+01
0,6.57988365682047061e+01,5.75266762749944505e+01,6.05309341947147129e-03,1.40699322316830774e+02
2,5.40707734283432870e+01,5.39105395068099611e+01,4.01608453686731620e-02,3.62325835801563230e+01
0,4.28500577789895019e+01,2.55804322464031841e+01,4.03097309250479569e-02,3.59784875501545542e+01
2,3.73514566858962098e+01,6.87559805178820085e+01,6.85250974128829571e-02,1.37230824681365533e+01
0,1.50659202435283586e+01,3.14734690236013002e+01,2.34236390644562940e-02,1.52906524562536603e+01
0,6.36364812040023935e+01,2.28961497040077333e+01,1.69271177606482061e-02,8.21697606955212052e+01
0,7.68818906705045890e+01,3.49797964693240004e+01,5.28003124957275652e-02,4.08031691462254784e+01
0,2.68860093804838804e+01,4.91012626085330908e+01,1.89547831367793684e-02,3.63904045588250398e+01
0,5.87423113850885272e+01,3.72859810487764918e+01,2.11884785084803795e-03,2.27372285761288822e+02
0,5.21936515533554015e+01,1.53495861071614037e+01,6.24699778512533260e-03,9.10219612273841108e+01
2,6.68919257992582743e+01,5.07984464550306143e+01,8.61586332007584048e-03,1.27278143493592935e+02
0,5.78100916217065119e+01,6.21003050181063827e+01,4.14833065584208141e-02,3.07321245426088048e+01
2,2.37252546579967429e+01,7.38895598778126583e+01,4.65223951057158400e-02,1.06434985202264141e+01
0,1.94442441951389640e+01,1.15598816595762184e+01,6.44196388353410060e-02,9.10826918641497940e+00
0,3.35768297895159904e+01,3.06788843062996328e+01,6.44975192064103503e-02,2.27439203724474019e+01
0,2.30289844627749432e+01,2.46515518162127023e+01,3.29681476757228255e-03,3.71075687478068872e+01
0,5.21663370115878635e+01,4.19754815078472276e+01,2.59367574105524856e-02,5.57510388022535182e+01
0,1.61505867658936033e+01,1.91848191441244609e+01,2.82730259894624671e-02,1.23742281606856004e+01
0,5.72697807049536962e+01,4.03418619614974716e+01,1.37522523217622171e-02,9.12833066746022297e+01
0,6.49737942757866165e+01,5.60368710206973120e+01,6.20991902425533510e-02,2.65365101277062081e+01
1,1.28942891128376296e+01,2.29817017152692884e+01,3.61355829890821351e-02,9.21440067395178808e+00
0,7.21049484906307327e+01,6.39240518497388095e+01,6.81301916069224425e-03,1.21891019430145676e+02
0,6.74214756858942650e+01,1.48364597818628710e+01,5.86314291111302219e-02,3.23680658181680698e+01
0,1.29871422966318448e+01,4.30539334344275773e+01,5.63627972923429962e-02,1.00609489185941996e+01
0,4.83328395166416556e+01,5.41851637078268311e+01,2.79387982550115786e-02,4.43819008292171873e+01
1,1.19389130500809610e+01,7.38649983972457562e+01,5.52156727075557435e-02,4.75553183009580671e+00
1,4.33794526695041327e+01,3.48554651912368385e+01,5.15501537117929280e-03,1.11327812094772767e+02
0,1.56749459637671915e+01,1.45061877036441267e+01,8.18097934179865850e-03,1.10833862730192720e+01
0,5.03112652819450972e+01,6.69195330795830898e+01,4.80505103416943163e-02,2.22628165906340740e+01
0,1.53964193157427154e+01,7.15388820332096032e+01,7.18654029979460575e-03,1.26405216029056344e+01
2,1.62426884571409644e+01,4.06502719712720051e+01,4.85082780895516874e-02,1.40646769665024625e+01
0,7.79535857847838258e+01,6.60541605537774643e+01,3.88185618717937220e-02,3.25793062306548649e+01
0,6.66050222340995930e+01,7.30603371598414242e+01,6.77225102129873496e-02,1.44082957420680167e+01
0,5.70851960111940713e+01,1.89436317647959740e+01,5.45979092306527803e-04,1.88721178787921957e+02
0,6.51147392182597855e+01,7.16611347136873178e+01,7.60388642298272244e-03,7.99917396029128582e+01
1,2.49664802443945568e+01,1.07012254526859714e+01,1.59194595360292977e-02,1.82455712603172771e+01
0,1.72470921058370408e+01,3.81045374069600484e+01,2.30311416390754885e-02,1.98283721656779299e+01
2,3.25457263515455821e+01,4.02746365136066800e+01,7.96630119373028245e-02,1.90150948914046118e+01
0,6.32689427786682970e+01,6.48246006743337233e+01,2.09493082553335007e-03,1.89670452872551095e+02
2,6.28799329307380717e+01,7.31141501088268484e+01,5.85131218484385984e-02,1.59663726322040400e+01
2,6.02319436859817330e+01,7.59899197786380824e+01,9.91531043475689031e-03,5.05531820341058804e+01
0,3.91891467711726733e+01,5.58850889462907716e+01,1.62621391202187222e-02,5.25047253839691237e+01
0,4.56083222194326012e+01,7.35737261039599844e+01,9.22617532059502934e-03,4.81122825508995859e+01
0,6.18001121099674009e+01,6.60149881864701342e+01,3.08843304653159678e-02,3.56629836281045627e+01
2,5.11266553515350779e+01,1.55933109316927627e+01,2.50898543733099888e-02,4.78409229867402530e+01
0,2.54916349477924591e+01,7.01960923488242656e+01,9.03494992898260831e-03,2.86995509952700409e+01
2,4.29086111280468430e+01,3.25501154100054677e+01,6.61912535840901844e-02,2.60338279507457351e+01
0,7.54390120921844698e+01,4.53086820684125868e+01,6.99265961924925156e-02,2.96323526463064972e+01
0,7.72749514974182148e+01,1.54141529006508708e+01,3.24423216945941492e-02,5.47123587554185349e+01
2,1.54220660980255531e+01,5.97325858797491307e+01,1.18213398356129314e-02,1.69717304892964691e+01
1,1.83776683135239622e+01,5.03295251324395281e+01,3.07984895459089379e-03,3.09346166030688146e+01
1,1.40610313644087412e+01,5.05943212362331423e+01,1.53048915429027776e-02,1.57286476247904492e+01
0,4.53725747920002718e+01,5.75195867405502383e+01,5.88169516339184101e-02,2.32021996474001746e+01
2,7.28707963695738243e+01,4.29351878018829822e+01,7.29638801337667009e-02,2.89137454189914465e+01
0,4.60450010672992605e+01,2.38247760858830517e+01,3.14218747462646705e-02,4.38770653675977016e+01
0,3.32868803601073466e+01,3.46092724464246970e+01,4.68764480739112810e-02,2.81067451210613335e+01
0,7.16776156112904346e+01,2.89047680210599687e+01,5.67646078906784909e-02,3.77678206186324061e+01
2,2.69017465257507453e+01,2.48286610467143021e+01,3.89633214403748013e-02,2.43858882450925520e+01
0,4.84667411403625223e+01,1.91524596813481942e+01,5.28656299785123726e-02,3.05318891651831095e+01
1,7.19830758044109587e+01,2.93341669365148441e+01,3.75771195057391857e-02,5.24376071523478444e+01
0,7.10103239168377343e+01,3.24629271681116265e+01,4.99036413871976683e-02,4.16139302162276579e+01
1,1.92523841164647500e+01,5.96462627331787019e+01,9.50634519317242535e-03,2.53804697799543817e+01
0,3.13552606825861417e+01,7.37974132342128257e+01,6.23367409915115758e-02,1.06915283352609869e+01
0,3.85442190064430719e+01,2.72278063023732457e+01,4.41159001974161247e-02,3.17663306405102865e+01
0,6.40769919038026785e+01,4.97667122278668970e+01,1.62421189331437357e-02,8.20692693324725724e+01
0,5.80679305197936557e+01,6.08355050181639641e+01,3.49250747722041135e-02,3.63828108454789927e+01
0,4.75711239683209826e+01,2.77078341062989999e+01,6.21787122475644730e-02,2.86842575141571032e+01
0,3.63801155635662070e+01,4.41700178711730160e+01,3.60552220195348577e-02,3.45490281003960362e+01
1,3.00837494382846877e+01,7.26723538995064473e+01,5.05212812055239879e-02,1.28047841298173353e+01
1,5.07730734221275384e+01,6.22817481413752034e+01,9.32150826190262898e-03,7.94028243186221090e+01
0,6.62672516079455391e+01,3.64764630209304670e+01,2.55847185235646354e-02,6.64982668101865784e+01
0,3.45896742327878783e+01,4.14195579259346260e+01,3.85162956004106855e-02,3.23940582626699154e+01
0,2.98920806772589458e+01,3.70592413483645657e+01,4.57700713950515425e-02,2.62710176349487199e+01
2,1.06861028536683591e+01,4.16488937009804943e+01,2.50412317767006358e-03,1.11509340350646227e+01
0,1.77266466832438141e+01,6.67127812812588417e+01,1.16236448918926351e-02,1.77936800377333455e+01
0,1.91875720811444097e+01,2.40429670832707423e+01,6.59496362675048159e-02,1.30618090096566686e+01
0,4.02543683326278909e+01,5.00682385153656710e+01,2.70461300781424177e-02,4.25146790427966863e+01
1,6.43084157090308395e+01,3.61263053581520950e+01,5.47898154025287937e-02,3.65528798350749256e+01
0,3.83070025632082860e+01,5.68880503816929419e+01,2.69885402474835806e-02,3.72132564727799888e+01
2,2.02229917921531310e+01,4.98671102293619910e+01,6.04195848498285688e-03,3.40253425899233051e+01
0,2.17544958937057871e+01,1.10749846325645187e+01,1.32876502437490104e-02,1.52781850447087351e+01
0,7.67019436115257349e+01,6.50285843142849558e+01,2.15846573817319882e-03,2.33941267018283128e+02
2,5.34128961546742858e+01,5.01010935638925901e+01,3.07805743482387068e-02,4.64549387063366268e+01
1,3.07534979864681297e+01,3.98164062145858111e+01,1.56914498843565668e-02,4.77979764306277701e+01
2,6.91126248634311082e+01,1.35451519760793708e+01,6.29489651445819393e-02,3.03680923852963467e+01
0,7.63211148277386258e+01,1.41769233453198034e+01,4.27533045987345001e-03,1.63073402922496228e+02
2,4.82693059708973919e+01,7.05081091722749136e+01,5.72068027991238376e-02,1.65849295337352736e+01
0,4.17130295131641233e+01,5.12710307081724252e+01,5.37142375850371140e-02,2.64583702213522542e+01
0,3.70592662392690357e+01,4.04944700823512207e+01,3.93182671049125410e-02,3.37182624272776295e+01
0,3.62562105444354330e+01,7.14159295557999485e+01,3.77639888651354130e-02,1.87248738979701024e+01
0,7.04893421564589602e+01,4.13058185795254929e+01,1.44843472227199673e-02,1.01389954924196729e+02
1,5.98481836202434110e+01,1.15997204482863214e+01,2.63421946124389635e-02,4.73801170506746416e+01
0,7.38133117933454059e+01,5.69708707940647443e+01,6.21900376886715955e-02,2.72036722467454197e+01
2,1.23160313307872116e+01,4.64394686652623534e+01,1.54773952370680506e-02,1.28630761484190188e+01
0,1.92197052437141025e+01,5.44984264510582506e+01,4.99497722408781264e-02,1.50404771594442916e+01
1,4.67317926226956359e+01,4.66011620536075952e+01,5.97441857742280411e-02,2.73335574327201662e+01
0,5.10895389233126664e+01,2.39923314466810922e+01,7.44078589421991454e-02,2.56051411177357124e+01
0,4.01152420655187427e+01,3.83028171295776048e+01,3.88267831862838982e-03,1.11282782322364781e+02
0,4.62300550478947585e+01,6.34863908942530699e+01,4.32039748558319323e-02,2.57965122108242753e+01
0,7.30937606451238651e+01,4.87744852534634390e+01,7.62659693158687126e-03,1.50186802689261128e+02
0,4.94010180719412801e+01,5.64354402420114951e+01,7.09212528191536101e-02,2.11982345535063210e+01
0,2.83449488933869418e+01,6.58424275028671104e+01,7.62666018784416561e-02,1.20800161582415448e+01
0,4.49889128307351172e+01,6.43216849654837688e+01,4.47123547658381283e-03,9.43516967606053356e+01
1,3.08379606548227692e+01,3.00693873252268205e+01,7.93790250169760028e-03,5.79998402126399242e+01
0,5.41350282682726274e+01,3.23204994386577980e+01,3.66127283513831975e-02,4.58861972707420378e+01
0,5.11159367750133953e+01,3.18442134535101289e+01,6.19945503188455566e-02,3.00383348954195917e+01
2,5.95619744418551491e+01,3.75128510533223221e+01,4.92822653217666121e-02,3.81539680143252511e+01
1,7.81821002123937063e+01,6.13150229903835680e+01,2.65376240394939872e-02,5.10300827639635699e+01
0,4.49049094664101602e+01,7.09063005615201263e+01,4.77472925828686529e-02,1.81754142210890564e+01
0,1.26310549555331306e+01,1.83815711062220792e+01,6.38369927788322994e-02,6.73109967603096138e+00
1,4.46447512922302820e+01,3.08725729193933738e+01,7.37198982351054133e-02,2.45231460379217339e+01
0,4.55545862669013886e+01,5.70633525290774202e+01,1.10659411292524015e-02,7.30519527345968811e+01
0,6.53520486677213910e+01,4.75163927026113839e+01,6.74416333150129194e-02,2.83099131244167062e+01
0,7.49382281790131657e+01,6.49750673865099770e+01,5.18328269201481298e-02,2.60691791470884233e+01
1,2.12859392781526182e+01,5.14285672902139765e+01,4.29043085271639396e-02,1.87040306769051163e+01
1,7.20139896578501748e+01,7.26222650460253334e+01,3.52621572273222467e-02,2.62374248250499669e+01
0,2.20858068865766697e+01,6.33846192875204864e+01,4.08643608278094553e-02,1.60259397083059767e+01
2,5.13167716276823995e+01,4.14400724486760410e+01,3.66980016984802052e-02,4.32396897003132423e+01
1,1.03267744507143640e+01,4.08731878679079870e+01,5.36552557979241215e-02,7.47351784970646449e+00
0,6.91494035091588728e+01,2.43271559596808302e+01,7.29625125490931115e-02,3.00418045262002451e+01
0,3.88519839034133696e+01,6.67786255567020248e+01,1.89505814184578389e-02,3.68117535391302226e+01
1,2.51698072976952965e+01,7.66792626321736037e+01,1.65150605128134832e-04,2.85977412693656419e+01
1,7.62314322386346959e+01,7.29382724654068255e+01,2.06064377039627544e-03,1.75195119434498679e+02
0,1.60077685186298595e+01,4.97318566514824809e+01,7.29357301061387547e-02,1.09141000328922591e+01
0,3.46368897876366617e+01,7.12422904781132331e+01,7.43066159584929442e-02,1.12094614191195223e+01
0,4.26346766018164303e+01,1.30954284400910552e+01,7.00119200703286371e-02,2.05560879130123055e+01
1,2.84912729623945999e+01,3.22732458499967976e+01,4.65978497928794186e-02,2.48020611900469063e+01
1,3.50407011630240959e+01,1.42107767008785526e+01,4.68169516191613080e-02,2.29825685730549800e+01
2,6.90761539330044343e+01,4.64388756649785606e+01,3.23128220637847463e-02,5.32436566623662344e+01
0,2.37679755708315383e+01,1.53262710024247113e+01,2.70255752736810011e-02,1.92278626481276156e+01
0,4.89777107876642006e+01,4.74508764441504738e+01,7.46578289298431702e-02,2.32017260011847277e+01
2,2.48668811734683501e+01,1.90479664405043216e+01,4.24270980718947296e-02,1.93274641462887153e+01
0,5.33527605897192672e+01,7.21645058561992698e+01,2.20167484880930270e-02,3.34809315177553586e+01
0,2.75285522818093682e+01,6.80905584539216875e+01,5.25781106521744854e-02,1.42295002949168499e+01
0,3.20769227536732444e+01,3.70331824806329308e+01,7.33279220714178927e-03,6.67857277205281861e+01
0,4.68753283919889370e+01,5.61819933882185012e+01,5.46950835973292401e-02,2.55899959151200598e+01
0,2.76256539755570003e+01,5.62793498340415468e+01,2.17929348020617468e-02,3.21008095848255124e+01
0,6.10743758185410073e+01,5.08086753067509207e+01,5.55291488497937011e-02,3.10172560687516672e+01
0,2.57213016980578715e+01,7.19477489061417543e+01,3.85542207700050044e-02,1.40231899885989684e+01
0,6.86126134873278204e+01,5.58691886837632268e+01,6.88946845106506445e-02,2.48496959057427453e+01
2,5.90561858533385191e+01,4.01315761313160095e+01,6.05297105959419282e-02,3.18163584605678338e+01
0,1.90458504714322316e+01,3.60238490305435590e+01,7.86608391833416298e-02,1.30032813185656231e+01
2,4.64108664054798012e+01,2.40328955254817380e+01,4.64537669022917418e-02,3.41425987328948324e+01
0,1.46339797362574267e+01,1.24167769525713307e+01,6.60971694405716875e-02,6.34120316158521824e+00
1,2.20508130572692558e+01,2.84227958776806666e+01,5.26971034039696862e-02,1.78205347312297064e+01
1,3.19024512207771203e+01,5.20935951129201840e+01,5.89388949552466443e-02,2.09373340183382766e+01
1,5.95496714740432722e+01,6.18051587778412994e+01,7.16351994202755332e-02,2.00191190800196885e+01
0,5.32796650940589345e+01,1.01340743662689938e+01,2.50341392795990457e-02,4.12236696568625618e+01
0,4.72422618709840307e+01,7.65884434163063474e+01,6.36939411040507719e-02,1.08703640341235275e+01
0,2.27654555244671997e+01,7.39868811592543238e+01,7.41470309724758941e-02,7.64615219060813178e+00
0,3.08226285771245685e+01,5.46544057089364159e+01,7.91211556131342642e-02,1.59747200577721085e+01
0,5.80592402937791761e+01,7.78844317280120180e+01,1.16654439043879770e-02,3.88674699135222426e+01
0,4.43410209460625353e+01,1.37547992384892179e+01,2.24982545455200966e-02,4.18271467760561109e+01
1,3.25848157640841265e+01,2.74464208406225332e+01,3.39743098652390343e-02,3.24704384517130791e+01
2,1.48305790383197760e+01,1.69293231079889317e+01,3.04679336482888280e-02,9.72817076869616848e+00
0,1.32226836931692571e+01,6.13899263428848982e+01,7.49975308901136006e-02,7.37203149481510422e+00
1,7.47076391554677173e+01,7.27161533219844216e+01,2.01029472460669814e-03,1.74970647257508858e+02
0,3.91226885882272128e+01,7.69219087361907441e+01,7.17190386516855100e-02,8.90210877748351237e+00
0,7.24849994958037200e+01,5.34465876835072038e+01,6.78904287456176363e-03,1.51698561168555642e+02
1,2.69915494181725499e+01,3.87220051351268708e+01,7.50036024946563601e-02,1.76777635952635386e+01
1,5.13202542099631813e+01,1.84046500762728762e+01,7.37036793305523713e-02,2.46371978188676124e+01
2,2.78844759524701260e+01,2.35458768030518755e+01,3.85822255392265917e-02,2.49566765676966540e+01
2,7.17705844782183533e+01,3.57607637597182020e+01,1.39360730385597095e-02,1.07316749017620040e+02
1,2.56620250327988728e+01,2.59849746761775577e+01,1.53182972137620877e-02,3.44585737406405528e+01
0,4.82028376287722296e+01,7.82585990254205797e+01,2.07529842680099809e-02,2.26453905533579700e+01
2,7.76485950326946295e+01,2.47277958808687366e+01,6.79133873013351430e-02,3.34913972600618663e+01
0,6.11045850618192219e+01,1.27147612956585796e+01,4.32599352445977095e-02,3.63153864270314131e+01
0,4.88160287931815020e+01,2.09461105546249513e+01,6.99859687471267311e-02,2.55773371589131457e+01
0,3.54957639565160576e+01,1.21567966105811163e+01,6.03721586605846655e-02,1.88444313527484582e+01
0,4.70995460825766870e+01,1.20099009707509730e+01,7.74163104664552792e-02,1.99890715275601991e+01
0,1.02775221320815362e+01,1.88801136837529917e+01,5.29101548901982355e-02,5.16700639025860475e+00
1,1.91490418579242316e+01,6.47971717964000504e+01,1.36035500541079463e-02,2.03859862962280403e+01
0,2.95369372104580918e+01,5.83450207894826534e+01,4.37551193102443045e-02,2.19286476873128819e+01
0,1.32786907355373742e+01,1.52624144170925131e+01,5.91427078633671721e-02,6.52944155280527472e+00
0,2.66763195830439024e+01,4.59599635673850528e+01,2.86323544865370663e-02,3.01796007375529562e+01
0,3.94766933246015199e+01,4.88666163147213410e+01,7.99821974757436716e-02,1.95695303348815592e+01
0,7.00715666634384462e+01,6.84042327025528039e+01,1.73810210954113663e-02,5.41821124911743297e+01
0,7.43328930017579381e+01,4.84287936071280427e+01,7.41304321649783882e-02,2.70060815761180351e+01
0,1.14452798356001253e+01,7.74404624294155184e+01,3.91947033195392189e-02,4.00050104414027352e+00
2,4.21928723332244502e+01,7.59447829361477886e+01,6.75819850346401213e-02,1.03022868120186839e+01
0,5.78443789255173471e+01,5.67936845116908984e+01,4.26281628618287375e-02,3.39090760185426205e+01
0,6.26640224358792608e+01,6.14562844816584004e+01,4.40490384618977202e-02,3.08195600943142054e+01
0,2.11517703004883515e+01,6.33085983500286815e+01,5.65738801331198693e-02,1.28525267015136002e+01
0,1.05065620065403316e+01,7.90170545417498715e+01,4.19257381174425875e-02,3.05596133355355803e+00
0,2.74566593296161123e+01,5.05765088663246942e+01,3.58776178162799331e-02,2.62932041987232914e+01
0,3.19940071137580269e+01,2.16528839700677551e+01,9.50007794954236054e-03,4.94415678403129064e+01
0,2.31014007201556666e+01,3.89308496527172707e+01,5.38180575496058147e-02,1.91833032620490940e+01
0,2.54336299813942155e+01,5.09446392059488176e+01,7.68034731399460935e-02,1.52723057446928241e+01
1,5.63400244101633021e+01,3.07116460025487541e+01,7.54100700911628369e-02,2.69918240584973113e+01
0,2.55210230141553254e+01,2.53691051183973286e+01,3.75791946544767452e-03,4.49893561396615951e+01
2,2.32192782381764786e+01,6.10025551091594238e+01,3.49369727825771387e-02,1.93665879703396620e+01
0,2.89590769113331170e+01,7.50231585891320663e+01,4.76578789421597884e-02,1.14410688754698491e+01
0,4.18778519825635840e+01,5.33692880028966954e+01,7.89977752900639964e-03,8.43871259916367933e+01
0,2.38728377759583594e+01,3.69980475777113256e+01,5.68506356932761206e-02,1.91470266606447979e+01
0,4.46932685595602592e+01,7.81271472370171551e+01,3.46690402656462601e-02,1.51794996252139551e+01
0,7.55878290662310803e+01,5.95471839343191363e+01,1.03862610394655792e-02,1.05796460358129551e+02
0,6.75233589596194008e+01,7.84000223808139935e+01,1.70118244611217398e-02,3.14327758391326100e+01
0,6.25952190196421299e+01,7.58613482760386546e+01,1.46743978428101065e-03,1.30879086433430984e+02
1,7.59743617667694906e+01,4.23268878136965654e+01,1.84085767273569276e-02,8.87440576638335443e+01
1,7.45168395726583839e+01,5.11751313251691684e+01,5.60420916929388543e-02,3.30377292001717535e+01
0,4.87126566994172023e+01,3.78786959722864509e+01,3.94708594516033420e-02,4.04788850301323038e+01
1,5.84208042059282988e+01,4.60578903754593085e+01,1.87027438368067844e-02,7.29328787613990386e+01
0,3.46875108450640184e+01,5.32613892706203842e+01,2.02202223777377017e-02,4.33329033940588815e+01
0,4.76828322897096939e+01,3.07629209278221509e+01,3.78657763139260140e-02,4.13583820937077533e+01
0,7.44458478949712656e+01,3.98885840825598734e+01,5.86636848071989750e-02,3.59352975928553775e+01
0,4.55333908619099788e+01,6.80453496014201988e+01,7.82699194432020795e-02,1.38424325054865403e+01
2,3.94886839563113696e+01,6.09346342589361996e+01,3.98987416183861285e-02,2.67617573116277363e+01
0,5.60699618219833553e+01,2.09212402191226445e+01,3.54618737241967838e-02,4.52364893839160302e+01
0,4.25548307503291738e+01,1.84984633028068615e+01,3.03320824008119702e-02,3.89065782713761834e+01
1,1.66552605800085658e+01,6.81486960801128987e+01,6.57232471687583392e-02,8.21279794198205515e+00
0,3.65258179835564221e+01,3.44322273043164060e+01,4.60919070938565004e-02,3.03855591019331577e+01
1,1.95097079831042990e+01,7.50192786179123772e+01,7.32647673677653821e-02,6.47253719389478110e+00
0,7.40236576872610925e+01,3.20056362500708360e+01,4.38570224829434377e-02,4.70407417583413263e+01
0,6.18617605997639544e+01,1.76426513117241015e+01,1.59135400511004749e-02,7.69063977321115715e+01
0,4.07517346906816087e+01,7.28406760041911951e+01,8.40922373303061403e-03,4.67396991842530696e+01
1,1.49543828342185279e+01,3.90721996524987958e+01,4.30433344081421615e-02,1.33088874984535916e+01
0,1.79119590495729639e+01,5.35046452138919335e+01,1.52531937301196140e-02,2.22996692535670036e+01
0,2.83690921478120366e+01,3.24343121637273271e+01,5.58826155201816929e-02,2.21602735806106033e+01
1,4.66999984797879435e+01,5.35653277429192016e+01,6.26404756215480640e-02,2.40334153394329668e+01
0,1.74323371594210670e+01,6.08965931072894193e+01,6.21920849095618580e-02,1.08572469615386424e+01
2,3.54018460683860710e+01,7.84397027179405484e+01,3.24991493583019139e-02,1.34252537983331610e+01
0,2.26760860468851320e+01,1.37514783932877425e+01,4.40676611896688164e-02,1.42756303699314415e+01
2,1.72848641746379954e+01,7.61118510986766665e+01,1.81332448524652717e-02,9.90697672994392775e+00
0,1.84500922113868633e+01,4.89504161787892826e+01,4.15141451643879292e-02,1.68116879117846629e+01
0,1.84404115629008203e+01,2.04301320143387350e+01,6.53805982564536203e-02,1.17014927820142081e+01
0,6.82003809213667012e+01,7.76639680492368711e+01,5.11368643443300824e-02,1.38841619699947092e+01
0,2.26072699601991225e+01,6.47086586798316148e+01,5.33728580697373570e-02,1.35340843772304513e+01
0,1.78012323143878106e+01,2.40112803059905247e+01,7.64910695167256155e-02,1.12153345785302463e+01
0,6.81579499099080692e+01,5.88374553187966782e+01,2.29410992318863985e-02,5.68578065912799389e+01
0,7.72707718622546622e+01,7.13027861119694819e+01,5.19656591933622472e-02,2.06831682931893894e+01
0,6.13959466302450778e+01,3.75880078843614172e+01,7.07723625156964770e-02,2.89071564359512969e+01
0,1.51073671363604731e+01,1.36767165821418679e+01,2.65752369517048143e-02,8.71840202414921173e+00
0,1.94659309842981116e+01,1.24072101698052961e+01,4.03594775545107302e-03,1.51478031894569547e+01
0,2.01866656194677674e+01,1.22226279381023808e+01,2.35852630318287293e-02,1.32409493227092128e+01
0,1.68472830055706311e+01,7.79104190662263960e+01,2.31867899984847352e-02,7.81389173417445271e+00
0,4.36381721535666429e+01,4.62195253713192642e+01,2.29793896763566714e-02,5.19892590270698847e+01
1,1.39142446563701974e+01,1.19293439208583347e+01,4.20309123819440286e-02,6.27790948231609924e+00
0,6.56442473581742831e+01,1.29987565144759820e+01,4.49894888899774054e-02,3.73150694446040774e+01
2,3.87518776248489445e+01,5.41366007951538037e+01,3.08118594050316580e-02,3.59972694069474528e+01
0,2.36692175310385302e+01,6.42554808223249267e+01,2.57598068546896486e-02,2.12453639544568595e+01
1,1.65118356602904157e+01,7.15113076812581170e+01,4.18886636577844862e-02,8.85325593763948326e+00
1,4.98402499799301921e+01,1.87215400122162237e+01,5.84049523438709209e-02,2.88149151507753096e+01
2,6.44657574046205184e+01,4.42275761329520236e+01,2.59919086460583607e-03,2.39910234741784876e+02
0,5.07930262551926432e+01,2.89090274187407914e+01,6.60588085990517354e-02,2.84643866015616958e+01
1,2.66334241979086705e+01,7.34530643668220051e+01,1.05947432570776996e-02,2.48627887050393888e+01
2,6.62031974283160878e+01,7.26446080101397484e+01,7.25121884140388639e-02,1.38441227952869106e+01
1,4.60121141425102138e+01,2.13750415669098892e+01,3.94138778563177875e-02,3.69117739021069937e+01
2,5.09690997071175502e+01,7.96214562236421699e+01,4.51404192316583810e-02,1.16866554480050304e+01
0,7.35412145929904000e+01,4.69485145390376104e+01,7.84659294122518058e-02,2.60984466248798910e+01
0,5.72711862037926451e+01,7.23836025142656752e+01,7.17774616429978085e-02,1.34845942895256901e+01
0,1.81661393081106439e+01,1.96901671376343010e+01,3.56069960789330356e-02,1.41054319139127617e+01
2,5.86133071247876671e+01,2.90315007447776026e+01,1.61826660296712811e-02,8.32579323743580488e+01
0,3.03275775756561394e+01,1.91870328733645579e+01,4.76599953022962611e-02,2.24727641963571045e+01
0,6.53006400441235257e+01,3.78705139923937821e+01,3.21476896799788737e-03,2.24158075907938638e+02
0,4.93678748096545661e+01,5.34577877298309261e+01,5.36584362958018694e-03,1.20405058635795399e+02
0,4.78479073973367619e+01,3.35701572114538749e+01,1.81035373818889331e-02,6.72782182892578078e+01
0,1.98947705910011265e+01,2.86910274961041871e+01,3.34200145171548654e-02,1.95151980041670399e+01
1,1.18985466167200187e+01,6.50671981674893800e+01,5.54964094741966021e-02,6.70766159416682406e+00
0,7.82371683597491625e+01,6.35409539945531634e+01,7.91300610606430858e-03,1.18279123562241139e+02
0,1.21250575249107335e+01,5.68622935729739822e+01,6.83883049410350108e-02,7.59228099495395004e+00
0,1.36264862531433550e+01,5.51625125911719962e+01,3.59822155950166173e-02,1.14707853557029473e+01
0,4.20963019099940041e+01,7.80961986966961348e+01,1.55134273914236242e-02,2.50760295752133722e+01
0,7.56170933651142860e+01,7.69943216081853166e+01,6.91559354479071992e-02,1.16006207775590333e+01
0,4.79007891641185779e+01,5.66581950214825554e+01,5.52703113850623526e-02,2.54130555237735081e+01
0,7.94564481249561396e+01,3.44328659553317635e+01,6.87873615144907330e-02,3.31699467166367370e+01
0,6.01158655162817581e+01,4.21908894666065279e+01,7.72117365376577131e-02,2.58485774739911101e+01
0,6.74468478941875134e+01,5.71127435396080756e+01,6.55682072706113284e-02,2.51396100486380831e+01
0,6.73516713063116583e+01,6.70855782157542677e+01,2.74406414128177019e-02,3.92643626165549691e+01
0,7.60104390883179946e+01,3.64914678691461773e+01,7.89462954370502012e-02,2.87331320673840978e+01
0,7.78248540414471108e+01,5.95655435723281315e+01,6.02423746698064685e-02,2.68729440706810507e+01
0,3.29354617892386443e+01,6.03804468672004973e+01,6.55225537927939944e-02,1.70395472085368915e+01
0,5.95842109256894616e+01,4.72227465165886571e+01,2.91858438690100752e-02,5.30052237623556834e+01
0,4.55883262693510787e+01,5.28458850036592622e+01,4.77380662286560481e-02,2.96260556263558215e+01
0,7.85133655430024930e+01,7.64075122824755084e+01,4.97866236957000413e-02,1.62671619330380004e+01
0,5.13909496262326613e+01,2.69983872837756778e+01,2.21738879116257503e-02,6.10422950006483944e+01
0,3.80021112358978570e+01,7.04270520228166390e+01,3.83226371279206460e-02,1.99234996829313076e+01
0,1.23628888795729157e+01,6.40673728272644212e+01,2.17273569271103813e-02,9.51631501914318001e+00
0,6.10263293440189614e+01,1.92522571957208228e+01,2.30359308123876012e-02,6.25213975987138681e+01
0,1.08867021418976790e+01,2.77875568217319291e+01,5.23405354596762074e-02,7.21216548010153069e+00
0,5.53976260188448393e+01,2.71614446610808180e+01,1.59310575394784777e-03,1.99360489417829655e+02
1,2.85491348315427906e+01,4.62530968650330792e+01,6.06552188877506684e-02,2.03322990767006466e+01
0,5.72911818594130366e+01,3.42541296289813602e+01,3.88032032545177000e-02,4.53487381657442441e+01
0,7.94273917953514115e+01,4.85099945597886659e+01,1.00520730157749403e-02,1.32851996979674084e+02
0,3.43947380473816793e+01,4.88879113944939760e+01,3.86409597918026954e-02,3.04813517314673241e+01
0,4.90025563698960340e+01,7.93522499393033200e+01,3.00349732645406493e-02,1.60439038115843964e+01
0,4.89431811882164567e+01,4.50440325781877817e+01,6.99179183969070167e-02,2.50702909894107435e+01
0,2.14011931840050913e+01,7.34921988042842429e+01,5.38347335791742390e-02,9.14445397907360125e+00
0,6.16535573051883645e+01,7.65442419573707866e+01,1.79666283258695346e-02,3.29018776142707097e+01
2,5.92146475132053993e+01,7.00689636565468135e+01,7.32528791726929362e-02,1.48940425157459480e+01
0,6.39975939168733277e+01,6.63947597157049927e+01,6.92620937013242038e-02,1.84263420814937255e+01
0,2.54569899872226415e+01,6.48471367533393135e+01,4.34632631310908693e-02,1.68096409230954364e+01
0,1.47414153179222041e+01,3.73710276789102309e+01,6.08420659746042401e-03,1.92885535623562632e+01
0,3.75608426052297943e+01,6.31003530855154722e+01,5.30576227539405823e-02,2.00205111856852973e+01
1,1.82065345094537356e+01,6.83636986731308554e+01,3.38434652100000483e-02,1.23383544356299097e+01
0,2.93734237082884277e+01,4.13359595341187998e+01,5.01583182236519098e-02,2.42237630985648593e+01
0,1.11878749777215152e+01,5.92425795812723379e+01,7.85697186880534963e-03,1.02363411695803972e+01
0,3.81574245359924475e+01,2.64217675165354784e+01,9.19668454558343618e-03,6.99854190575776016e+01
0,3.52474235217917311e+01,1.98001171144640011e+01,1.19908735333876769e-02,4.99988147815613431e+01
0,3.28361390844686696e+01,7.72600387396681185e+01,4.38980077953188205e-02,1.13832440191464119e+01
2,3.69891872829703203e+01,4.90754040996565948e+01,5.77176433932938271e-02,2.41221066376754223e+01
0,1.28172672882505676e+01,6.76235910715174668e+01,2.77850330878924995e-02,8.51673176718986902e+00
0,4.04483024016261510e+01,7.66184667354636133e+01,7.46415250191783536e-03,3.93534941963072171e+01
0,5.57600230901985299e+01,5.84529993289664773e+01,1.31876566191763533e-02,7.52752815129473589e+01
0,3.26947302964800741e+01,6.37430834670607638e+01,2.55312266807302124e-02,2.92798343882027012e+01
0,4.96662661232678389e+01,2.75847556900842648e+01,5.38052426150921817e-02,3.26974107039506521e+01
0,6.61497098262290990e+01,6.09582900953937923e+01,2.70547842727461955e-02,4.70362768809746683e+01
0,4.67571818676192805e+01,7.15792828492772486e+01,5.68748244717938028e-02,1.56684828030930738e+01
0,7.48803400485680157e+01,2.65020419051657541e+01,7.20226969796432526e-02,3.15452990034119694e+01
1,6.39524043187737661e+01,1.85932502585968464e+01,2.53281313523613001e-02,6.02460616388508399e+01
0,4.90149649784318342e+01,6.43559914455749720e+01,3.43460067314056913e-02,3.08362736531782531e+01
1,1.58597109807007097e+01,1.14240399342823657e+01,3.44767211647428531e-02,7.83056354896188722e+00
0,4.28094270566385759e+01,1.91902414812344198e+01,3.40565108011976134e-02,3.70211171115641733e+01
0,1.24122865092648667e+01,3.45350435160694786e+01,4.93054588322728721e-02,9.67513039336554748e+00
1,7.68959366264577966e+01,2.41087213531342925e+01,6.61882746940537364e-02,3.40136615760690049e+01
0,1.32308661984168356e+01,7.66015459488552750e+01,4.59086312449586698e-02,4.92419315993928386e+00
0,2.45629592058369042e+01,4.73977593657563858e+01,3.16005313969950491e-02,2.61885388315733749e+01
1,2.28021976714514452e+01,2.96297589994754560e+01,4.66776739459469070e-02,1.98177139591342950e+01
2,7.02878538298982392e+01,1.15334065409399642e+01,7.24987772739026648e-02,2.63315752251311181e+01
0,7.35369922335766262e+01,4.86002260684307359e+01,1.67812997864332653e-02,8.81033250779799175e+01
0,6.08235055198816497e+01,4.77786951573068777e+01,3.41685884877398691e-02,4.72662481095363205e+01
0,6.97405164953835310e+01,3.46774236003665877e+01,5.63697464807366641e-02,3.71934136757494187e+01
0,2.82305330437734590e+01,4.61395458848624571e+01,3.93721700138567679e-02,2.65278006303818543e+01
2,7.26765663998669993e+01,4.62755178638591644e+01,2.20201500634581221e-03,2.93474968721621224e+02
0,1.70798935825059814e+01,2.40668946023798682e+01,2.46343680065615640e-02,1.60411939322173183e+01
0,3.16575650924965259e+01,7.22094872386148978e+01,3.10192602330138477e-02,1.86814949824762095e+01
2,7.01454446443289328e+01,4.09577142159081546e+01,4.16998553699235719e-02,4.60000184148570810e+01
0,5.83620985001286883e+01,3.62543188751398020e+01,3.39194272593730251e-02,5.03865339192946990e+01
1,7.53415270058196569e+01,2.16596652154005511e+01,5.58718316711133076e-02,3.82493044668868762e+01
0,6.94082419212401192e+01,2.65889953941513859e+01,4.98098435346111743e-02,4.11791154249793792e+01
2,2.47768564421526065e+01,5.51530371568505942e+01,5.43274353477090077e-02,1.77130390566306133e+01
0,3.92923675590416934e+01,3.06921394525223121e+01,1.47936295951623109e-02,6.18334687798282374e+01
0,7.92237013222625848e+01,2.41119589737765274e+01,7.41682792266036700e-02,3.12964618145335010e+01
0,5.92091784377317722e+01,4.60052119580446259e+01,4.77941457960856242e-02,3.66200846362933063e+01
0,6.55733893713594824e+01,6.22076978770551321e+01,2.21710784997095275e-02,5.28566600853323934e+01
0,1.57984582719761377e+01,2.74128709973991462e+01,7.21418596009574253e-02,1.05892163242932345e+01
0,7.67625978513164711e+01,3.36409867721263396e+01,5.09956755365297623e-02,4.21533297770513542e+01
1,4.85311652876483564e+01,1.00122681188657499e+01,7.64068752189286798e-02,1.93231593964528727e+01
0,2.07519671442130189e+01,4.37425746698928819e+01,3.84227167188656918e-02,2.04065412478212593e+01
0,5.01570623818943417e+01,7.19515369563168292e+01,5.61086536145343415e-02,1.60457926747213655e+01
0,7.40771250481477779e+01,7.34759164096438724e+01,3.53303464377712137e-02,2.53456752924290001e+01
0,4.81137819891092775e+01,6.57050427705233346e+01,2.46136742857938004e-02,3.73046588261200256e+01
0,7.95184894772282576e+01,2.44324073758640594e+01,5.61610219476380637e-02,3.95265111959278741e+01
1,7.49272223167281624e+01,3.33733989066139856e+01,2.00611717517571383e-02,8.56091678309402653e+01
0,4.48020277155293769e+01,1.57683691381329822e+01,4.05154649177424039e-02,3.23337537692400545e+01
2,7.76958078745387866e+01,4.85409683834428094e+01,4.22917275675544005e-02,4.40272415553969694e+01
0,6.37132006930599104e+01,5.66060271632011123e+01,4.22357998728793219e-02,3.57638886907696758e+01
1,2.78329775143404916e+01,2.58825430161709775e+01,1.60880277232488475e-02,3.77253611621629261e+01
0,1.68943147420822513e+01,7.38868574203323618e+01,7.02015691828717925e-02,6.24581385128953581e+00
0,1.19062728206058530e+01,4.92146417128980005e+01,4.82421284280102683e-02,9.22659778531704688e+00
0,4.65015299603633352e+01,2.78452248000596505e+01,3.55306117455669590e-02,4.20328839370273997e+01
1,6.28472666213742244e+01,3.23292518273387302e+01,6.05659685670164594e-02,3.37499567518040706e+01
0,1.91533307074810821e+01,5.72240720195208965e+01,2.22698219186805262e-02,2.05866301918844243e+01
0,2.41343465948104097e+01,3.64457104596037027e+01,5.25020431360698966e-02,2.02327043858319833e+01
0,7.81677999456207715e+01,2.18104094638299237e+01,3.01170683085681470e-02,6.27649040008313079e+01
0,6.64903487571652363e+01,4.29991352245487519e+01,3.36185447273218488e-02,5.23344357970260248e+01
0,3.26285902691588348e+01,2.47975318553123998e+01,2.86163373027369800e-02,3.46394396794275821e+01
0,7.59866401475639321e+01,5.77916146647343609e+01,4.27415311857982441e-02,3.70894527078163350e+01
0,4.34165486256514797e+01,3.97266081706867169e+01,5.72597010302831055e-02,2.86419049984619463e+01
0,2.77753732884614450e+01,2.84861015211446329e+01,2.21573751273471849e-02,3.44033498591636473e+01
0,3.41505830915132265e+01,2.07297401572722535e+01,3.55889087206561969e-02,3.03281610299295785e+01
1,2.90519712515521249e+01,1.83515910480227760e+01,4.65788178346920670e-02,2.14320418235034929e+01
1,5.86572234640421257e+01,1.95446919702390005e+01,2.65742983353452027e-02,5.56170089235721150e+01
0,3.61703442525997616e+01,3.59385819397739752e+01,1.96102114594409391e-02,5.04701320272916831e+01
0,5.04468152892015951e+01,3.71392994380776855e+01,7.79757548317012439e-02,2.46071164138362093e+01
0,5.34256248250690859e+01,6.45673950310371794e+01,5.03047246343745966e-02,2.37660593795212662e+01
0,4.53157257518690102e+01,3.36354501407640782e+01,6.32031704626069557e-02,2.77476845874790712e+01
2,4.16882898199244636e+01,1.18726500121463161e+01,1.36606328872180428e-02,4.40959971970953930e+01
1,3.46593579523557764e+01,3.01337978480555506e+01,4.44437748403981731e-02,2.96486073663319267e+01
0,2.63531228101819046e+01,1.47526397502916495e+01,1.54153917220162025e-02,2.54984130724676774e+01
2,1.66047797843718143e+01,3.33770701029432786e+01,4.27746193446178966e-02,1.48241311414743553e+01
1,5.89457458612539185e+01,4.50030016167632851e+01,4.12378516933601183e-02,4.14272901093191663e+01
2,1.11139542760292187e+01,2.93562936027983916e+01,1.82314132443898644e-02,9.27880804580666130e+00
0,6.13393751120791109e+01,1.65618131316805197e+01,1.61874378021711861e-02,7.38454905116384595e+01
0,6.27820884420656924e+01,5.14884906127753297e+01,7.39270801506392294e-02,2.44596098965735074e+01
0,6.64231054361982842e+01,6.67355404007755340e+01,6.82476811200860983e-02,1.86750878780379885e+01
0,5.49150171778845717e+01,6.64846666573618421e+01,3.22983077178870467e-02,3.20553783393509875e+01
0,7.66648761918569903e+01,3.73504561584862316e+01,1.10544090375621993e-02,1.30710889074408811e+02
0,3.67709094355594317e+01,4.16754341329798450e+01,2.53463173877748922e-02,4.40065662664645885e+01
2,4.21181273863823407e+01,6.83052226344130986e+01,4.28505348785353027e-02,2.11891041766839976e+01
0,3.02300397383106514e+01,5.02397247029001903e+01,3.91521695896146216e-02,2.70767132560289774e+01
2,1.07174422225062376e+01,3.08000021193680773e+01,5.31582332702356178e-02,7.35170396589910968e+00
0,4.06481496375664761e+01,7.02198340678389172e+01,1.24060509079753616e-02,4.30455879356844520e+01
0,4.49292548572121575e+01,7.80520587274415050e+01,4.98587268810920733e-02,1.16251704347774982e+01
0,4.24729860296280606e+01,6.69006681760122035e+01,5.31070927458918637e-02,1.90172550055556115e+01
0,1.25438157582734338e+01,5.51444875773422680e+01,4.87572168343475831e-02,9.25918788894981937e+00
0,2.11995145719705143e+01,7.36251554596008333e+01,2.73965377239392266e-02,1.27852461140217208e+01
2,2.91205658635127769e+01,7.24696312787062027e+01,7.58902677635077960e-02,9.50045979618815295e+00
0,3.86575565596945410e+01,3.80624955332081001e+01,7.90217584646334126e-03,8.32153662210311467e+01
0,2.43714426943126767e+01,7.24057043995464653e+01,6.05513873102114658e-02,9.94043169004723204e+00
2,3.54913608654444914e+01,5.87585455434648836e+01,3.29022735024913360e-02,2.98809635133263960e+01
1,3.01114575261120443e+01,3.21641999405402004e+01,7.09018369748071753e-02,1.98632139326404626e+01
0,1.75876334369803402e+01,6.50414626122079085e+01,1.15248214365305211e-02,1.85354055509491715e+01
0,7.13402749874530571e+01,2.94264085438912346e+01,7.34068385849727667e-02,3.04990256987709500e+01
2,5.25486531366217093e+01,1.46389474633801520e+01,7.26817855194817654e-03,8.48137820042295232e+01
0,7.88368710540921427e+01,2.02256223036160847e+01,3.37250713816096420e-02,5.72038676238360111e+01
0,5.22348779486125139e+01,1.33510980549498051e+01,8.99393835992469762e-03,7.38066617475583939e+01
0,5.30622113623293856e+01,1.46592505259491617e+01,7.38028904107265321e-02,2.37026169288529296e+01
1,3.54725008138221369e+01,2.32658873052256716e+01,2.45654698070540689e-02,3.98469964707452391e+01
0,6.63507490859644378e+01,1.80182172705990880e+01,4.50228152049780214e-02,4.09323610448079904e+01
2,4.23804679061940988e+01,4.17901910839291943e+01,7.54526280657393383e-02,2.26530286420096303e+01
0,6.76342030849126559e+01,2.06610925838267256e+01,4.22888740395285165e-02,4.45825684298595917e+01
1,4.27031516226410801e+01,6.36449014617223554e+01,1.36226947388332856e-03,1.22368037388119987e+02
2,6.17415795129825398e+01,5.49881666727892409e+01,6.31089675407213030e-02,2.61975447451031513e+01
0,5.63743144910979623e+01,2.79666007893855308e+01,2.43216012987989682e-03,1.87667073156872050e+02
0,3.77637759820829544e+01,7.51605396378974575e+01,2.61018401563897495e-02,2.03295369555889280e+01
0,1.63747820733336304e+01,1.64786674741272172e+01,1.76819985343622393e-02,1.23605550160960895e+01
0,2.62883640933691538e+01,2.71253488624731141e+01,2.06810948949678053e-02,3.25646014520131502e+01
0,4.08389552164745453e+01,3.58149271606333173e+01,2.12082511855953733e-02,5.38661673092889259e+01
1,4.32392550777848470e+01,7.28729917218156515e+01,6.22007688666939354e-02,1.32418668798216697e+01
0,2.50448479860187341e+01,4.92289636839627391e+01,3.47026753405069097e-02,2.50097387092492767e+01
2,2.82783370110418986e+01,5.82770431214134703e+01,2.49432393323244551e-02,2.95641750445891063e+01
0,3.26846669237047962e+01,5.66519343879624202e+01,2.28267917182728049e-02,3.64605096180322619e+01
2,4.83369621972800729e+01,7.17614216840786128e+01,5.64181601960147480e-02,1.58659548256333434e+01
1,1.62587741291980699e+01,2.95221079043742485e+01,5.94539653924784917e-02,1.22061689057098484e+01
1,3.84840044790488776e+01,6.47819775330376615e+01,4.08370783721401787e-02,2.34181726216463524e+01
0,5.77345615966538119e+01,1.31670838452092642e+01,5.87711833982363790e-02,2.85541132095868377e+01
0,6.85478843560072448e+01,2.57037760407690214e+01,6.92088298381812600e-02,3.13849394829049366e+01
0,4.61210133706952377e+01,3.88006251645699933e+01,3.85584166459674721e-02,3.97005175978908653e+01
0,7.64985581521468134e+01,3.34580532305149063e+01,1.78031392903719617e-02,9.44086151357907113e+01
1,6.14851315954502695e+01,1.55968313233125055e+01,7.11243466689393117e-02,2.68966885695708093e+01
2,6.52935968269627836e+01,7.52558614433331883e+01,7.04058384481730803e-02,1.22409180152844836e+01
2,1.94595461300482526e+01,6.04361933846581820e+01,3.83403032311104772e-02,1.56663017070932273e+01
2,4.53812630184462265e+01,3.96027544144644068e+01,1.84143427466461861e-02,6.37183379500581495e+01
0,1.24861107119640629e+01,3.09431925550284994e+01,1.66895385429117055e-02,1.18461496218970641e+01
0,5.68024165257664890e+01,1.61555059722220165e+01,2.59196956438595104e-02,5.19472998087064042e+01
1,3.27593405857661821e+01,6.79769575517496207e+01,4.37825797782876169e-02,1.81818353013560383e+01
0,7.15861971602737128e+01,2.84121576641087330e+01,7.95088683303685206e-02,2.85628921469798520e+01
0,1.91553239326199574e+01,7.62199688344960720e+01,7.01439680289744072e-02,6.07854734272717323e+00
2,1.52099986399013538e+01,2.94232409707145273e+01,2.11286982592130274e-02,1.54224176528455050e+01
0,3.76830531990866859e+01,7.90100065532361242e+01,9.22361601843081635e-03,2.76165128157074129e+01
0,2.10764852092462291e+01,6.80507681587334616e+01,3.48030103010471756e-02,1.44364438668245043e+01
1,4.84960177098488998e+01,5.95500874216267491e+01,4.82405132371279688e-02,2.67717707852034685e+01
0,4.03508547315835102e+01,7.88698887651031697e+01,6.99737893588453091e-02,7.93780866000590102e+00
0,1.16324472565372830e+01,4.36290063503046923e+01,1.55556617070642215e-02,1.16875454410369155e+01
0,2.70399590035578576e+01,3.45197683333837659e+01,1.21717747246057779e-02,4.42411910597533335e+01
0,2.07062937414649610e+01,1.65944117170892227e+01,4.26185125916903121e-02,1.43565769201060665e+01
0,2.24990388765734828e+01,7.04601513119432923e+01,2.00697415712243130e-02,1.81653199292950944e+01
2,7.90533554491753563e+01,1.86926288064683987e+01,6.25751106332896323e-02,3.48968904513564482e+01
0,5.06186893103676852e+01,1.54284242748241578e+01,6.67081504296735128e-02,2.51431721909178485e+01
0,6.45054104606869174e+01,5.06839071616551280e+01,7.60817317463662324e-02,2.43912847392136669e+01
0,3.69728457314311072e+01,1.48729709878673830e+01,4.67580949463757833e-02,2.46409731254723354e+01
0,2.26621018960980152e+01,2.04973915057105067e+01,4.34923025233064572e-02,1.77874427128946060e+01
1,3.34965123871899095e+01,3.11403704866557618e+01,1.55643849152563088e-02,5.10138475379688785e+01
1,5.87075361012260615e+01,2.88639801211260441e+01,1.75570455625376626e-02,7.91214282597191811e+01
0,3.88928398450498776e+01,1.71498418254903875e+01,5.85110942291888758e-02,2.36410261085658640e+01
2,1.07129124401442830e+01,4.45863164961260949e+01,2.32945916603813329e-02,9.54294681637964182e+00
0,4.88850341459188868e+01,3.52686082719567082e+01,4.71097964839938058e-02,3.59100207136931076e+01
2,4.58137180214591879e+01,3.98005057638409170e+01,1.55042598874947663e-02,7.10934120993011760e+01
2,5.76972480974970381e+01,5.55571435037186276e+01,3.13501507255047954e-02,4.39736677967897336e+01
0,1.19543685882608823e+01,2.72330005735642224e+01,7.95244412173049392e-02,7.19896999150466677e+00
0,7.22060366534068123e+01,6.97313776865088499e+01,3.72908255218881018e-02,2.85852187996950313e+01
0,4.23243033438780216e+01,1.69283717747903069e+01,2.04245579145680006e-02,4.60222726791937902e+01
0,3.52683779262261368e+01,3.68218197338715356e+01,7.73201064412081668e-02,2.06369240686487885e+01
0,3.02305689998483444e+01,5.83616547813422528e+01,7.14491787926984784e-02,1.59030938189498094e+01
0,6.94844524367715195e+01,5.34954408634927461e+01,5.97698989744767581e-02,2.94024162266595859e+01
0,2.85515539819146120e+01,5.96634081500787872e+01,6.48622642103704183e-02,1.60052620672646420e+01
0,3.10042472576244208e+01,7.62519054719050473e+01,6.98663412103436507e-03,2.97401841706935990e+01
1,7.23384733942373828e+01,3.83669374298194654e+01,1.38982103295315802e-02,1.07420950882557179e+02
2,4.28857857903598898e+01,4.05645318757937687e+01,7.23407723637681265e-04,1.67854835528989270e+02
0,1.33732182951169385e+01,7.67502395582059904e+01,1.20893262796204493e-02,6.87559361574702432e+00
0,1.85209592471696212e+01,2.63821463932313485e+01,6.59716475370082794e-02,1.29972233139636053e+01
0,6.27645781254969251e+01,1.67730279837542611e+01,4.59314442706138873e-02,3.83826952571741415e+01
1,3.27955328144060445e+01,5.90534889544828303e+01,3.47571112236259097e-02,2.70761492250909015e+01
0,3.13153713133469367e+01,6.88229602386920334e+01,2.85869888831417895e-02,2.24602908194578959e+01
1,3.06675723836962000e+01,2.78978641766714226e+01,8.91367934469125892e-03,5.39174361140710516e+01
1,7.80904616038522050e+01,1.40918796261173203e+01,3.61025960889839667e-02,4.97712743732426333e+01
0,4.40046339723431643e+01,5.73406297016456321e+01,2.12745846823732335e-02,4.75853385686680213e+01
0,7.27115546109279762e+01,7.17217287386414455e+01,6.65927762327564315e-02,1.60543812348282380e+01
2,6.56165019487249879e+01,7.07889039937965947e+01,5.97364324094538796e-02,1.77929812755858983e+01
0,6.51413420580549456e+01,1.84835048841715661e+01,6.11814796886856749e-02,3.23129632140920862e+01
2,6.43930034459758218e+01,3.57533380787952524e+01,7.58405998027399803e-02,2.80690933302450745e+01
1,3.14172474595968367e+01,4.72086093121869013e+01,7.76510265677530370e-02,1.80357434092723388e+01
0,6.77107442443586081e+01,1.53021184881807315e+01,4.95224765390677724e-02,3.71124060224066810e+01
0,4.43791845011396759e+01,3.10666680141576883e+01,4.08391090404612439e-02,3.74872339653853928e+01
0,2.22014552874794049e+01,3.52464535233715566e+01,2.63080744370485335e-02,2.59689879059380999e+01
1,2.76833413220566555e+01,2.69013194174889563e+01,2.33994458980696513e-02,3.28313002343420877e+01
0,4.70545936017628676e+01,4.37573164359731166e+01,4.44493298582585503e-02,3.52106070131234290e+01
0,4.37064434334428924e+01,4.73917952717229483e+01,4.11903673014765229e-02,3.45590693499848669e+01
2,7.90749073102420397e+01,5.37721210161787511e+01,6.54020054360409248e-02,2.83093735950614587e+01
0,5.33622635580984834e+01,6.80620421755729552e+01,6.45894549361503145e-02,1.72541688538066715e+01
0,5.35110194411834996e+01,3.15315179310167970e+01,2.45764214006325352e-02,6.00189847034157964e+01
1,1.36744916661608187e+01,4.90563490917168394e+01,1.10053660746649573e-02,1.60081581358534599e+01
0,1.47301122451027897e+01,2.04579542642112315e+01,1.15877265006717779e-02,1.27401287479536602e+01
0,3.11531816512013044e+01,5.08494490816235967e+01,1.75136323484617780e-02,4.34591449681808086e+01
0,4.13474697842261065e+01,1.88836075081961106e+01,5.56797405722920524e-02,2.63197965739220407e+01
0,7.50443861312301692e+01,5.89511827260634362e+01,6.09726681920047791e-03,1.51563776501129240e+02
0,1.36380901632195375e+01,2.43981078176622432e+01,6.71001133946092509e-02,8.66228511179273397e+00
2,6.06240304827648018e+01,4.09313886493896888e+01,5.77579058847446300e-02,3.32376152696718279e+01
0,5.34942958228197156e+01,7.34313651575298820e+01,7.77376746204543473e-02,1.16651589995848433e+01
0,2.70894502201026128e+01,2.36510200417057774e+01,2.78029623675268775e-02,2.82807214505638989e+01
0,7.42129774208186461e+01,1.88134653473152937e+01,4.99265508307303457e-02,4.05593939663430305e+01
0,3.66614537977653114e+01,6.12936472412643951e+01,3.46636598986770905e-02,2.79154500543259871e+01
0,6.85276788243719466e+01,5.13483707376799146e+01,1.06359449112471000e-02,1.12246178189103759e+02
0,2.91528659855502426e+01,7.13857643061798655e+01,4.09257387499489950e-02,1.53020530055362798e+01
0,4.96719109583098870e+01,2.06141096865339861e+01,5.57340611327661883e-02,3.04033307759998230e+01
1,6.44228050331118141e+01,7.73056847428141225e+01,2.19848246534773591e-02,2.74801630068529583e+01
0,7.04541351912814946e+01,5.42227141102636878e+01,5.99075480472043079e-02,2.91224577324379652e+01
1,3.50507642878783372e+01,7.59813512169801299e+01,6.97532967512729113e-02,9.18900629120211043e+00
0,2.47872160826798194e+01,2.31514491170413557e+01,6.03062480371366755e-02,1.74798167107283788e+01
0,5.58063557367003824e+01,7.03134834058973155e+01,2.37105312969955427e-02,3.53412142980890849e+01
0,5.48259079821524864e+01,5.46237563576730167e+01,7.53232443565649418e-02,2.17464777351719682e+01
2,1.32974042837147906e+01,4.98976064649895932e+01,3.64195207711548521e-02,1.16983663943145739e+01
0,5.21293936317158426e+01,7.31088828061018603e+01,4.74624504139237319e-02,1.76232331450359716e+01
0,7.59621446438578971e+01,7.24407753147773974e+01,6.91275070552019311e-02,1.52042107423494635e+01
2,2.72527967409492575e+01,7.53393274372621562e+01,2.28817914672228111e-02,1.64820203752241348e+01
0,5.39078629958786522e+01,7.41555891259116038e+01,2.36867481305681957e-02,2.88473942483885644e+01
0,7.41656995502748515e+01,3.95512523189467302e+01,7.48862663374290916e-02,2.92494096376791681e+01
0,3.69519925980835779e+01,4.98292728139317376e+01,4.97102538196998109e-02,2.66096585041115148e+01
0,6.73221502123706301e+01,7.24939621750873187e+01,6.38591402519791407e-02,1.56513234351522907e+01
0,7.27484177594840133e+01,2.11866419535712254e+01,5.23688337839555013e-02,3.94774929277053204e+01
0,1.33901024956065893e+01,1.24898691837392750e+01,1.02902754737505125e-02,7.06510704992799710e+00
0,3.05180711253338153e+01,2.20362863814599770e+01,1.89073690758950080e-03,6.03239646119157555e+01
2,2.70545725916841810e+01,4.37394137369439022e+01,2.73537897953822808e-02,3.16987783902961837e+01
1,7.36071919715103604e+01,2.67417442037080413e+01,4.46429316078720342e-02,4.61700103376876498e+01
0,5.20341632675620147e+01,4.84687786444361564e+01,5.45128700036736358e-02,3.02699455257499537e+01
0,1.86438234813991315e+01,3.01775936296641873e+01,6.38843711813915638e-02,1.38310734512887308e+01
0,3.67113393438233899e+01,2.68975645635916507e+01,2.86328114203970967e-02,3.96029714835496804e+01
0,2.90384190190768905e+01,2.79303509518854867e+01,7.64232423034753861e-02,1.81162645883617870e+01
2,7.96210878998700622e+01,2.46396450201596515e+01,4.65373326777678634e-02,4.60561761144882809e+01
0,7.16149233930788398e+01,7.94299915030414780e+01,2.94529004730585443e-02,1.93423083066515069e+01
0,6.95607073873766524e+01,3.58853046196730361e+01,1.47041181155660537e-02,1.01348012908033027e+02
0,1.76479889157078702e+01,3.22263697030259522e+01,5.92427893799693031e-02,1.37355382911606156e+01
0,3.67035921339182067e+01,1.33816262948153284e+01,5.14831831894179831e-02,2.21729941432127866e+01
1,4.08792600987095014e+01,4.07330384128123058e+01,3.47784568798872248e-02,3.91222025038500192e+01
2,3.25929000280308756e+01,6.23104050452461351e+01,3.40717664194968156e-02,2.53581076584066203e+01
1,7.20280318576398599e+01,2.43533592576300606e+01,5.10498177746871590e-03,1.82060036987456130e+02
0,4.18701217732239002e+01,7.63922265528879052e+01,1.34603124274285165e-02,3.06262032428136450e+01
1,6.35230705067845989e+01,6.06702580949261119e+01,6.73601713765658999e-02,2.22085716076779391e+01
0,5.07732166266227694e+01,6.59529589158866116e+01,2.52307146817393677e-02,3.75549028751470075e+01
1,3.81830702067908163e+01,5.04051136779207738e+01,8.86487751574282709e-03,7.47611441755127970e+01
1,1.62030710627243053e+01,6.80491551527026388e+01,1.94326684573696701e-02,1.30534116902740482e+01
2,6.99458370860652110e+01,2.27720556990840208e+01,1.88446275988304358e-02,8.20766466898725753e+01
0,4.36475399550352776e+01,4.46482809114638144e+01,6.38637962625389632e-02,2.55669378809730858e+01
0,1.50955257213179941e+01,1.21497142256186024e+01,5.55080183119844167e-02,6.84747911622442018e+00
0,4.34449635602213533e+01,4.89148326813668604e+01,5.25685081333175045e-03,1.09562718368089207e+02
0,1.31505688831101537e+01,3.39600467471581595e+01,6.50558356479099958e-02,9.45049565434532468e+00
2,3.22848754469679307e+01,4.92712189146351633e+01,7.31551011101429782e-02,1.87201146903585602e+01
0,7.28343746432443879e+01,7.15785365123447548e+01,7.66826171529403355e-02,1.42871237050111191e+01
0,3.40735049343458414e+01,3.87454248488027204e+01,6.09761218334602638e-03,7.74303751767536710e+01
1,3.32700574028339844e+01,4.84985710184473930e+01,4.10659982265153267e-02,2.87170465378921804e+01
0,3.12755620496169335e+01,7.78263172849621299e+01,5.89252443406816928e-02,8.61399582822243559e+00
2,4.98921529211687300e+01,5.16806108512359828e+01,1.71421392498357673e-02,6.54126078775457245e+01
2,4.49297123958355584e+01,6.80118410356242293e+01,7.06204776492894148e-02,1.49875968063786988e+01
1,3.66942595910594065e+01,5.84566380098861842e+01,1.54938957450660199e-02,4.85942828675667187e+01
0,6.96489058890993533e+01,2.46639877882889387e+01,4.20027994127077503e-02,4.67564133797148145e+01
1,4.27774669982194666e+01,7.38503013326187840e+01,6.25842167914998776e-02,1.24617102019216528e+01
0,6.86261574313920448e+01,3.49778352436228985e+01,4.96620246447118247e-02,4.08779149511012108e+01
0,3.82520076484231595e+01,7.02366666630632892e+01,4.06932656677570989e-02,1.93199025747158366e+01
2,3.45981236639027543e+01,4.09756846518741256e+01,5.13301732436266187e-02,2.68344834372213370e+01
2,2.23375836193469937e+01,2.61570772257856063e+01,6.84789135510749242e-02,1.53512183063155483e+01
2,1.47316648318580903e+01,5.46867963909152905e+01,3.90242851688494263e-02,1.24352914207096639e+01
2,5.00197172065505598e+01,2.50455614447334121e+01,3.58251364740375805e-03,1.34334463351992525e+02
0,3.49411496515496296e+01,6.01965068043890312e+01,7.28861144810187406e-02,1.63195262106269539e+01
2,2.02275570681684158e+01,1.26790509545164483e+01,2.66045744507569203e-02,1.33111252603872092e+01
0,4.68658499301780083e+01,5.27736918636999235e+01,1.96698179049048343e-02,5.63754632374973141e+01
2,6.02468357125842715e+01,6.01166365349061778e+01,5.75760046476206100e-02,2.51761024908158006e+01
0,5.40849246565410269e+01,2.48318704738946110e+01,4.82993650519648945e-02,3.67068999297123710e+01
0,1.13406582038503281e+01,1.43387892419268770e+01,3.76425000802942597e-02,5.21804015473903338e+00
0,3.59189866352788982e+01,5.35219756428219284e+01,5.96453603424335274e-02,2.18257421685259523e+01
2,5.70236260543065399e+01,7.51684001661324572e+01,3.54821309197075260e-02,2.06002387674378120e+01
0,3.77146937562616742e+01,7.53937309335992580e+01,3.45514569717615752e-02,1.65911285551110232e+01
0,4.07621393052306189e+01,2.58150529617967841e+01,1.64736877596315702e-02,5.80693251774937167e+01
0,6.52385294213948441e+01,7.80125168609822026e+01,4.64830868469054345e-02,1.44194545495931994e+01
0,2.08120124170890968e+01,2.26368195246542001e+01,3.18745611046410623e-02,1.89937782671215345e+01
2,2.19618425706236664e+01,4.58326696543309495e+01,1.72532161933881059e-02,3.02440238759138751e+01
0,6.37250004766131255e+01,2.13587177718338381e+01,4.52886940540069144e-02,4.12345886961216337e+01
2,7.44038845940581268e+01,6.49047841282974076e+01,9.98248357941930627e-03,9.39753443189953686e+01
0,2.14981848553553760e+01,7.47463879743658310e+01,4.74593918042858845e-02,9.21800241760245420e+00
0,1.40786998545239754e+01,3.27565197051334422e+01,3.81618171174841411e-02,1.23058859454156408e+01
1,6.71788033839336691e+01,7.69965796135742551e+01,6.57033413200308891e-02,1.17016514849122490e+01
0,4.96946765011009930e+01,5.64458749960667632e+01,2.63346593582402637e-02,4.52969971396404389e+01
1,2.70821883332967595e+01,6.21356065036433023e+01,7.40075301656612089e-02,1.33247408563689618e+01
0,1.32765360016992382e+01,6.48285174332155378e+01,4.09767721219885597e-02,8.68313561138735501e+00
2,4.85284114844793777e+01,7.67173172673761741e+01,3.19711767946170358e-02,1.86674535723255914e+01
0,2.07173465157283658e+01,5.65663917623026862e+01,6.13446169249052126e-02,1.39051331121807600e+01
2,7.30194463165560279e+01,5.71472547752513762e+01,4.23988336487912329e-02,3.72707822621254437e+01
1,7.33713663181389819e+01,2.82861256976308049e+01,1.68064394341401521e-03,3.05504967594240497e+02
0,6.14916489058704485e+01,7.41886798621986827e+01,7.15775449064313812e-02,1.25965744214303808e+01
0,7.88458689464196851e+01,6.37329515120246768e+01,3.41398379782148209e-02,3.91012112799676927e+01
0,3.13823341317369326e+01,7.59929583925974725e+01,1.23929602830545344e-02,2.46339765162306179e+01
1,1.82896981485581378e+01,5.44303999823144196e+01,4.40471679793459289e-02,1.52471010908843656e+01
0,5.50243407977842622e+01,2.62056615689293579e+01,2.85525929636466121e-02,5.41353987768674614e+01
0,2.71031120521095126e+01,5.48077250405734802e+01,6.29302766146271758e-02,1.72839869979115939e+01
0,5.86827551247508978e+01,4.87963740333394185e+01,1.34220278469968698e-02,8.90300863077736011e+01
0,1.51276107312702006e+01,2.25718162716826676e+01,7.44585853772661843e-02,9.16024076810720622e+00
0,3.39692825120729651e+01,3.15579333757080391e+01,3.40306454897286309e-02,3.45476520625486501e+01
1,5.60343223688054621e+01,7.80828069582504440e+01,3.05784926664132255e-02,1.88172482800701708e+01
2,7.55851808437315356e+01,7.90011419389795151e+01,3.24894332308187511e-02,1.89266127934001744e+01
0,1.59934844240988703e+01,4.75427366421918975e+01,2.94337156054799466e-02,1.63896492731541663e+01
1,4.16254206861440679e+01,3.64841249660856874e+01,7.29835590761454267e-02,2.36421857608269441e+01
0,7.62318969862698452e+01,6.03826140812033643e+01,6.62495909734403254e-02,2.41064575260626697e+01
0,1.37644538799519047e+01,1.25349574174466518e+01,7.02140978201692412e-02,5.72437659493214834e+00
0,4.18808205633753303e+01,7.52570719024320596e+01,5.80716782408023519e-02,1.20776624689719458e+01
0,6.23465716830442460e+01,4.07955770442418597e+01,3.93834662716821340e-02,4.56027228009874648e+01
0,4.35830499472207578e+01,1.55591467027201631e+01,3.38550709236193140e-02,3.49545553969407194e+01
0,6.96793922315852683e+01,3.83888087143528054e+01,7.90347340265797615e-02,2.75337503868349920e+01
0,3.82133217807820245e+01,6.27452663576720084e+01,3.62453433420819801e-02,2.68310341296160253e+01
0,3.14236447460400043e+01,1.14498014602124183e+01,5.69562203792346039e-02,1.68149418432965412e+01
2,1.17810165033970655e+01,7.19114590657088399e+01,6.50881829521108152e-02,4.84489620327046566e+00
0,4.44618146818745927e+01,3.56152216482951118e+01,6.93753649364364650e-02,2.55005537557842707e+01
1,7.86148281397865105e+01,4.36379479743389567e+01,5.39702926000887664e-02,3.81250693728559966e+01
2,7.39498781665470517e+01,3.24761516818072451e+01,2.88038563031913081e-02,6.51083397139181272e+01
0,1.00537764459142416e+01,5.15695953309123425e+01,3.58197750409933666e-02,7.64630886045358427e+00
1,1.22315437792024539e+01,3.45769023810124025e+01,6.65779754892258518e-02,8.57478043878089125e+00
0,1.41015773657723074e+01,3.27689117529117482e+01,3.90549914652347299e-02,1.22489586436574793e+01
0,7.01376569067480773e+01,4.71547230063347698e+01,7.33134972691279890e-02,2.71693081108841135e+01
0,3.54999395815963723e+01,3.81222733843546990e+01,1.67747100682666970e-03,1.07863698996949907e+02
0,2.93278167482345395e+01,7.12799801548473084e+01,6.98220199422372040e-02,1.07131326344425251e+01
1,6.19960239414144141e+01,3.37939460851015809e+01,4.94161976962676497e-02,3.92945512125827676e+01
1,3.36592729827375834e+01,1.85397735452802372e+01,6.56849244429388857e-02,2.01364258865172516e+01
0,3.68094423743910255e+01,5.79088730980630331e+01,2.49142448124064150e-02,3.72958633758904696e+01
2,5.88338871238986627e+01,6.35936665595387467e+01,5.39122586350354593e-02,2.40551857970805152e+01
0,7.24892066580006826e+01,7.55002759645041692e+01,6.17348526440434364e-02,1.39651761398974532e+01
0,2.24294845989302623e+01,3.65004769982829700e+01,7.61185831899888476e-02,1.52663367403502868e+01
2,2.42446415762040353e+01,4.15028751374573233e+01,7.97811165420473645e-02,1.55635524195311419e+01
0,2.39325817040455355e+01,6.12673338573696000e+01,3.34360246132975811e-02,2.02824135739869398e+01
0,7.61029035250967496e+01,4.02663155892631579e+01,2.93403513508098159e-02,6.32806643278905909e+01
1,4.91680951897697227e+01,7.98133284544259283e+01,7.39709901739348946e-02,7.57347314187051790e+00
0,6.74466663031442408e+01,4.35189151721142338e+01,7.98515959688222560e-02,2.59061852816434310e+01
2,2.32610711664803631e+01,2.22078674863946333e+01,6.77304973613171296e-02,1.52293047356629572e+01
0,7.04652940158970011e+01,6.52889138569033065e+01,6.97058934112523704e-02,1.96088227907582073e+01
0,3.08845402582506274e+01,1.75416819741042431e+01,6.86048917114529533e-02,1.79309852039530995e+01
2,5.34065891196466893e+01,3.43705446804981563e+01,4.39760336734826285e-02,3.97539709146000462e+01
2,2.51586217603060263e+01,2.19105963368658649e+01,5.48678012923205644e-02,1.82962459172021923e+01
0,4.58984700707547830e+01,6.43057187520526270e+01,5.59828935485096948e-02,2.05584338820254509e+01
0,6.27380324367984770e+01,6.81135906641953710e+01,5.96209442152969976e-02,1.95548964583888072e+01
2,2.23572282384771697e+01,6.30767859609585813e+01,4.45596577298883745e-02,1.55701838147888250e+01
2,7.74898059630659191e+01,4.00266705537994198e+01,5.61255428257226210e-03,2.00365464437155453e+02
0,6.94263086834876475e+01,6.38389027740255841e+01,6.37894798090585663e-02,2.20224192819263642e+01
0,5.92388218787354930e+01,7.32765823529997391e+01,3.98171861032855304e-02,2.12434725596330800e+01
1,6.27617703781747664e+01,3.27601821669253752e+01,2.36720965335860192e-03,2.33055276847347955e+02
0,2.98907754374487240e+01,3.40011843711558299e+01,4.92025346737228544e-02,2.50821452738941169e+01
1,1.64861994641986804e+01,6.94342272322622307e+01,3.51779361845854927e-02,1.03732655160894733e+01
0,3.27760620473543582e+01,6.96831493028462177e+01,5.44012248880028429e-02,1.46457099056644360e+01
1,1.92789292021405956e+01,3.32994037480729332e+01,5.82029073946696215e-03,3.01208845423712432e+01
0,3.34115568322941954e+01,5.23068228622864595e+01,3.01781072761153103e-02,3.35631884605466482e+01
0,6.37135818007195169e+01,5.28804697593957300e+01,7.26581208056500810e-02,2.44101750405096389e+01
0,2.19941575734547712e+01,1.13542969721750016e+01,4.46912215712735456e-02,1.20671221244161693e+01
0,1.51899673549932768e+01,5.20439652664699253e+01,9.04078746198441058e-03,1.93004822896400015e+01
0,6.65414541885935478e+01,7.23233328174219992e+01,6.75876256884865301e-02,1.49738276397707555e+01
0,7.52770304638974466e+01,6.64642246004399908e+01,7.18186116027529353e-02,1.87534619298837022e+01
0,3.87241351982683284e+01,6.66297659398492783e+01,7.59811859298450687e-02,1.38947484722931591e+01
0,2.50659803466956177e+01,7.32956013501655974e+01,7.28797281518439449e-02,8.56382083443783237e+00
0,7.19570217437025406e+01,5.34322541496932786e+01,1.47859520421384002e-02,8.94666599592748639e+01
2,1.39847368372515390e+01,6.59979245797743204e+01,6.33734515925565983e-02,7.49782176616055551e+00
0,3.42879337217448636e+01,7.73260470227648398e+01,6.53911833895291228e-02,8.71192996542541565e+00
0,6.63687598186719754e+01,6.80664154256764107e+01,2.99545039028811556e-02,3.51537552582811941e+01
1,6.11949270710951012e+01,5.08374127404772551e+01,1.67214367985808466e-04,3.54673623152895289e+02
1,6.33347887273474512e+01,3.68665539247131022e+01,2.04107222861628912e-02,7.60074225002742736e+01
0,4.36573766783375916e+01,4.99903620083124878e+01,7.86456039726717293e-02,2.05001185532092762e+01
0,5.92694928047192207e+01,6.81559691667111167e+01,6.30183643221260848e-03,9.52558493002030815e+01
2,3.12889182616843229e+01,7.72850550368570879e+01,7.77801045417331471e-02,7.30619747040854506e+00
0,7.05808856797913791e+01,1.79393237229901921e+01,1.28168501096450616e-02,9.82510774651863130e+01
0,6.51555929015151776e+01,5.62968694462936554e+01,4.13329692083905763e-03,1.75192250403911601e+02
1,7.59491014578509152e+01,4.58133775544730568e+01,1.76393062116023194e-02,8.89950379913288572e+01
0,6.35889756651913629e+01,2.90044656495731950e+01,1.01722000130726360e-02,1.17594586022538095e+02
0,6.09843424407926946e+01,2.49549178469405533e+01,2.07819880772400906e-02,7.11852973468283352e+01
0,2.32639562462963667e+01,6.79268136554686777e+01,1.83424731900976475e-02,2.16139863124658689e+01
0,4.98487569314919270e+01,2.40097709345162826e+01,1.64495496629002598e-02,6.89982540578146910e+01
0,1.53041656489259488e+01,7.37094036079663795e+01,3.82547194309013072e-02,7.53989120872643248e+00
0,7.41954271316036369e+01,5.62318956316773964e+01,4.38663251049243585e-02,3.71283043822449841e+01
0,6.58630328363962576e+01,2.06811484945552877e+01,4.58530998312842771e-03,1.61391867924282366e+02
0,4.74316913636025106e+01,6.36441892122099446e+01,5.43916174086353718e-02,2.17604551959911312e+01
0,6.82995873189026668e+01,4.60862260256745770e+01,1.19621171229686313e-02,1.09458822876566842e+02
0,7.08180633575276772e+01,4.85761547681195935e+01,7.08290299493582881e-02,2.75795868765294721e+01
2,3.50348841879037707e+01,6.88130491293573812e+01,5.51769796582782159e-03,5.48354517931055696e+01
0,5.71093339344967106e+01,7.88289553429992225e+01,6.61859496467518404e-02,9.57140567591805258e+00
0,1.92180913016414507e+01,3.64960977958670441e+01,5.68057578367242022e-02,1.56245293863314636e+01
1,1.34628332993275119e+01,5.95358137924173931e+01,7.40718678103104711e-02,7.86744956235725557e+00
0,6.41429969308105967e+01,1.71563312624316708e+01,7.73749524921050254e-03,1.14432436945705675e+02
0,2.52561143230733407e+01,4.63824595839737839e+01,6.35020495152447892e-03,4.92044545920363703e+01
1,3.83617954924369400e+01,4.70414777448507024e+01,6.02046831203058089e-02,2.44011950587059872e+01
0,4.42667115897468335e+01,1.45617637747249855e+01,4.76804213170877178e-02,2.81360023880074266e+01
0,7.61170846473391691e+01,4.02866094610937751e+01,2.92240470871929781e-02,6.34736680027699336e+01
2,6.44596156536297116e+01,6.23405036583071208e+01,5.07630425102983777e-03,1.37693569483756107e+02
0,4.84152286214841254e+01,1.29064272060056453e+01,4.35921959914730393e-03,7.98251320244069547e+01
0,6.66136269258745131e+01,3.15761124778067739e+01,3.94214157114668798e-02,4.86366728463015718e+01
0,2.74378139566472861e+01,5.68673290177835469e+01,3.13074243163885338e-02,2.60240494142099728e+01
0,1.60125046057362930e+01,1.74720764027291864e+01,1.18474452266048753e-02,1.30803040942283602e+01
0,2.78480508989421764e+01,6.35740133344944169e+01,5.09964485196618116e-03,4.74385365507437555e+01
0,5.17004733432832140e+01,4.38349747617027958e+01,9.19255275848005447e-03,1.04728521722784834e+02
0,3.35326184275432411e+01,7.67706251407564224e+01,4.37327401387675868e-02,1.19685612523367979e+01
2,7.91865991510083944e+01,5.65866256693246612e+01,2.80722248503685913e-02,5.44655360498455465e+01
1,4.86592308431168803e+01,4.73596865477621236e+01,7.26870859766715199e-02,2.36637928110589328e+01
0,4.97804894342862525e+01,7.26785213653965627e+01,2.55373311970298125e-02,2.81975579342133571e+01
0,6.19343409735836445e+01,4.88942899958949297e+01,3.53902247083255801e-03,1.95718582918578818e+02
2,4.60519067227640519e+01,3.05715851258886389e+01,2.14735101762697431e-02,5.82608397304422212e+01
2,2.21634051771785714e+01,5.18210570774215853e+01,2.58339476186414015e-02,2.48672587761054018e+01
1,2.40981324140362503e+01,2.55457765677530091e+01,5.23975958903741268e-02,1.89300745802553827e+01
2,4.17610426374575354e+01,4.04738616334929446e+01,3.26765309449928432e-02,4.14366596530759921e+01
1,2.77051247591685836e+01,3.82859425697415077e+01,6.63903567509474459e-03,5.58543008551980122e+01
0,2.44983309824650064e+01,7.93931256509276437e+01,7.08768316893033674e-03,1.65858732940580360e+01
1,3.57456410277560792e+01,4.74545363030614027e+01,4.12143064096794493e-02,3.04183973639212475e+01
1,6.61543455513689764e+01,3.01127615707455476e+01,6.44735179857313101e-02,3.28944720338518621e+01
0,7.05451525794113081e+01,2.59046167724992102e+01,5.25483050075820496e-02,3.97051706362149943e+01
0,2.84352975614423684e+01,6.66995273085109943e+01,4.50109347378067903e-02,1.69103504317182569e+01
2,2.38351212971580502e+01,5.47898662279600828e+01,4.50613316621147966e-02,1.93148124036363278e+01
1,1.25175324805436787e+01,1.12354309279412163e+01,5.95438781853674312e-02,4.69089376728493246e+00
2,1.06491157912458601e+01,4.06901399277406881e+01,7.12782400562474022e-02,7.14033936028461991e+00
0,3.56722135788783916e+01,1.53380682668814572e+01,6.68515269842558518e-02,1.95401459468388587e+01
0,2.35537092197897593e+01,6.33871459047435479e+01,7.26043451948696766e-02,1.19169603007240834e+01
0,4.52539834208157856e+01,7.60030372250946300e+01,6.21429946710563771e-02,1.13170098148050808e+01
2,1.91993863639070490e+01,6.83210465732974939e+01,2.24761109980374484e-02,1.55378643470910216e+01
0,5.38731285122513555e+01,2.60812992931635748e+01,3.26109976042937774e-02,4.87253535593290223e+01
1,4.90119449821696165e+01,2.27715782033669427e+01,6.03095302950340528e-02,2.90573638852455716e+01
0,7.39739446663392641e+01,6.70698129508395198e+01,9.18579089080662214e-03,9.25794953556003151e+01
0,6.67485402067209748e+01,7.87748494624485716e+01,3.05988207626326945e-03,8.70766930512294550e+01
1,1.85130192363159871e+01,1.31977807315845315e+01,6.75697565118161536e-02,9.12557542016394052e+00
0,4.82891613115584235e+01,1.20793855258218592e+01,3.18816859519759910e-02,3.57041393022450109e+01
0,3.56907413311265032e+01,6.51631010693752728e+01,5.98601327622919066e-02,1.67837935290262088e+01
2,1.28789913248501335e+01,5.43503270383529014e+01,5.49334412827548052e-02,9.25990335490095084e+00
0,4.85086859092424092e+01,7.96837643405254994e+01,6.81039220285321045e-02,8.16463058235160943e+00
0,7.82976497114271979e+01,5.13562723055694761e+01,7.95053492679020785e-02,2.47599011685371408e+01
0,2.01663459390904265e+01,4.52863727963066651e+01,2.10216642062669573e-02,2.52825899277422259e+01
0,1.03481236701189498e+01,5.10024888678416204e+01,3.80175367596898642e-02,7.93026672593983228e+00
1,2.38849927409592162e+01,6.50177142598132463e+01,4.37931383409482788e-02,1.57932574881402381e+01
0,4.00818582075148555e+01,7.27649363971125069e+01,6.44753979769759761e-02,1.24985331561055162e+01
0,2.84964806733433846e+01,7.21427153422019956e+01,7.46167799226277600e-02,9.64956255622958459e+00
0,5.85305571515330101e+01,5.54656535098226229e+01,2.22590208062492939e-02,5.72242152391664760e+01
2,2.87083658242145638e+01,2.92974963305030265e+01,4.35889820674603690e-02,2.55461548247401140e+01
0,7.03888013337156337e+01,1.87719538377888924e+01,7.73640995530058273e-02,2.78978963573897865e+01
2,1.89786154222327603e+01,5.49664007069130349e+01,1.07850255686026842e-02,2.60528987191097912e+01
0,2.08780898603877318e+01,5.43468867261031363e+01,5.49278524210455865e-02,1.54548054791286908e+01
0,7.78564110299884220e+01,2.20384354357322962e+01,4.96088318842012668e-02,4.27929160088775902e+01
0,1.51304015014216002e+01,4.16287401738333926e+01,5.40033397055398115e-02,1.23573136090782150e+01
0,6.28499876830417676e+01,5.61193240401592135e+01,6.27858954628854327e-02,2.59312392553395199e+01
0,1.58637432997814969e+01,4.52997488190737485e+01,7.52651144386063814e-02,1.09962129053782167e+01
1,2.11118091421810234e+01,5.57267364855085745e+01,1.89896909412572944e-02,2.53091935398107779e+01
0,5.37296605840774077e+01,5.03821300591056414e+01,5.18519188666313746e-02,3.11898085376840584e+01
2,6.77385495392968267e+01,1.29183053554995482e+01,7.94654276837430257e-02,2.47633454954669574e+01
0,5.31785155041757989e+01,6.06317821342271372e+01,6.56313959695114663e-02,2.12541144002792564e+01
0,7.97419164658844437e+01,3.30232304261901319e+01,4.32890491102296895e-02,4.90217679278182601e+01
0,7.90385544309844335e+01,4.81772451705857705e+01,7.83351124639087293e-02,2.63316720863887461e+01
0,2.04777768236091404e+01,5.17976996579441646e+01,4.32422483034291573e-03,3.59249501774961928e+01
0,4.26454873105261498e+01,1.77584392295274931e+01,6.15483851391270820e-02,2.47188343237124819e+01
0,4.28562877711841281e+01,6.16613601180776669e+01,1.89029993952238781e-02,4.59522814044783416e+01
0,2.30649357204665115e+01,4.69410949026211028e+01,2.67195125425446090e-03,4.82794514841143112e+01
0,5.61106803699196206e+01,2.35406329428889016e+01,5.06333421509751677e-02,3.59227846383349174e+01
0,7.08946069503206502e+01,2.55747292488376985e+01,7.17666781443074414e-02,3.08893395254296088e+01
0,6.17520285145740786e+01,5.23298055745209822e+01,1.22122652389149711e-02,9.41243904576699322e+01
0,6.52238439337648543e+01,6.80723623943724903e+01,2.96967515644555764e-02,3.51127581742155073e+01
0,2.82626736171593365e+01,6.87543088970587633e+01,6.15047438297532112e-02,1.27067996301921422e+01
0,4.96128389891483934e+01,4.30656301682568241e+01,3.83809146937071008e-02,4.06130193558968600e+01
0,2.24034414569019589e+01,2.90209563450497861e+01,4.67319437168555729e-02,1.93468000253046171e+01
0,6.34269168019134355e+01,3.87737152454478604e+01,5.41508997672658157e-02,3.62024703645673114e+01
2,7.51248977432868514e+01,4.95615754580182539e+01,3.49941173475965955e-02,5.00034691506742561e+01
0,4.48605318939021771e+01,6.35842462448154038e+01,7.69741320321025713e-02,1.61099369410989688e+01
0,4.62600967132548391e+01,1.20773819458717924e+01,5.30276013710464789e-02,2.54210041998380127e+01
2,6.17044108864606642e+01,4.85515524155985716e+01,3.33468174889427205e-02,4.80714527769093749e+01
0,7.25578950634616717e+01,5.65362470314302357e+01,7.61626236199268031e-02,2.29019196801297333e+01
0,1.64423602360220791e+01,1.44463610377256586e+01,5.24183036289644928e-03,1.23981416483771767e+01
0,6.27487094318589129e+01,7.79701346804693713e+01,6.47969029642787020e-02,1.07817860894861735e+01
0,7.26833670743962301e+01,7.71030421627933009e+01,4.59490511157349072e-03,8.69295850169974784e+01
0,2.45920131841327532e+01,7.16781998149611468e+01,4.54466724871291946e-04,3.58184866341365051e+01
2,3.06557701802766367e+01,7.53839572074638369e+01,1.66883528513799562e-02,2.16912141847128375e+01
1,4.29414928819502180e+01,2.08018155709288806e+01,2.69548944532936640e-03,1.01468518527219601e+02
0,5.16531318020197432e+01,7.40338651015371028e+01,6.75446725182045956e-03,6.23069895022605706e+01
0,4.20551185761473576e+01,3.24451152792071369e+01,1.80900527425928992e-02,6.00230797502860511e+01
2,5.01278602103801418e+01,3.57631428277628203e+01,3.01388480977230894e-02,5.00968000286523321e+01
0,3.71730549600804920e+01,1.39907195880550770e+01,6.85078848777281313e-02,1.92268551811898796e+01
0,3.95228379556991314e+01,7.38247295666420627e+01,7.15383704263731351e-02,1.08303822405692234e+01
0,3.17455314415908347e+01,5.67467148944484734e+01,5.78453390889826849e-02,1.96449152260349926e+01
0,5.57703305260402828e+01,7.48011274541128159e+01,3.31631758517490216e-02,2.19646712300907048e+01
0,7.56487888137125424e+01,7.97696395602107629e+01,4.74842771969556585e-02,1.28649217461068925e+01
0,7.90018818125987679e+01,6.09360186030515791e+01,6.26434373735473282e-02,2.52433612938150844e+01
0,3.67595533485837649e+01,5.25358810876434887e+01,2.71640451024850460e-02,3.84635973697460756e+01
0,1.31348628202811373e+01,5.12564616811017260e+01,6.17501911974435921e-02,9.37857440596759417e+00
0,5.44117831059795662e+01,2.15384717196272071e+01,3.16730163801900583e-02,4.81571412349659056e+01
0,7.67460885383244857e+01,4.24092376239212925e+01,9.71420178110408462e-03,1.39726105567454141e+02
0,7.66990992786315928e+01,5.08532704073849544e+01,4.00178723197290101e-02,4.44205655909017452e+01
0,5.80647098375623827e+01,4.04899044470485023e+01,7.62588128209581440e-02,2.60994698181637830e+01
0,3.62199967757557175e+01,7.12621891058070958e+01,5.64024711087192654e-02,1.41207311281652803e+01
0,1.58254067105021434e+01,4.24423484274489056e+01,5.26475288920133788e-02,1.31462973663658627e+01
1,4.23335621480448623e+01,1.36528538979824425e+01,1.19449288084408686e-02,5.14191293387413495e+01
0,5.58510019797156829e+01,2.50891638094653970e+01,3.55923644689538077e-02,4.66490937554968426e+01
0,6.05837156490641888e+01,4.85548973165207443e+01,2.01883433193652088e-02,6.89907779045054781e+01
2,5.63178901771319644e+01,6.16684799956778988e+01,3.37522202733623738e-02,3.60633215811199790e+01
0,6.50699984772694506e+01,7.30270274641716384e+01,5.40332775487398775e-02,1.73614584154768750e+01
2,1.78874180442463988e+01,3.95350220912850574e+01,5.89971920857196991e-03,2.78570048018656280e+01
0,4.62397103425056670e+01,5.79888238751756191e+01,5.80781499292425743e-02,2.34180756497300209e+01
0,4.16164064902708049e+01,1.79035382499260756e+01,6.41813424828123619e-02,2.36776325016214955e+01
0,4.50802093198537364e+01,3.87314277435638132e+01,4.21470235529763371e-02,3.67623123075441498e+01
0,4.26171637281011044e+01,3.38274413843141772e+01,2.06090425554014897e-02,5.66154868809608089e+01
0,5.23274964089042101e+01,7.96929214590652037e+01,2.16071612319050921e-02,2.05212253362770234e+01
0,1.74625064737835061e+01,2.03172547314405172e+01,6.30766780349718836e-02,1.11027208923541245e+01
1,1.07453218328506495e+01,5.35412699947721507e+01,4.44490388696064664e-02,7.85507914114258554e+00
0,4.05679774415516050e+01,6.11000144517747117e+01,8.53440035230984377e-03,6.88089360695385466e+01
2,5.11999793183412137e+01,1.06653726951166838e+01,6.65535137671468963e-02,2.25564005894137587e+01
0,3.96926230990333266e+01,4.53619871858574726e+01,3.76941142944317506e-02,3.52936767660759827e+01
0,4.60309996463749513e+01,7.00570074069847806e+01,3.56086791582428674e-02,2.38222410651236878e+01
0,3.80621850804419068e+01,3.04228593664498312e+01,7.40126130100158958e-02,2.23463186127754412e+01
0,6.68928271467935360e+01,5.44774324057830768e+01,2.85617916523144737e-03,2.20725914534800893e+02
2,6.67112271091720572e+01,5.16570508866931846e+01,5.84986464017050178e-02,3.03766650353291965e+01
1,2.05742265246859546e+01,7.62799784483077588e+01,1.23831442564048821e-02,1.40386444672019888e+01
0,5.36655671466895896e+01,7.04351413028256559e+01,6.90492975330171399e-02,1.48825055164008315e+01
0,4.66262880884341797e+01,2.72614132800739242e+01,3.01180880001776959e-02,4.67837697967155961e+01
0,1.39214965660434302e+01,2.88671061173184924e+01,3.09317697440890174e-02,1.21927736752350047e+01
0,1.61651789954752587e+01,5.94222162597112344e+01,3.06125900502174191e-02,1.41650222583312626e+01
0,6.69869664541978693e+01,7.74975644264875996e+01,2.09937412455179669e-02,2.86174170020056238e+01
0,6.01142341091042525e+01,2.23906935817941175e+01,5.28983863507498722e-02,3.58325182869563292e+01
2,2.10474039685399319e+01,7.63476778057187602e+01,6.33872478197347045e-02,6.92130033228720087e+00
0,5.10760788882764771e+01,6.71769675509591764e+01,6.96419826217422461e-02,1.64546350478345111e+01
1,7.25509978703319263e+01,2.92512146976593890e+01,5.01830184787904754e-02,4.19359328867032630e+01
0,4.66242574109789913e+01,4.83337076951350681e+01,7.00804806058354240e-02,2.36340891072251509e+01
2,5.20877887088714289e+01,3.47604530693600537e+01,6.84111842781703616e-02,2.79496979404933015e+01
2,5.73887106988151814e+01,2.49215189079314534e+01,5.67836763156503721e-02,3.36263834418282812e+01
0,4.70636240782669688e+01,4.14782503701580580e+01,4.73193108341595781e-02,3.41587605414026712e+01
0,7.15514087292850007e+01,2.35914811454466644e+01,3.36356976765699658e-02,5.57432890997090098e+01
0,2.78709333764476099e+01,2.38464414017412736e+01,2.74407428258764338e-02,2.94809898190229518e+01
1,2.57971878625267479e+01,4.86626780674533919e+01,7.94989560622531427e-02,1.54536340762893829e+01
0,1.70608011963059880e+01,5.80825529399442644e+01,3.98775086753436116e-03,2.40776225903914565e+01
0,4.11084396060615731e+01,1.81807515772455730e+01,6.72243628298797580e-02,2.28489277013906253e+01
1,3.28633062347070677e+01,5.41373870623033824e+01,5.78351030973736115e-03,6.98059997896114908e+01
1,4.49867418741807228e+01,7.60994633979898509e+01,2.29120778556341533e-02,2.35851625108241194e+01
0,2.22256523999698885e+01,6.74204159090794377e+01,9.44831954332794703e-03,2.58003539217326292e+01
0,4.36430163306738805e+01,6.50482067852521197e+01,2.15777771761788556e-02,3.90551018263725211e+01
0,4.47271781748068591e+01,2.49564773319663402e+01,4.28580462418122130e-02,3.54333306659776355e+01
1,3.13966073118757159e+01,1.50872383083243893e+01,1.95362120832056167e-02,3.09813287069585179e+01
0,6.63015334501878897e+01,3.51148752439416825e+01,9.96777886193505117e-03,1.25785741259014756e+02
0,4.53726098858558160e+01,4.10826391406071281e+01,3.68020601753095700e-02,4.01993015733301746e+01
0,5.16226133689040694e+01,2.55656862220291679e+01,4.63518855709566455e-02,3.69436792717505895e+01
0,7.66568413004885372e+01,2.33587048149032341e+01,7.31955699672658250e-02,3.11565983330500487e+01
0,7.13868436814848764e+01,2.52600887372246632e+01,1.41036740751262005e-02,1.02817809726485635e+02
0,5.51481174775739333e+01,2.23455638505871441e+01,5.49055895159257720e-02,3.32164702111058361e+01
0,1.03712521774345472e+01,1.19441220297849089e+01,1.08937958546539183e-02,4.09440566024396801e+00
0,5.51004626950939453e+01,1.35115086428417186e+01,6.20753118540928323e-02,2.68687772433628922e+01
0,3.13446161152519664e+01,1.60433669206453438e+01,4.18326769606154353e-03,4.58006299971317290e+01
0,2.72910029759586052e+01,5.38999337758405517e+01,4.38842820143466317e-02,2.22288736363615413e+01
2,5.23681166858546021e+01,1.61285027614017196e+01,6.48842697257801526e-02,2.65137897262341617e+01
0,2.23284450080655326e+01,1.82342452606711944e+01,2.27754427744345199e-02,2.06612189656248866e+01
0,6.15159452552883650e+01,3.64561702749292706e+01,9.17138401708510534e-03,1.24356887147648834e+02
2,6.43445432648823328e+01,5.16375848383069993e+01,4.48315993712255639e-02,3.72565108225397381e+01
0,1.96482994621127602e+01,6.62529660144233503e+01,2.10335035333761682e-02,1.75813601647616942e+01
0,2.06376447536914114e+01,6.14682465210152529e+01,3.75377792348718306e-02,1.64407744781895637e+01
2,7.47699554539661335e+01,4.45410766433849972e+01,7.33355328396596423e-02,2.85882270246444854e+01
0,1.21381794722638254e+01,2.00174545580833403e+01,2.20025808207076345e-02,8.22887388615232140e+00
2,6.58683091714527791e+01,2.09257159709018303e+01,6.70614426688330711e-02,3.09003167023103948e+01
0,6.22840611391871519e+01,7.87019222395056062e+01,4.53390823146572336e-02,1.36937841489737586e+01
0,5.92301524512828408e+01,3.13196546997230314e+01,7.81994113409715669e-02,2.67752522027329611e+01
2,1.23661672834184309e+01,3.79260778464099815e+01,4.28065416931679085e-02,1.02582597178735551e+01
0,7.59279868570680492e+01,6.65421973813160434e+01,4.37183164953851011e-02,2.87397109680865448e+01
1,2.43827880198114038e+01,2.34906395583566940e+01,9.10123418186039972e-03,3.45855174255115116e+01
0,7.10965457580867479e+01,1.30487846467014990e+01,5.99995153392349490e-02,3.16810717137301694e+01
0,4.50517741847684192e+01,5.52934722140649555e+01,7.56020144966030733e-02,1.97689661347252610e+01
0,3.27952149144812779e+01,7.63905986585861854e+01,1.47964999429435202e-04,4.93525507767360523e+01
2,2.22383918410576271e+01,7.63698188548504504e+01,4.07591086274924075e-02,9.36338556403120315e+00
0,1.08033699260798315e+01,5.71006730366337720e+01,4.98038375829135994e-03,1.02224579492475538e+01
0,2.64003456888135553e+01,3.09326778154305444e+01,4.06368570582209569e-04,6.10847832664340160e+01
0,1.81381876128872541e+01,2.34285534178192023e+01,4.96415178214588710e-03,2.22654722205899205e+01
0,1.04659424035882349e+01,6.49756573371885651e+01,7.68497552788584004e-02,5.05630577949260029e+00
1,5.65360978588530969e+01,4.04054330133452595e+01,1.99795673485659818e-02,7.08209689901459001e+01
0,7.84018844494573699e+01,5.02816356238749336e+01,2.18280103365403461e-02,7.32276455926929657e+01
0,4.60090677027793191e+01,7.98550711524502361e+01,5.83541799685447504e-02,8.91502035044418051e+00
0,6.74292708169354427e+01,3.23977581561911023e+01,1.96045272809660075e-02,8.16480419548371401e+01
0,7.79271332094267990e+01,6.75843061701285137e+01,5.11805922956123233e-02,2.44536925354366836e+01
0,1.56522644800865276e+01,3.64925102567046196e+01,5.71339080033544389e-02,1.24691877260720112e+01
0,3.97802344358837843e+01,3.84133834288707732e+01,5.32003599442710945e-02,2.88984100246227378e+01
0,3.95251887383781124e+01,7.19587521456583943e+01,2.17154856235922643e-02,2.79940923765544802e+01
0,2.74138134677827345e+01,2.36715694655882416e+01,7.51242981520080719e-03,4.36078267965590385e+01
0,6.02295044303992171e+01,7.38233865658128821e+01,5.38270338723775069e-02,1.62359503840332735e+01
0,4.87626947515070555e+01,3.89293183096061810e+01,1.92161376767912284e-02,6.57535181111596643e+01
0,2.17547131760597310e+01,6.81306437048377518e+01,7.81901346397931712e-02,9.25734508631269115e+00
1,7.62047889033889732e+01,5.89911509571087294e+01,5.59684670849277255e-02,2.88092704932084196e+01
0,1.83498495613927304e+01,6.54314509364445627e+01,4.72542496895691985e-02,1.17146395205359823e+01
1,1.34778135183253376e+01,3.17129491309417944e+01,2.99538817956021310e-02,1.21788481563343929e+01
0,6.29084088719792831e+01,3.56692171703748784e+01,3.88491305823138941e-02,4.74366350591325130e+01
2,3.99158877692272114e+01,6.71339175418063121e+01,9.77556310274505479e-03,5.36694065807034164e+01
0,5.56819257811619011e+01,3.02199281539092368e+01,3.72550299918045918e-02,4.59805491292549675e+01
1,1.20529619419076433e+01,6.43896316807670672e+01,1.08364756594717445e-02,1.00927511799854095e+01
1,1.56012568648586409e+01,7.46286637071992089e+01,1.57389678213180860e-02,9.64659521227859607e+00
0,2.99144191606617795e+01,6.14496025190219584e+01,7.86441027513820889e-02,1.37613217650923261e+01
0,3.29400904094103595e+01,6.71351733385957630e+01,4.03535829346200400e-03,5.83243689546216117e+01
2,4.69468756206188687e+01,3.75166081602919732e+01,6.77348880642234061e-03,1.11330609790566456e+02
1,3.22695597929376632e+01,6.05803974140679173e+01,1.94947513741377948e-02,3.64580096415016612e+01
0,2.62105661349842336e+01,1.44603059939470917e+01,6.29467836431830269e-02,1.48635124881439751e+01
0,7.65824795120581854e+01,4.85408489877432814e+01,4.97899806343921059e-02,3.82379844946315757e+01
0,1.92888440843728546e+01,6.83559186700755674e+01,7.60164765211163579e-02,8.53172712489368301e+00
0,4.51769452970914074e+01,5.20765824632591645e+01,5.50098451013577155e-02,2.67747065926481369e+01
0,2.56567575436631827e+01,2.83467817933105017e+01,1.26358191789440796e-02,3.80020901781948126e+01
1,6.68301067903580304e+01,5.25640289939757963e+01,8.69635439064588879e-03,1.23659075865461958e+02
1,5.33382176562111283e+01,1.60823214968109411e+01,5.98120940726718786e-02,2.84143609914594499e+01
1,5.34347046872040750e+01,1.14719627036341585e+01,4.37291114661584601e-02,3.15340997577349498e+01
0,4.04808472737183109e+01,3.36495649823505403e+01,6.93779501331415333e-02,2.43200097624003320e+01
1,4.20803290121619398e+01,1.12899559362152786e+01,6.49535682959027638e-02,2.02131142146138103e+01
1,7.94529620199162707e+01,5.40628797911713619e+01,4.00861034845708189e-02,4.27322405664633607e+01
2,3.97379415609970010e+01,5.57546737994804431e+01,4.78584869832947291e-02,2.61761070898086317e+01
0,5.60227045568232782e+01,4.26726964020530630e+01,6.03037574214543778e-02,3.06064056321343294e+01
0,1.61719964892598789e+01,2.74898292572501148e+01,1.58605193298406444e-02,1.74227702018965047e+01
0,4.67208391124315412e+01,1.94503777505956705e+01,5.43067130424301336e-03,9.39858196449315813e+01
0,6.29075090026012589e+01,4.81388921240443253e+01,1.40636217251283386e-03,2.80728055151449723e+02
2,4.28194515244460092e+01,7.63493647463540128e+01,1.58143088706238708e-02,2.84511468739801998e+01
0,6.09121803561246935e+01,6.59672122052603527e+01,1.63809659425199969e-02,5.68812564154116345e+01
0,5.64982470213964021e+01,2.95521548138224901e+01,1.41441300879449547e-02,8.80211364811258221e+01
0,1.76922900120267172e+01,2.89921405058946817e+01,4.24375755875001648e-02,1.54228653055077576e+01
0,4.33992224789907581e+01,5.37254139304481910e+01,6.35336051303469207e-02,2.29012845465410173e+01
0,1.21840990990380664e+01,6.61287885154575719e+01,4.11384580997733382e-02,7.42640752776451318e+00
0,1.63660038022950545e+01,2.50452418172947873e+01,2.26266178044188214e-02,1.56762297942770950e+01
0,5.71258885641778136e+01,6.88274031235105070e+01,6.67702846640910591e-02,1.67264430750884010e+01
0,2.53907760411351475e+01,7.17031743159412684e+01,2.35736622648474378e-02,1.82953416148890895e+01
0,1.35447929433878187e+01,6.22449116551687425e+01,2.96297985278400240e-02,1.05918587021350401e+01
2,4.27879808077353658e+01,1.42324064562413870e+01,1.50158588791682313e-02,4.89740771682285185e+01
0,5.88748729833969406e+01,7.60511608387244422e+01,2.14431807695795763e-02,2.90995187893385427e+01
0,2.96133292015386260e+01,1.42200767787855629e+01,1.90921781887861460e-03,3.98012272543154921e+01
0,2.33420388671896148e+01,6.30569633975006454e+01,5.85462805935972053e-02,1.37218133950004564e+01
0,2.61558353001642807e+01,1.18133829471799263e+01,2.96086279111644783e-03,2.59726569574903294e+01
2,1.16162253849010888e+01,5.71919496655529827e+01,3.49691725273845247e-02,8.94035562640604198e+00
1,1.29217630740649252e+01,1.72989923131343808e+01,4.49574824258647185e-02,7.29297045138310995e+00
0,4.23702256314782488e+01,7.42630957882430494e+01,3.08828939316429726e-02,2.06001461938149397e+01
0,2.50778589646115293e+01,1.54501596454648542e+01,6.76882833536872619e-02,1.41245788641305481e+01
0,3.99585958651070570e+01,4.77857205069470155e+01,3.15099585019202807e-02,3.91705176676562488e+01
1,7.39280212567808093e+01,6.06423395388170263e+01,2.33531490261433203e-02,5.59791691488072800e+01
0,6.62966832870836384e+01,7.66555338325285049e+01,7.19423711374204689e-02,1.10294223767403086e+01
1,6.78709145349423437e+01,4.88756171197141640e+01,3.56558613725493703e-02,4.75390758951593710e+01
0,7.50316531516470633e+01,1.63827225024829239e+01,7.51455812719185740e-02,2.86757265416213194e+01
0,5.66883869183179385e+01,3.29814522832671884e+01,5.40418854191104733e-02,3.51401380620326123e+01
1,4.06393178406991495e+01,6.94936906200738633e+01,4.67160649418375123e-02,1.86250771338112671e+01
0,1.51335077375939697e+01,2.30436018851870585e+01,2.57504991828303546e-02,1.28192641116367483e+01
0,6.05194462631524530e+01,2.71870377055269330e+01,3.82578602034939208e-02,4.69508450102998722e+01
0,1.77825331014575205e+01,4.39158643351169431e+01,2.47767087628899315e-03,3.00892168300373051e+01
1,3.12370653514395258e+01,3.68785015520262789e+01,7.96255799404502612e-02,1.87758063072747277e+01
0,2.96426033377550766e+01,6.76101189610391486e+01,7.74553220003363629e-02,1.15560627001135661e+01
0,7.56497509235976793e+01,7.70114269790362584e+01,2.61517299686855609e-02,2.63382589404095064e+01
0,7.06633656454278025e+01,5.20436734018646376e+01,2.79953277922983558e-02,5.60728972240172681e+01
0,2.78215241633425912e+01,5.19929533753799404e+01,4.73214050918757054e-02,2.20879266248145605e+01
1,3.62328521089730842e+01,4.37292722380551311e+01,6.06567749372752194e-02,2.41650911829185766e+01
0,4.34143947940155073e+01,1.97472422306967452e+01,3.38502227016823018e-02,3.79445127319562019e+01
0,1.33402481175324290e+01,6.02156713677343092e+01,4.53410306303875382e-02,9.43182532910037530e+00
0,1.13461359654368152e+01,1.69613637082714526e+01,1.18962319706739268e-02,6.69790246014334034e+00
2,4.98369225987054989e+01,3.11514730554430059e+01,2.69845985002339353e-04,2.14123448289468996e+02
0,4.50166002254483786e+01,2.53240248999873714e+01,1.78683519394527215e-02,6.09661473694385947e+01
0,5.40624561152177208e+01,5.25265298939753578e+01,4.04054255420285766e-02,3.68507977452125672e+01
2,7.14890963563949242e+01,7.79497056090672515e+01,5.10123363759600601e-02,1.38355919718032556e+01
1,1.96831381094962374e+01,6.18990372738079557e+01,3.04802182278806483e-02,1.70683944827776912e+01
0,7.27186532661796861e+01,7.79883949497672688e+01,5.21975303563541118e-02,1.36033290446769417e+01
0,2.46725063076736255e+01,2.78696594092546057e+01,7.77680617898198895e-02,1.57925421340323702e+01
0,7.45875288935772005e+01,6.99986290195711405e+01,4.45314253440836083e-02,2.46778435616489844e+01
0,2.11020706484124787e+01,4.65282389786674031e+01,3.65391861204832219e-02,2.09867627700403787e+01
0,3.79638199734047390e+01,4.83173000584812371e+01,4.05409034927346409e-02,3.17424356980132352e+01
0,6.15508871250409015e+01,2.23333467946236368e+01,1.27396452188365400e-02,9.41003717070370982e+01
0,2.40142771519779998e+01,7.41482770070765156e+01,3.18995210664695522e-02,1.31245599933010642e+01
0,1.82020585611922137e+01,1.68675775784540605e+01,2.89065182888587312e-02,1.35879757712171489e+01
0,2.88113502964168191e+01,1.58098326061881984e+01,9.06858299266928396e-03,3.46821622986163973e+01
0,3.35503257815411970e+01,2.77695508222592089e+01,2.08460796159272571e-02,4.32366693084219165e+01
0,7.20146505969725013e+01,5.25746465953115276e+01,5.39733668307242134e-02,3.29549769978114853e+01
0,2.75518461014421696e+01,5.45938788851147478e+01,3.67169999555956236e-02,2.47005721292968303e+01
2,5.77310846897387364e+01,7.32321036457934014e+01,6.07156853948669639e-02,1.49173077472872269e+01
2,6.84402888570466530e+01,1.36970579902506540e+01,1.88071276804088784e-02,6.91970309321465891e+01
1,1.09345417050611697e+01,2.82914645169413959e+01,3.08807494935174447e-03,9.75908277343871866e+00
0,2.91633983954962517e+01,3.03281933459980308e+01,1.57939889599630137e-02,4.27625535128862424e+01
0,7.31908659521651401e+01,2.83595124900227624e+01,2.97626058110645464e-02,6.30286603584897946e+01
0,5.07196144273504999e+01,4.31173067722058079e+01,8.64680383875733767e-03,1.06631596092003846e+02
0,2.18518884951337071e+01,7.28137864460205577e+01,5.11259579819459478e-02,9.92991414685998208e+00
0,4.45219374506512651e+01,6.59244817735397248e+01,3.75054311491075307e-02,2.61485321827497401e+01
0,3.80146841515562386e+01,5.64673687249135625e+01,3.31446262286402768e-02,3.25617034942939370e+01
0,6.84795395276258461e+01,4.41864423241172304e+01,2.97265860397745753e-02,5.77954282750991624e+01
0,6.54826882667311168e+01,6.69498483594833544e+01,7.07889746303254491e-02,1.78783884592206910e+01
2,3.26924558375886676e+01,4.76588774153912667e+01,5.87022772018423872e-02,2.24582164607738974e+01
1,7.88145287537900288e+01,1.77314679955149970e+01,6.06446348629034598e-02,3.54174881944778264e+01
0,1.33451940747318698e+01,1.88507776519495103e+01,6.07364008110684930e-02,7.52225816898041000e+00
0,7.36756227569096325e+01,6.58423592100662631e+01,2.09700655261026540e-02,5.26035868598500898e+01
0,1.68086922977056901e+01,5.16848533662394942e+01,2.43801716357619283e-02,1.80711946993934269e+01
0,4.87992443023142144e+01,2.16384725419367321e+01,1.07852923263189113e-02,8.06729368388942163e+01
0,3.93231491989407971e+01,6.17934134336560703e+01,2.05939288387543308e-02,4.06514984288816450e+01
0,6.76394650522928487e+01,3.84907200347239993e+01,1.92340140822109193e-02,8.20929961852571353e+01
0,4.36354312834478932e+01,1.01948626443650703e+01,5.63676695327506999e-02,2.17979061357565769e+01
1,2.96988347439442286e+01,4.36037835891837702e+01,2.57388978190152794e-02,3.58376036610734232e+01
0,5.98970466775304899e+01,2.28711747722430019e+01,4.66212536356687204e-02,3.94386069393556582e+01
0,3.67411829593586887e+01,5.61637817424177541e+01,4.92769077391922439e-02,2.43127208283331449e+01
0,3.97623989156453916e+01,3.13821921700876132e+01,2.40484962343702870e-03,1.15382555374133418e+02
0,6.71374900656542053e+01,2.04290103604015592e+01,6.23898960043146322e-02,3.28945759039377208e+01
0,3.49343610181897830e+01,1.58699496510104474e+01,4.14586432604246921e-02,2.56721728030072853e+01
0,4.71034175918159619e+01,6.85454365391533855e+01,1.40944394419097833e-02,4.83070786664776932e+01
2,6.66120144280073134e+01,4.28549345773418509e+01,5.31871557271808362e-02,3.64282803128735395e+01
0,6.78696981076902546e+01,4.62960472519375443e+01,2.98885643683251268e-02,5.61700776897028931e+01
2,5.78546703442186327e+01,6.89605223493977917e+01,4.16080070855189259e-03,1.11833951306364270e+02
0,5.96879124401634371e+01,4.97023729292538405e+01,3.57123511120826208e-03,1.85748991388365880e+02
0,1.66630326696176283e+01,2.86755515699521197e+01,4.37858273865073602e-02,1.40726072265585298e+01
2,4.81661267742003147e+01,5.27301220137208375e+01,4.64474813599115854e-02,3.11697510231834514e+01
1,5.18578737953699758e+01,2.51178697518345224e+01,5.82505347009600813e-02,3.12582060441115885e+01
0,1.98773090504234773e+01,5.23565944932110341e+01,1.61279500039387264e-02,2.57911215427238965e+01
0,7.21837074248567063e+01,1.04498941716560623e+01,4.44709329586341628e-02,3.73460877536859357e+01
0,5.72974825638406244e+01,7.38478113702314403e+01,3.93720015644488872e-02,2.04992214306507066e+01
2,1.72203035664334543e+01,1.14404344001627649e+01,2.57478239627643990e-02,9.48101273986251591e+00
0,1.85211117169397319e+01,4.34511252235697185e+01,6.02002097279174808e-02,1.45168246024372163e+01
0,1.72496092995186494e+01,2.97620756647810687e+01,5.09958690822656449e-02,1.40041194997722034e+01
1,2.01373854343479266e+01,4.82373028156734236e+01,7.85818294521583166e-02,1.30277337782378293e+01
2,5.12820907650564024e+01,4.17650727941474571e+01,2.47091653941509393e-02,5.70846839194339424e+01
0,1.68282341019546564e+01,7.84273586870380228e+01,5.77553820181826161e-02,5.13104639170912158e+00
2,3.86145875984499085e+01,7.86577406410148825e+01,4.90089218485396730e-02,1.04022674388665202e+01
0,3.02062913108159279e+01,6.10917868659728001e+01,1.06406014439741885e-02,4.46957561048698224e+01
1,5.57490808720757940e+01,1.42302559746098538e+01,1.76411970334361366e-02,6.05806416845972038e+01
0,5.98633909686657901e+01,3.85860040771293740e+01,7.96057307450389467e-02,2.58135055055093048e+01
2,5.46852076989358125e+01,7.93509095542307819e+01,5.38516279891608218e-02,1.06940321584963840e+01
1,5.16786185946955712e+01,7.71429136329140590e+01,2.87720875783158726e-02,2.02722529127584110e+01
0,4.89340042791722283e+01,4.31017096975320300e+01,1.13176111005399531e-02,8.91271208243542645e+01
0,6.37317360128499217e+01,7.82453746929610929e+01,1.97384330506393986e-02,2.76287124000067976e+01
1,4.50893733516926432e+01,6.33340809462682017e+01,5.50814393144166831e-02,2.12273850960959258e+01
2,2.49866945546220194e+01,4.23057883181080072e+01,2.48527056872039943e-02,3.07362673119050740e+01
0,1.76587529984237683e+01,4.68089432701517367e+01,3.67100998992652486e-02,1.71430724553354104e+01
0,5.20033754021180812e+01,6.46819902082197018e+01,7.95261295593201190e-02,1.60919660231040247e+01
0,6.63513873381556891e+01,3.04640530172642627e+01,7.63306441214195303e-02,2.86582271485409628e+01
0,6.02357504713799443e+01,4.89979704698169058e+01,7.86523626235616918e-02,2.36843399137578743e+01
0,5.95458473925000860e+01,6.61177861437513172e+01,1.89455128273365338e-02,5.03453673261580334e+01
0,6.44029812846889627e+01,1.42186454315873512e+01,1.47960975122613369e-02,7.63364035430367238e+01
0,1.56457379601245528e+01,6.11511870954024559e+01,2.38279676813367841e-02,1.42197864664354849e+01
0,6.95521791698963057e+01,3.77787216487603956e+01,2.72969592758081255e-02,6.47697940254136881e+01
0,1.21888728816220731e+01,2.79658369974023060e+01,3.40111363350276488e-02,9.54364294398976831e+00
0,4.91693571327951204e+01,6.80786239018174513e+01,7.86793078255188377e-02,1.41862713112278094e+01
2,3.90833951939114215e+01,3.96249698004359914e+01,4.85995463838967204e-02,3.03343228066471120e+01
0,1.92236698352322648e+01,1.11976634255159642e+01,1.32679405049667670e-02,1.23732147646619541e+01
0,5.01186269587408404e+01,7.88405082868594320e+01,4.67828086143012231e-02,1.20644492675958652e+01
0,1.80491856539954654e+01,6.99594470861330535e+01,7.12652250758200045e-02,7.88842512919809380e+00
0,1.35403368291630670e+01,4.42356767223243423e+01,1.53259471296371338e-02,1.51773750277867165e+01
0,5.97604297605181074e+01,4.89835058221049309e+01,1.66857921968243707e-02,7.77713130175980467e+01
2,7.24074158768424638e+01,7.29136434166938443e+01,3.71476010658437911e-02,2.48220996725137901e+01
0,4.08382461820842693e+01,7.34488900672085094e+01,4.83729421388467973e-02,1.51892847173112706e+01
0,6.64523479417775746e+01,1.53932064167399218e+01,4.95163865365748079e-02,3.67716195568751090e+01
0,7.67748405867165786e+01,7.33544076260863278e+01,5.20779481182089901e-02,1.86257687413280664e+01
0,6.11401188728047060e+01,3.85366968533478200e+01,7.07475503716304965e-02,2.87143294584268034e+01
0,3.95176268834964333e+01,5.84429848340610931e+01,3.90658957451655714e-02,2.86996740097270049e+01
0,7.60382410034598024e+01,4.11873318501177295e+01,1.81800390251595535e-02,9.02716169306270473e+01
0,2.73084586996671064e+01,5.79861017068560400e+01,2.04448098714793865e-02,3.17942283979999765e+01
1,2.66991164935660272e+01,3.91376392776850253e+01,1.66841572775816085e-02,3.94946632383729082e+01
0,5.68920426203195646e+01,5.63557172042729064e+01,4.45052648861541389e-02,3.28033486011337772e+01
0,6.77665474335628630e+01,5.71956721313479406e+01,6.45815980687626523e-02,2.54645574108629305e+01
2,2.82668216278798887e+01,5.58533971770759621e+01,4.42047684546474015e-02,2.20572709419333073e+01
0,3.19574749243432095e+01,4.42237295578876726e+01,2.60331857861571857e-03,8.60322153008036423e+01
0,1.19449771526282600e+01,2.08247019847731458e+01,1.67510299387255493e-03,9.33530998979602522e+00
0,1.66411362432085141e+01,1.94742667511757546e+01,4.37737581937668128e-03,1.65417933364261849e+01
1,3.30810617071569766e+01,2.26296673629645113e+01,3.47162688202872147e-02,3.07572303475250663e+01
2,1.66330092663167619e+01,4.66293395188342998e+01,4.72070632048149433e-02,1.43641182790968305e+01
0,1.15594938333456003e+01,4.15175087804401528e+01,3.29951636398608458e-02,1.00507544547872456e+01
1,6.39399248589161289e+01,1.56941301113553298e+01,6.77772340251986127e-02,2.85400907043519751e+01
0,7.18351260025375211e+01,7.25752905311585153e+01,6.61215286592723439e-02,1.54405471654360316e+01
0,1.95572983726019487e+01,4.57153360360534364e+01,2.11412462339741133e-02,2.42004754302164109e+01
0,3.40082264491505626e+01,4.20987452025444640e+01,5.34167495396648470e-02,2.56686551365593836e+01
0,1.11114732735240711e+01,1.22681030140226071e+01,2.92143870424864914e-02,4.52408443868036692e+00
0,3.94400638879198411e+01,7.46007668974318392e+01,3.04805308196838820e-02,1.95024065307217498e+01
0,1.83613334043218188e+01,1.66096797817452284e+01,6.17982364171113865e-02,1.07041179391092331e+01
2,4.97660565230971770e+01,1.90546403860509912e+01,3.32371919733772878e-03,1.16173242208583332e+02
0,5.74169882454759559e+01,5.66531110411156007e+01,1.85039054606953197e-02,6.31873960750312307e+01
0,6.01311062156314264e+01,2.98813836514652706e+01,3.77015446132521331e-02,4.76049411319054485e+01
0,1.73014743400204480e+01,5.01318322270042671e+01,6.91458535309294464e-02,1.20557347029118347e+01
0,6.59438038636423727e+01,5.49897044923211453e+01,5.49434120844713644e-02,3.01440589808011765e+01
0,6.86832627893846563e+01,3.08441420613835540e+01,6.27599976864988279e-02,3.41490231151700812e+01
1,2.89834866174595795e+01,3.05972942431534349e+01,7.24120490089471408e-02,1.89787579430934628e+01
0,7.81483287079102666e+01,6.55724720920962909e+01,6.17016200295465861e-02,2.23158975022045993e+01
2,3.36260447539566272e+01,2.87599597820555033e+01,3.81397006272884975e-02,3.15413832159720506e+01
0,2.80286919170716011e+01,7.73483093368559196e+01,1.96353171943266340e-02,1.60423183826492384e+01
1,2.10828825338167043e+01,5.98323718728134537e+01,9.06716884439653405e-03,2.94366050115909914e+01
2,7.73565740783078439e+01,5.47791905346665402e+01,2.93638785035566126e-02,5.37918688085612615e+01
1,7.89154825582989048e+01,6.98750794853366131e+01,2.07590000960192096e-02,4.72627721136512093e+01
0,6.48353232514714648e+01,6.40197362232530054e+01,7.13319266005549568e-02,1.94530896335308690e+01
0,3.10111380004209849e+01,1.84716280383994054e+01,4.25187855329961922e-02,2.40417621321944672e+01
0,2.30421827055356481e+01,5.08512944868941048e+01,7.61242070809885485e-02,1.43485599922072709e+01
0,6.71266939465312475e+01,3.96180969319984442e+01,1.69279484337865258e-02,8.89663918948463817e+01
0,6.73710654921772800e+01,5.07853012978883882e+01,3.88531038689804986e-02,4.31530135431490791e+01
0,5.84194810731551613e+01,5.37484933245581402e+01,6.67301753221879734e-02,2.50233387859033058e+01
0,1.09890047005313161e+01,4.53268086915689210e+01,4.13888845956099441e-02,8.77581927340299117e+00
0,1.62839192448680024e+01,1.68823320245033699e+01,7.61816807331978235e-02,8.55590048285979421e+00
0,4.99913212388001966e+01,5.67999741480097384e+01,1.48759267382113335e-02,6.63740783832714101e+01
0,1.27646738834137974e+01,5.28266065247758050e+01,4.85904774518972835e-02,9.76675575361060133e+00
0,6.72547513854055268e+01,2.95359093066074152e+01,7.83802801490654372e-02,2.82034260066623261e+01
0,7.84434827520391025e+01,1.55577481263827622e+01,8.35502501629728847e-03,1.29791291816903652e+02
0,7.84305086654465953e+01,7.44336109377733095e+01,4.80949954064771937e-02,1.89256004179739499e+01
0,6.80752302990660496e+01,5.85614372629349447e+01,2.01294870792922513e-02,6.30840450923598013e+01
0,1.27039300482182469e+01,4.69353207895262443e+01,7.98928202399341730e-02,8.35584565118233158e+00
0,1.79409137521909656e+01,4.59784537621535634e+01,1.58755206352847902e-03,3.12494372029957930e+01
0,7.85229670590372422e+01,2.10622255297582583e+01,3.68861425458746363e-04,3.80305976510310188e+02
0,4.79500624709335455e+01,2.31385980270233347e+01,4.71420206112190543e-02,3.42730435102387716e+01
0,1.78528421924351619e+01,6.58081731767749432e+01,1.20187671146314307e-02,1.83716749538581468e+01
2,1.03359087388655766e+01,1.29227840951257988e+01,3.68856956172634864e-02,4.04854432554358468e+00
1,1.80686903964143397e+01,3.57936692088266852e+01,7.51401338722616913e-02,1.26877997775629705e+01
1,7.15018186426989075e+01,7.69463043744491557e+01,4.96610602344537688e-02,1.52355466090110010e+01
0,3.09537220131745592e+01,2.39519321913990382e+01,2.42098683454587960e-02,3.51359792424920485e+01
0,6.22150381960362040e+01,2.10442165148918647e+01,2.46900297967460151e-02,6.20706270566159546e+01
0,7.56156435714077304e+01,2.52039605500134449e+01,2.94371594505926648e-02,6.39982079553408738e+01
2,3.48429819793792035e+01,2.47064971715112094e+01,2.84554056567847824e-02,3.69914104209329366e+01
0,7.51949508971192841e+01,5.54006573565154383e+01,6.01475240695197658e-02,2.90538806610063887e+01
0,7.17557543882436732e+01,2.71471304614986728e+01,4.15954864844145650e-02,4.82343930103514040e+01
2,1.85132447199571502e+01,4.31515476444923038e+01,7.12249856975175344e-02,1.32678204971934424e+01
0,1.89482349717090202e+01,7.15263936413273882e+01,1.86276182401837777e-02,1.43267498066259122e+01
0,7.30860212064296491e+01,1.82675820971305072e+01,6.29125111306595014e-02,3.33825847515763456e+01
0,6.86573516702687954e+01,2.30897431683344223e+01,2.20837639417729922e-02,7.30604822877861579e+01
0,6.77095761817084849e+01,2.31026701075160936e+01,4.13004581524630335e-02,4.62606335212438893e+01
0,5.66798817749534862e+01,4.80065986522710304e+01,4.99240383707917346e-02,3.39296815127735272e+01
0,7.70626606807491328e+01,4.29650675350126861e+01,3.93914037200742972e-02,4.93552619136591773e+01
0,3.95252148280384219e+01,2.46049412422763041e+01,4.13759564545261860e-02,3.30496707201611173e+01
0,6.73104624565169161e+01,5.21957641154899790e+01,3.21607623292696418e-02,4.90793104645922682e+01
0,6.42062560233545838e+01,5.11737319713494117e+01,5.58032042475426898e-02,3.13524433074770776e+01
0,4.05374452939443728e+01,2.05239787193246208e+01,3.74420254888080534e-02,3.41540527547360213e+01
0,3.04343825021695338e+01,4.26861583339882742e+01,1.72136410033423108e-02,4.51142153144954676e+01
1,1.80427957867554483e+01,4.99236416853155802e+01,7.88626764418303428e-02,1.16614254271871030e+01
1,7.67030094256046198e+01,5.14472497164157474e+01,6.85403912324893949e-02,2.79689332454370394e+01
2,6.73430808311645279e+01,2.89688676977351527e+01,5.97194684182816155e-03,1.65629442348034871e+02
2,6.20171387722771144e+01,3.16890264222602056e+01,2.39367074736699069e-02,6.73585422856245231e+01
0,2.76032964563021146e+01,2.04901803558431084e+01,5.05397954346191794e-02,2.04027837340723792e+01
0,6.74076577531053118e+01,3.43024355799713945e+01,4.48274076078256853e-02,4.40740738746416625e+01
0,2.37363372481292707e+01,1.58031864959054325e+01,1.55176949575743621e-02,2.27153197369749194e+01
0,5.44704765314926718e+01,3.16868172450762238e+01,2.68403401312779996e-02,5.72523663365445472e+01
0,2.13492906578013901e+01,2.17427181158545615e+01,1.64287849582439617e-02,2.34861241004581558e+01
0,4.16894812932239986e+01,6.10782348091739848e+01,4.13735127162939698e-03,9.53854933998501480e+01
0,5.27748322310463820e+01,2.63083770660769503e+01,7.30413347579255967e-02,2.66789956901021377e+01
0,6.03407645880644026e+01,1.66209999253683058e+01,3.20983833646868444e-02,4.78526551089732806e+01
2,7.42202425434689701e+01,3.90449304655479636e+01,5.18821066117618017e-03,2.02226598009647404e+02
0,7.70483725428091049e+01,3.08742167108786845e+01,3.66976074341866174e-02,5.52209762734141307e+01
0,6.32382034468609717e+01,1.48278926614737436e+01,3.88906633949297129e-02,4.19401723804316617e+01
1,1.31477148501243555e+01,6.10663066095812255e+01,6.07746155009214750e-02,8.10201496441299618e+00
0,3.70934626538776371e+01,7.78869519190268278e+01,4.19568337674354475e-02,1.21012122538481641e+01
0,6.08449565199881661e+01,3.99581304529518349e+01,5.38343124236315071e-02,3.54560413236216903e+01
1,7.07778630325361462e+01,2.25466809809561681e+01,1.15048518720092217e-02,1.12773582052285619e+02
0,1.15662789174975202e+01,3.27328798557781084e+01,4.86321247868874637e-02,8.63267140231365993e+00
0,3.79644949862291412e+01,7.34553669009104624e+01,3.76248464524029727e-02,1.75043542217003001e+01
0,7.54700571373177524e+01,7.31914356204559340e+01,6.37357875709461952e-02,1.56841418981545324e+01
0,7.49332069443467361e+01,6.64411781692990644e+01,7.78646812203667993e-02,1.74528265595920615e+01
0,7.18901551599312540e+01,2.86516212146098148e+01,4.66248391033660323e-02,4.42606182034544915e+01
0,2.07192683064266561e+01,5.56562350738682028e+01,2.85283054608669873e-02,2.09844874920028381e+01
0,3.25412069534649362e+01,4.62474186469282031e+01,1.44163694625565157e-02,5.18789311659042909e+01
0,7.49578523661238307e+01,2.55697339323379751e+01,4.34484862646283658e-03,2.08488342156045491e+02
0,7.43900459880062357e+01,6.33308285486535283e+01,4.92514250367441335e-03,1.54754631021326247e+02
0,7.74590480135551758e+01,5.70879967863541324e+01,2.39303657686809786e-02,6.06252167636679431e+01
2,5.89958336889505830e+01,7.76255207194427044e+01,5.39546868786378517e-02,1.26344525798617244e+01
2,5.97075452397680664e+01,1.25471706433127750e+01,5.34260025155758461e-02,3.07609399896355207e+01
1,2.76566388056509531e+01,7.94047196687704115e+01,1.30538500487837085e-02,1.61096670568147076e+01
0,5.97220269895572144e+01,5.89368446380955149e+01,9.34725143570291905e-03,9.75885883163084458e+01
0,2.84232259125042681e+01,2.32892978343014114e+01,5.41998833262415242e-02,2.10768393457209413e+01
0,6.89422815213267199e+01,6.67460434581581268e+01,4.70065902809832167e-03,1.34693561795301207e+02
2,5.23431907974744135e+01,6.85549533743439952e+01,6.99232336589410697e-02,1.57425759866973660e+01
0,2.98453976216403447e+01,3.70019749180004922e+01,4.89345630745096627e-02,2.51725014370685862e+01
0,2.03986151581627624e+01,6.68021602284430571e+01,3.60407206392574717e-02,1.43143181170584715e+01
0,1.87058537082081457e+01,4.68630564062286510e+01,5.89558865241417984e-02,1.45447133993766773e+01
0,2.07165138936608422e+01,7.02595546640312136e+01,1.76120924908944147e-02,1.73694667224948844e+01
0,7.41302011370892018e+01,7.36762017828145162e+01,5.01242140942550693e-02,1.87019282234363793e+01
0,3.58130380195459281e+01,2.12422297868404470e+01,7.71890838135262936e-02,1.97079874329767115e+01
2,4.96871682784683415e+01,4.06647659720552141e+01,9.87867507974519825e-03,9.81722221938144344e+01
0,2.02913061747144390e+01,7.60284894023175184e+01,3.61121920949496467e-02,9.31784477204903894e+00
0,7.27697916372209050e+01,3.06341386537536380e+01,3.28249865325072956e-02,5.85179645545487332e+01
0,7.94401476616493056e+01,2.06180052415697901e+01,7.44106096530480765e-02,3.07500381633311619e+01
0,4.60324319260968622e+01,7.10006143109277588e+01,7.92086370592100797e-02,1.22158473173103435e+01
0,7.64991992025826875e+01,1.02697222312481031e+01,4.68345124529732301e-02,3.71157962858785027e+01
1,7.79079563760215024e+01,7.26616714425842360e+01,2.01981544503157008e-02,4.23320234307415504e+01
0,5.72958618104832240e+01,2.24371050495411595e+01,5.19200372196887278e-02,3.54018947990906412e+01
0,2.00052772829436663e+01,3.88365403527980249e+01,6.15867114067599527e-03,3.35403903683808267e+01
0,5.62087470794813981e+01,7.04651243519505925e+01,2.30417317101697071e-02,3.60041040033810305e+01
0,2.27700838597871318e+01,1.05301193211106554e+01,3.02625371572006162e-02,1.34942769176036652e+01
0,7.26647700123512266e+01,6.51382772044213425e+01,7.25709861737861978e-02,1.92059805454275008e+01
2,7.24149214360025582e+01,1.66630609691689102e+01,3.57744971861542471e-02,5.00227757090049394e+01
0,2.26382543705467114e+01,5.48328616970056828e+01,5.76066646350510414e-02,1.59816214723469940e+01
0,3.47606213574593781e+01,3.63228248623247936e+01,6.97013543541189495e-02,2.20774898186747599e+01
2,5.78467605635260185e+01,4.00146275799678648e+01,2.83895161465019912e-02,5.62566208208496263e+01
0,2.68059495285552671e+01,7.05652551400090289e+01,3.35294064267259370e-02,1.67530898129702770e+01
0,6.89885091372303236e+01,5.37943653518904554e+01,1.80585081034296373e-02,7.51320928389157672e+01
0,4.55216390633501078e+01,2.33118069839990483e+01,1.70056324956474395e-02,6.16728158725094957e+01
0,5.53010821261618304e+01,2.19581454149427167e+01,4.82579501207810319e-02,3.64583398523310649e+01
1,4.18515086891103252e+01,3.77345031592818216e+01,7.49427159510415025e-02,2.31329528407206446e+01
0,6.65731313248122092e+01,3.99820012185519005e+01,4.06189525045029184e-02,4.61672599489869171e+01
0,6.54005310523142498e+01,3.21776623778738866e+01,5.63629417549845954e-03,1.69348304333405451e+02
0,6.62966513679140519e+01,4.44464767711829651e+01,2.89509867719255631e-02,5.78952851361517133e+01
2,3.55615690327110698e+01,3.18577861945558567e+01,4.20096316469315695e-02,3.15291937268820170e+01
1,3.50376288279578461e+01,1.69389563081807246e+01,7.56638419629930697e-02,1.84267007919832295e+01
0,2.69852240886542845e+01,6.43671985409401373e+01,7.62578025185044334e-02,1.22605160813914082e+01
0,7.29664601312012451e+01,5.41045423722749561e+01,3.09565504847643426e-02,5.08740761543658593e+01
0,1.82247250417676554e+01,7.18712279927663786e+01,1.78387363618773449e-02,1.35497629137884292e+01
0,3.48726080705022881e+01,5.36026921379931593e+01,7.64867601692726384e-02,1.78236661726909027e+01
0,1.23867657288618034e+01,1.68746042937826957e+01,5.33044078772923965e-02,6.44993892406645752e+00
1,5.59082831597016323e+01,3.15796647335732317e+01,6.00093602232561803e-03,1.38891355049931491e+02
0,7.71793201670805189e+01,1.85429790975064144e+01,3.10693001424765664e-02,5.89965809393580827e+01
0,4.75016927214371449e+01,6.14406164504819330e+01,3.91063519009895652e-02,2.97530677377864592e+01
0,1.24399584908733498e+01,1.53514503490424303e+01,3.49052132945602347e-02,6.55712343311277834e+00
1,3.46871982035788378e+01,3.80400735923026119e+01,2.91540616736985381e-03,9.50252435344437600e+01
0,5.63202161382574360e+01,1.65243042293107223e+01,1.48056060377842955e-02,7.15298679766111860e+01
0,2.13027266284087773e+01,6.09457785050485086e+01,2.74703082432483751e-02,1.99676804070197313e+01
1,4.63798521482051100e+01,2.49438811768997510e+01,7.01703008911587229e-03,9.67056263261066391e+01
0,3.36359051875349806e+01,4.68075610272442475e+01,3.54590265818197914e-02,3.23240010726526634e+01
0,1.31497395789198031e+01,2.83788517037782952e+01,2.90683174107864324e-02,1.12235935384030316e+01
0,6.48267935106787547e+01,3.41188127706271871e+01,1.57377541148018274e-03,2.79397138828942275e+02
0,3.02982674670607359e+01,4.63303355256596419e+01,6.42458729918714555e-02,2.03376011024359791e+01
2,2.26905607546510737e+01,4.64553400226717272e+01,2.15375440724130049e-02,2.88569893620374920e+01
0,5.60199649997812443e+01,1.25534844745140362e+01,6.80500573810500359e-02,2.48550355905974705e+01
0,4.08045121417880310e+01,4.63799901168931399e+01,1.08911616368792610e-02,7.51851637283420757e+01
0,3.27153373145891919e+01,3.22932210922806249e+01,2.90630418630126106e-02,3.66967634156238987e+01
2,1.71974548120655548e+01,2.56174501405411803e+01,6.93739988782872130e-02,1.15807081069219961e+01
1,7.91386316358995714e+01,1.27537622711013903e+01,2.28688238665642196e-02,6.67922192174259663e+01
0,5.15371019766586400e+01,5.11480344197952519e+01,2.81049042311670230e-02,4.79760031584929365e+01
0,4.10307782464574302e+01,3.61895483558840567e+01,3.00895957636458100e-02,4.36348691630525138e+01
1,5.10808103375262448e+01,4.85143206894849683e+01,3.36248588183530673e-03,1.59287831262587872e+02
0,4.17320362957763251e+01,2.60854524753822794e+01,2.58322553414375372e-03,1.12279148876869598e+02
0,6.52487460662330392e+01,2.22883117486905817e+01,6.75980260460841698e-02,3.08445529816115069e+01
0,7.06288527337933374e+01,1.25062044952607554e+01,7.99542225086849467e-02,2.49566695779034937e+01
0,3.11487722461335608e+01,2.90782827978485479e+01,2.18303424917350684e-02,3.96028330541673981e+01
2,7.51439811567341849e+01,2.50674386661802160e+01,7.52353382865603715e-02,3.03686967407277670e+01
1,3.06662391838715358e+01,4.69173425419058816e+01,3.53887563770722280e-02,3.00867247433528853e+01
0,5.45287174805395622e+01,1.49681822696104838e+01,6.21452507035118798e-02,2.74749022115508055e+01
1,7.60219709934199130e+01,7.51584987029050069e+01,2.27617158650857375e-02,3.32548476259675070e+01
2,5.88300550938754228e+01,7.52046152363489568e+01,4.42151011075326908e-02,1.74738864828452733e+01
1,1.37646026455256916e+01,6.01561641675551755e+01,3.04125653066463011e-02,1.12622474496141756e+01
0,5.35225649653188427e+01,7.27952403656503577e+01,8.84893088947359685e-03,5.90986761191370462e+01
0,6.99266557687364241e+01,6.78603959077296253e+01,3.18977316993639751e-02,3.44524963833554239e+01
0,1.36807132631216852e+01,4.52153373941187056e+01,5.63694055233424154e-02,1.06659402796423883e+01
0,2.40533655709964265e+01,5.61304991261102870e+01,2.13614521075535524e-02,2.80230796346429436e+01
0,3.87072445761177732e+01,2.76811148351670155e+01,4.90857666899142051e-02,2.97837815045298484e+01
0,3.72683397279700301e+01,6.12056212906437338e+01,6.09650682197656613e-02,1.88646637683411491e+01
2,7.86516517162075672e+01,4.20622146523695406e+01,2.66203488509420341e-02,6.84668473968450542e+01
0,1.60087628334137690e+01,5.55231965584065392e+01,5.97601973873983366e-02,1.12503368247451085e+01
0,2.23895446346363727e+01,2.54795009549850917e+01,1.03582069582713204e-03,3.81830510360596378e+01
0,5.43246959146113682e+01,7.53034665724842824e+01,6.60382599607059056e-02,1.21008822169898682e+01
0,1.78557587409115968e+01,3.85188827468795623e+01,1.96904133225330293e-03,2.99952108027973772e+01
0,5.32322892599334168e+01,7.56179524639439364e+01,5.54376938218867441e-03,6.47400785385628126e+01
0,5.41706610993915376e+01,3.17992039269913640e+01,3.72039955255870566e-02,4.53669017271821602e+01
0,4.86525471451715177e+01,5.46975680643636792e+01,2.96826794958616712e-02,4.23264830805113519e+01
0,3.95353138064396177e+01,6.82039218046089672e+01,7.22643796050810999e-02,1.38086617998941108e+01
0,4.28207121805485258e+01,3.95214912602505706e+01,5.12504410624399290e-02,3.08687729765923997e+01
0,3.59213549243223369e+01,6.13762116775795903e+01,4.79774425113171088e-02,2.19383447991013831e+01
0,3.71239526517546707e+01,2.11425859448490918e+01,1.46455024412113586e-02,5.11195826912679365e+01
0,3.43585289107731100e+01,6.11296492486050411e+01,2.39413283642044145e-02,3.38284266995158376e+01
0,3.14143284801515961e+01,6.21452766048941143e+01,5.94930986355589400e-02,1.70337201628271266e+01
1,2.20717769023260715e+01,2.68210761435052909e+01,1.27156824327258992e-02,2.95844805028918891e+01
0,4.93567664711026239e+01,2.98165279847764779e+01,5.54329390892786128e-02,3.20503260570394843e+01
0,5.24527112308265515e+01,5.70199984524025396e+01,3.44022495059452538e-02,3.79913985753173762e+01
0,4.81525298409754470e+01,4.26236579199311549e+01,1.47378695281047377e-02,7.56191617826986118e+01
0,4.55637913953323306e+01,4.51377143590637928e+01,7.35817362387556628e-02,2.32763832806450317e+01
0,6.67634606844722498e+01,6.35916155673734238e+01,1.45346789590382382e-02,7.01491904803223889e+01
0,7.39089346612029630e+01,2.04026198790089595e+01,1.37068449719526617e-02,1.02031674487419366e+02
0,1.43675863174625320e+01,4.05425631755581151e+01,7.13880373208838209e-02,1.03069478369482503e+01
0,3.83751008480569951e+01,3.46578362354933631e+01,6.04652513827348623e-02,2.60232754128911026e+01
0,4.29163985785057065e+01,6.43018014687284136e+01,6.49942189024449446e-02,1.77241659129657592e+01
1,1.69292667944106796e+01,5.70156653273434344e+01,1.02348886285757688e-02,2.13143544630088932e+01
0,3.33059587501665817e+01,1.09772770594506355e+01,1.23086008728884363e-02,3.11712172768804123e+01
0,3.92417987797056611e+01,4.92317538068326215e+01,1.88205420190840494e-02,5.26359616521686888e+01
1,1.28379475024278094e+01,2.88164595799150156e+01,5.36197032222276992e-02,9.27345381361115173e+00
0,4.02819078692008219e+01,3.10714355153364288e+01,4.51267023575195256e-02,3.28250303028569732e+01
0,1.71384489664968598e+01,1.31722748290776046e+01,4.19820668602662456e-02,9.47949627962433716e+00
2,3.83988087620530365e+01,3.97511392891127002e+01,2.21986360258470405e-02,4.96395727246214520e+01
0,2.39297189668517554e+01,4.08921337470404964e+01,2.41337870958194950e-02,2.97482293885734812e+01
0,1.71219845850914467e+01,1.62707830484923832e+01,1.64505855437920255e-02,1.33636322557896339e+01
1,1.44901727941730663e+01,6.74133986378782879e+01,7.64035351638187310e-02,6.79352103759092163e+00
1,4.60284049561320217e+01,4.66499730927277483e+01,2.55423798986349655e-02,5.01700883198843712e+01
2,1.02060552407222911e+01,5.78768160208820319e+01,3.64092706040331851e-02,7.18728849711899365e+00
1,3.78062011779541365e+01,2.81231251457157754e+01,7.05237719336562264e-04,1.13680021929759619e+02
1,1.42238178281655792e+01,6.40542239638768081e+01,4.69361779439457991e-02,9.20242514697881475e+00
1,5.81971060266746747e+01,1.39308904194079339e+01,3.75006327947380314e-03,1.15929108830140038e+02
0,5.54481154631460100e+01,3.03309816144594322e+01,6.67535796395343634e-02,2.95265908784912625e+01
0,2.07444382820884172e+01,2.66280324040532719e+01,4.29941482282587759e-02,1.80025424321655443e+01
0,3.54645753164402890e+01,5.22367135960433444e+01,1.38727569117420308e-02,5.48212013147346084e+01
1,6.06711852806799641e+01,4.70491241662734438e+01,6.61062452262555639e-03,1.42328673162244712e+02
0,1.89622368989047843e+01,3.99999170858052011e+01,5.22594782889840015e-02,1.61104409164612470e+01
2,6.68976215427589693e+01,5.95982951287897293e+01,5.06473725001617622e-02,2.94996647264380165e+01
0,5.63039684234281665e+01,5.95938024978074097e+01,2.42922562209985310e-03,1.75541063604789628e+02
0,7.58936633378983601e+01,6.45028272760263945e+01,2.57851947743564479e-02,4.72455854642420974e+01
0,5.21294508710167648e+01,7.18276733495450372e+01,3.19524719094511980e-02,2.55205266577476557e+01
0,1.31213175648432525e+01,7.56177477962070412e+01,2.67971002721667517e-02,6.13327147733400491e+00
0,3.86387111445170390e+01,1.17098359646705639e+01,2.58177161047640873e-02,3.10174830747728585e+01
0,5.82028252866147326e+01,6.75112021958504016e+01,7.87531812792545676e-04,2.00003312761961524e+02
1,4.28416056526113138e+01,7.29023236588251535e+01,5.27324268996867615e-02,1.49815872003940935e+01
2,3.60224022820149656e+01,3.42449910868260261e+01,6.63044169924485866e-02,2.34468393581681234e+01
0,2.75414740198904937e+01,5.82204602016727648e+01,3.61563745555685927e-03,5.61919535300076873e+01
2,5.82921571517185626e+01,2.96893147826887791e+01,5.77980647253263161e-02,3.38556205016515221e+01
0,2.08911686815567776e+01,1.53567356274284705e+01,3.93580489113273743e-02,1.42580440605572498e+01
2,6.34479484828473446e+01,4.04387730040495512e+01,5.78087962871752861e-02,3.39839729479974082e+01
0,2.96684237582977950e+01,1.11121328784181372e+01,7.17959608696589341e-02,1.38563748798586701e+01
0,5.04230419033863839e+01,1.94077508717575782e+01,6.61940470133254022e-02,2.67264693385823975e+01
0,7.45242790594585784e+01,7.43228760341950050e+01,6.00865100305420646e-02,1.54646071587652436e+01
2,5.15215434710326647e+01,7.33588687150188434e+01,3.51503923420302955e-02,2.18809513044785504e+01
0,7.08271634237187584e+01,6.22845754710629080e+01,2.92819057432606930e-02,4.40990844139605116e+01
0,1.62562985584811912e+01,1.42384195826216029e+01,5.70847101439243068e-02,8.49190232425450020e+00
0,4.57218483507872051e+01,2.91941492832118072e+01,6.05323385359762267e-02,2.87292795209349308e+01
0,5.58050388614826218e+01,7.05783336642323320e+01,1.96746071485430010e-02,4.00100777914574408e+01
0,2.13639974911632393e+01,5.45860926993912656e+01,3.19986434527148936e-02,2.09064126768556875e+01
0,5.87304619258524099e+01,7.30404504203612674e+01,5.97200755107257925e-02,1.53722906525424214e+01
1,5.61454157302356620e+01,5.75927920720474376e+01,4.39945886278448467e-02,3.21182831914887856e+01
0,4.21238862515472263e+01,1.02902681532571254e+01,5.46711992722324694e-02,2.16177598213622453e+01
0,6.55948084453502815e+01,4.96344109872780876e+01,3.84594631336480745e-03,1.98917085815493152e+02
0,1.02239676180032255e+01,5.14796849625509765e+01,6.86633443652966396e-03,9.66966333388567101e+00
1,7.49908360649441761e+01,6.19241357181527619e+01,7.07481131386732687e-02,2.17715152283402595e+01
0,1.63678113654295529e+01,4.10468608027384221e+01,2.80224217822940061e-02,1.74636285096378074e+01
0,6.39181341887765413e+01,5.48574679093477116e+01,5.95877971172661166e-03,1.44728049983847114e+02
0,2.09376134845389430e+01,5.39200983043763813e+01,5.76153091836494567e-03,3.50083856138021972e+01
0,1.08249031243419758e+01,2.90151082023886353e+01,4.43572267559095151e-02,7.59445443487568106e+00
0,5.18102386912054129e+01,6.27080738815240224e+01,1.30869048462908567e-02,6.51198378187084330e+01
0,4.84438971581150923e+01,2.63729795208676911e+01,1.67292820591091740e-02,6.83485434928836355e+01
0,6.20781473628151304e+01,3.29636439857605978e+01,4.27555531325978441e-02,4.40475969752308387e+01
1,7.03078392636917044e+01,1.44087061515061343e+01,8.04845915528848606e-03,1.14226628427886070e+02
0,4.26238722693085350e+01,7.84332491284913829e+01,1.40176982549219085e-02,2.62029287499621617e+01
1,4.67722542632971994e+01,7.32558107603602622e+01,5.57767758528523172e-02,1.46646646949935455e+01
0,5.11635780913666522e+01,2.73824212783432088e+01,1.33446870430208096e-03,1.81359904941646022e+02
0,3.33483072991209966e+01,7.23161234511179174e+01,4.73374687290306004e-02,1.45551872997099192e+01
0,6.60701861264808201e+01,5.30315277233988240e+01,6.77238114941531577e-02,2.61831368597835201e+01
0,6.33991465490226318e+01,5.33003903560599284e+01,1.62239174528433961e-03,2.59846862345371505e+02
0,2.11142203832505757e+01,7.71679679004448502e+01,2.67088863721051777e-02,1.03685157488230519e+01
2,5.83392527928691109e+01,3.37369578804032670e+01,1.97438338919054684e-02,7.39103330300820716e+01
2,2.50142240953159742e+01,4.87166749741716600e+01,3.18750205511873913e-02,2.62605221539097471e+01
0,2.98903686693607398e+01,7.87276304392976840e+01,4.30237462277668556e-03,2.67958059461148572e+01
0,5.01993913112391752e+01,5.07038384817181509e+01,9.67549365977297439e-03,9.39278922150642188e+01
0,4.08112055220868797e+01,2.76549780796030262e+01,5.97537728860455461e-02,2.69523382835914695e+01
0,5.04526527332595762e+01,5.78433429695309442e+01,2.15203734468803892e-02,5.12954593596946538e+01
0,2.65478772913866337e+01,7.58290851268523056e+01,7.56376738777070484e-02,7.49136938572518929e+00
0,6.30946263685616202e+01,4.65610864142376144e+01,6.08741913868685036e-02,3.07559547880577462e+01
1,1.78045765140397663e+01,5.37878708764689861e+01,2.65370478719586175e-02,1.84830874021124920e+01
0,1.05404585003258546e+01,3.11223959689159742e+01,2.36447758422356630e-02,8.42466948776982605e+00
2,2.44209541448019181e+01,3.91935831799400205e+01,6.47270876287428937e-02,1.80109652844806760e+01
0,4.51960824223587423e+01,6.11424455759356107e+01,6.52180142584753327e-03,8.75241313517651491e+01
0,6.95482222193702171e+01,6.20255294854433146e+01,3.50154160841337353e-02,3.81796316563343936e+01
0,3.37889724159086740e+01,4.92906058970227363e+01,5.13123549021161640e-02,2.47608061586037138e+01
0,1.61246547364814745e+01,4.52019661968707425e+01,6.66047826332102910e-02,1.19003489410060244e+01
0,7.90589036334576321e+01,5.71087272674469659e+01,7.15435354854216388e-02,2.45515444495925834e+01
2,5.77717065620562380e+01,5.44333706622361788e+01,3.33609401855477980e-02,4.27900125512976288e+01
0,2.98152799951722578e+01,4.02214510983693998e+01,7.22415721595957433e-02,1.93005031122618043e+01
0,2.59485217487951125e+01,1.16968783595240229e+01,6.39122608764345207e-02,1.30944929220882678e+01
2,2.05024277040193041e+01,3.11687170657899202e+01,7.44545260772484230e-02,1.40991153514381793e+01
0,1.78089386308041817e+01,6.63808178392348225e+01,5.24383785192269330e-02,1.04717988122502579e+01
0,6.03279749966996448e+01,6.03241495017586615e+01,4.48733628050984948e-02,3.07246504358844597e+01
0,1.80995646551320277e+01,2.82175558453142870e+01,2.32641822143425442e-03,2.63008667935430900e+01
0,5.75723241685406961e+01,2.51307103927169635e+01,3.57410122622915938e-02,4.74127252543431155e+01
0,3.81489633545041400e+01,7.58791424050040320e+01,5.81514169466149991e-02,1.10918569144456871e+01
0,5.39234721177413405e+01,5.58253569694323204e+01,6.04508688270196867e-02,2.53261726034924557e+01
0,3.57463104161391954e+01,2.83186266777634827e+01,6.06858760389921773e-02,2.45192801083904790e+01
1,1.81926179243471964e+01,1.02063624505790411e+01,6.55707875250446104e-02,7.59660554246540531e+00
2,1.00263745680648100e+01,3.47342896898101827e+01,4.34093009690270648e-02,7.28048937813924990e+00
1,6.83890776841694503e+01,5.27372565476715849e+01,7.17594573539868247e-02,2.53472532199862890e+01
1,6.78703154838618730e+01,7.12981718333597456e+01,5.69014313880426559e-02,1.83355171658916447e+01
1,1.91115891756519254e+01,3.39279344595515440e+01,6.29907275786767973e-02,1.46194522371116644e+01
1,2.92667057793937104e+01,5.22414556297765174e+01,5.70561708221137068e-02,2.01996641958871912e+01
0,4.18785646573610961e+01,7.36717232697482700e+01,3.49924998965981185e-02,1.93238244322860027e+01
2,7.55780682497102845e+01,7.33694669493213212e+01,6.04325501041238847e-02,1.62829711899394773e+01
0,3.56971155356968737e+01,6.97017878950011607e+01,4.10793901082216126e-02,1.88066924687362906e+01
1,4.90662896339473704e+01,5.50229906859792024e+01,5.77657599394821100e-02,2.55733870479703320e+01
0,1.05677294974040574e+01,5.21775255496828692e+01,7.16026142355338791e-02,6.68880622911097777e+00
0,1.41526790017822943e+01,6.01059257412854748e+01,4.53572622221107835e-02,1.01824102074327456e+01
2,6.16602180866513763e+01,3.86632183633145914e+01,3.24902515300738298e-02,5.31234406616583925e+01
0,4.59027178973433791e+01,6.24827082396261346e+01,4.40656107404589631e-02,2.60143267082512608e+01
1,1.45945771404918148e+01,1.16660077568229230e+01,1.49589312749078829e-02,7.63244170156307611e+00
0,6.05988334134605751e+01,7.53425532681488477e+01,4.52801596299320444e-02,1.71987063335829689e+01
0,2.42195509572011858e+01,6.02032696690895719e+01,3.69215891542931107e-02,1.98919551556322816e+01
0,7.31309532986694251e+01,1.08151180851315871e+01,2.18826779376080256e-02,6.08783526624187843e+01
0,7.91628495696749184e+01,5.96683149804903934e+01,3.89578739130094212e-03,2.03669896053381166e+02
0,7.64716425463914788e+01,5.05466922770950546e+01,1.40657972114988719e-02,1.00012262671584850e+02
0,2.27553657019624609e+01,5.31357250758854462e+01,1.07909018475473863e-03,4.81292686617022909e+01
0,5.14595850551436840e+01,5.54601212110997395e+01,3.92265244051113252e-02,3.50584494704962992e+01
0,7.14336231386651264e+01,1.86810106147505586e+01,5.39069687344220921e-02,3.74360332503845328e+01
0,5.37831583067775796e+01,1.28119870048012743e+01,3.40088636589428311e-02,3.86664704591547590e+01
0,1.47312353169222732e+01,2.47844810451532211e+01,2.62733956361213654e-02,1.27695394887020104e+01
0,2.82655553677572406e+01,1.56688542081452518e+01,2.95064511515790162e-02,2.37323209051174580e+01
0,5.69605583452284066e+01,2.51424307261024822e+01,6.49277437236366745e-02,3.02441173232805660e+01
0,3.65923336808216533e+01,6.06990992606331190e+01,4.50843406291342244e-02,2.35629942650114437e+01
0,2.14416111512805116e+01,3.33574353039566702e+01,4.80690694724316483e-02,1.87950424197778680e+01
0,4.95870471032308160e+01,5.01874494774403246e+01,1.19289398710694175e-02,8.28938406083859007e+01
0,6.97349705901193033e+01,2.79709451603126560e+01,1.07146444303425088e-02,1.22255687530412828e+02
0,5.76292052172175246e+01,7.07714110923640902e+01,4.98688890560745890e-02,1.97261897996033007e+01
0,2.84804096249798597e+01,1.48835653724250072e+01,5.59202516533471947e-03,3.51220540992643109e+01
0,2.34867614396644839e+01,4.85879438110659763e+01,7.50701170977962490e-02,1.50476947553643576e+01
0,1.77350881479808038e+01,4.80301093998317938e+01,1.79299825667067411e-02,2.20353243733524451e+01
2,2.92371921308155613e+01,6.47039258732434064e+01,1.21101413002099173e-02,3.72410942553452244e+01
0,5.13953784762169050e+01,7.16101252959934413e+01,3.84131923320133253e-03,9.08301414201222883e+01
1,7.37571593453424015e+01,6.19443275843229131e+01,7.64233963716269143e-02,2.02337216602441927e+01
0,2.88066687256047658e+01,1.79180449855600727e+01,4.67407833764246564e-02,2.09992833805118160e+01
0,6.22919672801814244e+01,6.35490566400882528e+01,6.94014119307940214e-02,1.99173555957263737e+01
0,7.64736075585978341e+01,4.33821540917990518e+01,1.31290691557623524e-03,3.83145228979809929e+02
0,3.56335658197854954e+01,2.81460800988130622e+01,6.15496498073434956e-02,2.42130785455213200e+01
0,6.41861969369086296e+01,6.33325455615605364e+01,4.88823931395312647e-02,2.71788312460242736e+01
2,7.94651954379212953e+01,6.59395944806701237e+01,4.50892993451991325e-02,2.90283557094886611e+01
2,2.70609067208301965e+01,4.40510987520022113e+01,5.18819677129712855e-03,5.76269900638695134e+01
2,4.83458243060084456e+01,6.85103272493037707e+01,7.59081750617198736e-02,1.42871284008563553e+01
2,7.12650477759472949e+01,6.76046476587336684e+01,5.90860640106391152e-03,1.17752681060043443e+02
2,1.96701409009777706e+01,6.40587831956788847e+01,8.02322112003343683e-03,2.45533016873691636e+01
0,1.53069312814440082e+01,5.77260921639835942e+01,4.98976929087318541e-02,1.12404210655552479e+01
0,5.46828667865260698e+01,4.99469648937184374e+01,6.96228177367705925e-02,2.49353067468418743e+01
0,5.15792406786232860e+01,4.53144189958207306e+01,3.57700557682910508e-02,4.29290652873848373e+01
0,7.34604808715693309e+01,4.29573984756337452e+01,1.55389144814970948e-02,9.79841250991405559e+01
1,5.60785881002921940e+01,3.68821545412287506e+01,1.25752611330507153e-02,9.55570925178665220e+01
0,7.34880028270236352e+01,3.14025648480173700e+01,6.13317495252485231e-02,3.57620838704753297e+01
0,4.65485732163319241e+01,2.28628213939049871e+01,1.01679415728164815e-02,8.03915317749008409e+01
0,5.38343355831606303e+01,1.73881379540956544e+01,3.50529315501973901e-02,4.21679596094525877e+01
0,6.76307881286822976e+01,1.85069732434151319e+01,3.76305550859183172e-02,4.74718357897261072e+01
0,3.88758838583572057e+01,7.33457557479535751e+01,9.23370854212873099e-03,4.14609825409803747e+01
0,3.84163315217976873e+01,7.34160614542571466e+01,1.72474783991780102e-02,2.93290732137874564e+01
0,5.89429033089123280e+01,4.35362029219938904e+01,4.17090877106029018e-02,4.15967497901815904e+01
0,1.42298712469640289e+01,7.45216563757129364e+01,2.96811749156296219e-02,7.15327802755599684e+00
0,4.23409264508380616e+01,6.75293566694477931e+01,2.39696256820622622e-02,3.29426222156697790e+01
1,2.04507958744156717e+01,4.29116433792533627e+01,3.84472049588041112e-02,2.01416491624748062e+01
0,4.25977053371560785e+01,7.60319401609326491e+01,6.97728810726839510e-02,1.00282120845947968e+01
0,1.09426913399018950e+01,3.32483710697048451e+01,1.71970085309950810e-02,9.67116127747672394e+00
0,1.35712877930505709e+01,5.12262480073960873e+01,5.06083918185373724e-02,1.05767432922099793e+01
2,4.75471875788078293e+01,7.73502145792394202e+01,2.42408132983564957e-02,2.15728698334173536e+01
2,3.13774567529738562e+01,2.63299876654148619e+01,2.39717592415174437e-03,7.00423874334177157e+01
0,5.93877347783276051e+01,6.83761113609403992e+01,3.80271404900835094e-02,2.73867518111556443e+01
2,4.91500541759569387e+01,3.60329159775455707e+01,5.76035160982920971e-02,3.09172394946102962e+01
0,4.40170122216752659e+01,3.58276957713923281e+01,7.82424492892601353e-02,2.31143737636747986e+01
1,7.00859100332621949e+01,6.86560994373448210e+01,7.83737058740519021e-02,1.56955614975492761e+01
0,1.34548091752247139e+01,3.15586388256247083e+01,4.18315279310413068e-02,1.10809224128454957e+01
0,7.55080934824757435e+01,3.78688837232672242e+01,3.99646594190576562e-02,5.01060965696830038e+01
0,1.59168657562034586e+01,4.11417573513063246e+01,7.57338015073261012e-02,1.11630303149142058e+01
0,1.33743258455657603e+01,2.90653093176409421e+01,3.96941104413590668e-03,1.46084737401305880e+01
0,7.73237200086987571e+01,1.11715450121623920e+01,2.27965658769306856e-02,6.27946003786533851e+01
0,2.13520741913455936e+01,7.86122049746181091e+01,2.03564598533743264e-02,1.05410572650922187e+01
0,4.23406735891927468e+01,1.08471733278764333e+01,5.39996637835082026e-03,5.39187108432593263e+01
0,3.55117039107474994e+01,4.26053626427348107e+01,2.74916586252952309e-02,4.05725970864340368e+01
1,2.88035827838747451e+01,5.04610796288701593e+01,1.84847481675444944e-02,3.91760946144314843e+01
2,4.58702375857310187e+01,4.54703062612976723e+01,3.92753923817243944e-02,3.74608309330552345e+01
0,7.16888996184377163e+01,3.92630485008771473e+01,5.11187521146852855e-02,3.98387314976585927e+01
0,3.97021033216488064e+01,1.21214450048629061e+01,6.67534242565063635e-02,1.95006876415146273e+01
0,5.40804902324637808e+01,5.58933031757824921e+01,7.66322013164345700e-02,2.08339631220098020e+01
2,7.68775507187485516e+01,1.41805782275486294e+01,6.24878424960843074e-02,3.26249014987611901e+01
0,4.14792972892328464e+01,3.41979804008510371e+01,6.14885218954643251e-02,2.69375145024623173e+01
2,3.27743775369874442e+01,1.61114610432171794e+01,2.81623090850540089e-02,2.92673401074580006e+01
1,4.38442818010455539e+01,4.25308860726047087e+01,5.63611683153095802e-02,2.86486981600646793e+01
0,6.57794439197633096e+01,7.78233542497215041e+01,1.93623382078726806e-02,2.94309216819071509e+01
1,5.81949947240066905e+01,2.56904215541697454e+01,7.86115488276190877e-02,2.63210026634188914e+01
0,7.74082527134009695e+01,4.45970695887035475e+01,5.89748409906652379e-02,3.48434470137672747e+01
1,3.36681625526489370e+01,4.55472004281870397e+01,3.72323901534429222e-02,3.16705394667668614e+01
0,7.55330635855089838e+01,7.86130207926139661e+01,3.24510490095168084e-03,9.72211051553221210e+01
0,3.66466280454914823e+01,6.72714461232942114e+01,3.04805811049324929e-02,2.56481594303198115e+01
0,1.10296814190267423e+01,4.77146267082455964e+01,6.16957633143778231e-02,7.73676129451940575e+00
0,5.51076626416405304e+01,4.27472493700154388e+01,7.12569746868952913e-02,2.65401843973902913e+01
1,7.56643837534540751e+01,7.80605526169400576e+01,1.04474126827786232e-02,4.90392929488268337e+01
1,2.66964326796788427e+01,7.97706379033774056e+01,2.05916057365369554e-02,1.22450409927454995e+01
0,7.29353504633192387e+01,7.13607677617546017e+01,1.77714866913519023e-02,4.81742383141460238e+01
2,6.88612995711734754e+01,6.57729368713620630e+01,6.34726907289036163e-02,2.07747090971706179e+01
0,3.23339320046613139e+01,6.78631007901821590e+01,3.68523301470972328e-02,2.03070387312406808e+01
0,6.48661649925120685e+01,7.88130583833085723e+01,6.77274573273547176e-02,9.80908641507986800e+00
2,3.27718943964188298e+01,6.52699297192696974e+01,5.96417014699274703e-02,1.59901043677891828e+01
2,5.38636644488335250e+01,1.52734798919108297e+01,4.61347790502361910e-02,3.37757005322464607e+01
2,4.49944684734227494e+01,1.40260778361208800e+01,4.64979492015911502e-02,2.85596771289785032e+01
0,2.44933991355563521e+01,7.32166217246872577e+01,3.22939054966129013e-02,1.39551147989063260e+01
1,4.00909474371883903e+01,6.96061364785844319e+01,6.82634316970836263e-02,1.37708089644276530e+01
0,3.80590977136536068e+01,5.07306063557361426e+01,4.76755654826110931e-02,2.76011296458702553e+01
0,1.55570261286591673e+01,6.83588311747808461e+01,4.81557349861744463e-02,8.83580608015114599e+00
0,7.15271857156135695e+01,7.59648784206961238e+01,1.18289926873233406e-02,5.02819612973717511e+01
2,3.07003340584167148e+01,4.84586860408975824e+01,5.00082850670182655e-02,2.38350593667745692e+01
0,3.25576918481218058e+01,6.73312748308974562e+01,7.70627402719331611e-02,1.23236412750052935e+01
0,7.67626695322847468e+01,4.38824944375748345e+01,4.40070750860359176e-03,2.24866311987295205e+02
0,3.78283474171374934e+01,3.59058720101734110e+01,4.17314805416861417e-02,3.32522586910172890e+01
2,3.76959530178095150e+01,3.76989006405179907e+01,2.03893157017976910e-02,5.14040319076814285e+01
0,6.88963270636313183e+01,2.63773577121133798e+01,5.80501640624307494e-02,3.63242168234252460e+01
0,3.41829683592973907e+01,1.91646169160357260e+01,4.03354881238429802e-02,2.75345168663799100e+01
0,7.67143059708368185e+01,7.69338458059717141e+01,2.49427724210835866e-02,2.76688524455595228e+01
0,4.33239299047904609e+01,2.40879116883791013e+01,5.54593462322036934e-02,2.88805606705670144e+01
2,3.64862992052723314e+01,7.23293287357117407e+01,4.92059490580173606e-02,1.49225630084359828e+01
0,3.23063743974388444e+01,2.31274009687332196e+01,1.97635529801180806e-02,3.98070141946678930e+01
0,3.17187236673217825e+01,2.15002849302476626e+01,6.48121381478289071e-02,2.02757101118239049e+01
2,7.82406421002066708e+01,3.93277360332440651e+01,4.86141242488875927e-02,4.29913732877820678e+01
0,4.41316142926947492e+01,6.52898421531103281e+01,2.86516029423410611e-02,3.22049490674091246e+01
1,1.47022725616344552e+01,2.55007071222704482e+01,4.82323189220077650e-02,1.09594975981781158e+01
2,1.54519100062715076e+01,1.39263186440764599e+01,4.94429205836231789e-02,8.07671704927365752e+00
0,6.45335356965785110e+01,7.51815973462959732e+01,2.34188188016539837e-02,3.01219459510689660e+01
0,7.29140994690848459e+01,7.68643863732843613e+01,5.32469477126980076e-02,1.45320183351051480e+01
1,7.71879067917970900e+01,3.92843681314413615e+01,1.42653417802880433e-02,1.09482825694899759e+02
0,1.50535695959998037e+01,4.37658156750993612e+01,6.83357487598425673e-03,2.03868258376258140e+01
0,2.76553115711559911e+01,5.94450907755251805e+01,5.56284906212797040e-02,1.74786736729843533e+01
0,6.80536128900352253e+01,6.17060189084388782e+01,4.19668637256526492e-02,3.29361751267152272e+01
2,6.76214848212745778e+01,5.51719570057789426e+01,6.58766046173171749e-02,2.60302377656747268e+01
2,6.76908398124885196e+01,5.48493038109429349e+01,2.12591012148199907e-02,6.47739216544239866e+01
1,2.20481824875592736e+01,4.72587920506032688e+01,4.79658645068046299e-02,1.89288801073848916e+01
0,6.34207769073507563e+01,3.09376022601390659e+01,5.89410192218366574e-02,3.46898531129774099e+01
0,6.17996667071557724e+01,2.54415524982028742e+01,3.43639571451597528e-02,5.09881894268716280e+01
0,7.32912406376058527e+01,6.52109303769040878e+01,7.38670174168403609e-02,1.89160003671831873e+01
0,4.12075210252916548e+01,5.30019375160526707e+01,2.90079174565360913e-02,3.97436266759790087e+01
0,5.54284625384302458e+01,5.81047576460869308e+01,6.61792563692215063e-02,2.27247881488468018e+01
0,2.40943295378945379e+01,2.81386051632008680e+01,7.85717010383497061e-02,1.54207880285882553e+01
2,6.21062931492176986e+01,7.92561007561112660e+01,4.78864413708494155e-02,1.24761595758018373e+01
0,1.11717728139913337e+01,5.39712435101831645e+01,3.65304963397669533e-02,8.72758936905003502e+00
2,7.00128787459798332e+01,1.00598206992833603e+01,2.04077443322378572e-02,5.93434320364513610e+01
0,5.71386142068469667e+01,5.36388234641383335e+01,3.85570597981284569e-02,3.85739907542133622e+01
2,3.19773120989334316e+01,2.26700533434499931e+01,4.31587322223550215e-02,2.64392809073728401e+01
2,2.39908284502396754e+01,3.24531825076873730e+01,3.93479792799814113e-02,2.31965947956622145e+01
0,4.30329193745063847e+01,3.85750163305609277e+01,7.64921174378610375e-02,2.30116397627228650e+01
1,6.19046166938051741e+01,1.28318193682345694e+01,7.72173757757110835e-03,9.45447958986504204e+01
0,7.49420628481462074e+01,1.27818911037721001e+01,4.17086046968066435e-02,4.25600098334155348e+01
0,7.74693877695398356e+01,4.28531526564058467e+01,3.32274664630927558e-02,5.67607188591408445e+01
0,4.78386106070375092e+01,6.05652604446055634e+01,1.33730501218638862e-02,6.35936012835145661e+01
0,3.08361297869319095e+01,4.62468276663953262e+01,6.02365028682485468e-02,2.15226126979136154e+01
2,1.87165902927038275e+01,2.26656811871476620e+01,1.32770784912801879e-02,2.04201991096115378e+01
0,6.09583857903232058e+01,1.34551700376596699e+01,6.97413083766198539e-04,1.57655661449506198e+02
0,5.17019588167517909e+01,5.27272877822562975e+01,2.96213088860676869e-02,4.52688860618800817e+01
0,2.53472080878796042e+01,5.24058677985697372e+01,6.24531240769207602e-02,1.71577144045576659e+01
0,4.74689726760499155e+01,2.20504658258343902e+01,7.82327438470768570e-03,9.03188249627956168e+01
0,3.75200162583833006e+01,4.80137831327446278e+01,7.94305708135678301e-02,1.93730367195671285e+01
0,6.55885016174149769e+01,6.12489997894173044e+01,3.93882817281246689e-02,3.45619994144865856e+01
2,1.58883231785200802e+01,7.89120976647797363e+01,7.69510007898343423e-02,4.00954736591228134e+00
0,2.33994059445092120e+01,7.09724030925004001e+01,3.50533882665606464e-02,1.42132672897596350e+01
0,2.26104822270272692e+01,1.71890993131607317e+01,4.51815333182677137e-02,1.59896486579432100e+01
0,4.36169599204405714e+01,1.46745316694062531e+01,4.15136536938025096e-03,7.50013892957679360e+01
1,3.30220170854559285e+01,3.03235857525334644e+01,4.52275140760783761e-02,2.82671432313082391e+01
0,5.14809437540144188e+01,6.67398141948311832e+01,2.98868609169060592e-02,3.25929667459521824e+01
1,4.40065707387815408e+01,7.35725992587609312e+01,4.42726290336321673e-02,1.67688769660941048e+01
0,3.39364859046506240e+01,7.69554289205570399e+01,3.76729015776602269e-02,1.31916053836743874e+01
0,5.79503595531816060e+01,2.46814127382908701e+01,8.93508896586650905e-03,1.11054585909753740e+02
0,5.01043626770630723e+01,4.71223682606824568e+01,1.86874172932629465e-02,6.51701165995381047e+01
0,1.87595899392232717e+01,2.44485696066079754e+01,3.54324819350121251e-02,1.65658701953086513e+01
0,3.63710531739444676e+01,4.13983793113299328e+01,2.22742318442405371e-02,4.70718292233247055e+01
0,5.23579425583284390e+01,6.30894148629670397e+01,5.76931798423819808e-02,2.20160370268896699e+01
0,5.35528191383412846e+01,6.95124925247764764e+01,2.79783099004902724e-02,3.15946730157019786e+01
0,4.21716915963486230e+01,4.10240976489446467e+01,2.05063240002271580e-02,5.60312416943313494e+01
0,2.30566672310625975e+01,5.03667549691920513e+01,2.49097864909483928e-02,2.68145601621860585e+01
0,6.80749892055226837e+01,5.17027589441498705e+01,7.85414936697861749e-02,2.38067630403593853e+01
1,4.69093929779243624e+01,7.63450465109495582e+01,9.60470887043626126e-03,4.10692200837384291e+01
0,5.47963007521832353e+01,3.01706523281018058e+01,3.13364186908593814e-02,5.14895372574802792e+01
0,7.05756920550536506e+01,6.18813048249183524e+01,6.80842407972025998e-02,2.21077973850720326e+01
1,1.32143917326895846e+01,5.95252065791165137e+01,1.75219865123159117e-03,1.50296886580331481e+01
0,1.84243945475416808e+01,4.37325459060524366e+01,1.73278206555512702e-02,2.38708747957740712e+01
0,6.11373406051992774e+01,1.79474887117765434e+01,7.12383126880122147e-02,2.76305535467624317e+01
0,1.71577662171093976e+01,6.19731399783344727e+01,3.80466281056912811e-02,1.32197556455940628e+01
0,1.03708319737328853e+01,7.21851582120359581e+01,5.72610151452848451e-02,4.23405941161686972e+00
0,7.84367633870952403e+01,5.22447425139996540e+01,7.34682157619360038e-02,2.61812363392109475e+01
1,1.32756534230985803e+01,3.76554080074520883e+01,6.79340433951674955e-02,9.57272952690278878e+00
0,7.02486675383454440e+01,7.41651487527989417e+01,6.12507077958853730e-02,1.50622229567214507e+01
0,7.86350846063608060e+01,3.13666615004909488e+01,2.12384677208548554e-02,8.44569228273926171e+01
0,3.73153382760126391e+01,7.90529134552165971e+01,7.52739838152348822e-02,7.12030458267894240e+00
0,5.34595167525901260e+01,7.24664750277813994e+01,6.13851337086355406e-02,1.49253640035226827e+01
2,1.79512207028265038e+01,3.92198042623876830e+01,1.48389269481334473e-02,2.37966232701127574e+01
0,7.97729919994839634e+01,1.03010923679678275e+01,5.91470551065744685e-02,3.19618412414624657e+01
0,7.26288379527690466e+01,4.71251292481464574e+01,3.18751209032371308e-02,5.46685715034925863e+01
0,3.04443638483596644e+01,1.10586123855340155e+01,1.77283321174963940e-02,2.49242295479546456e+01
0,1.52053381967403620e+01,4.46836622406559698e+01,3.42250447710010855e-02,1.47311220653679804e+01
1,6.43111473435550636e+01,5.52119748978575657e+01,4.56547983275055538e-02,3.46092430204807826e+01
2,7.99660996520060081e+01,6.97147350815733517e+01,1.09130837630181613e-03,2.74179111309085727e+02
2,2.03314999926209055e+01,1.05333820132890192e+01,6.95855575143046606e-02,8.84261379773466061e+00
2,7.25839977423902241e+01,3.44873525542313644e+01,6.13487649301001706e-02,3.52869246138904344e+01
0,7.03334987764018678e+01,3.61665577674610432e+01,1.31578443087611418e-02,1.09973969501347369e+02
0,2.47801814409226893e+01,5.13219035497424869e+01,1.86476282128541192e-02,3.27313585792710811e+01
0,2.28238288744962965e+01,2.98898216021318177e+01,4.93228150301163598e-02,1.93272313682920966e+01
0,2.40589661372186008e+01,6.00590938176578106e+01,2.27199685233249495e-02,2.53771391095183851e+01
1,2.96504684761894630e+01,5.27934090135281906e+01,5.01189302731003122e-02,2.20603313585884777e+01
0,3.94551132912200799e+01,4.01134910319017521e+01,6.98983030110759823e-02,2.33749953626436557e+01
0,2.45327281162172675e+01,4.24233495013137230e+01,5.71144452948457795e-02,1.93112967447566959e+01
0,3.24610254296131941e+01,1.10712423004637834e+01,2.79975852442066221e-02,2.35009288962227885e+01
0,5.01413044324402293e+01,2.33416785833924898e+01,6.16992089600458746e-02,2.90757037179025595e+01
0,5.17889790128544405e+01,7.86139398706854848e+01,3.60130637910345552e-02,1.53122850201739240e+01
0,7.99520147277872582e+01,3.26772954145297305e+01,3.47762889299527561e-02,5.84852908723373588e+01
0,2.06786049837547843e+01,3.40517276360822834e+01,3.92809747424646347e-03,3.60047400147774113e+01
0,7.27771992558837155e+01,4.56814595849204252e+01,5.80717071464347326e-02,3.41207539227910033e+01
2,2.69614613617649859e+01,5.93500334067326278e+01,5.72116502172491867e-02,1.68879167689036294e+01
1,2.44560627771631545e+01,7.62859066022381995e+01,2.22633766576116020e-02,1.40698154387269323e+01
0,7.20208376282389366e+01,1.89173659534673924e+01,6.29918122972401850e-02,3.33259157757960409e+01
1,5.00403473595429489e+01,5.10561961521993837e+01,7.95666673800278085e-02,2.12226056637155125e+01
0,5.87855716177106515e+01,3.36383234342435458e+01,7.27051917115743990e-02,2.81994988782111768e+01
0,7.28266784309396371e+01,1.62663151556674563e+01,7.54031014690199480e-02,2.81738722664933654e+01
1,6.35485976085156992e+01,3.44444570871300755e+01,6.41983864834157758e-02,3.21886061096798315e+01
0,6.28112426776734125e+01,5.57100666578330106e+01,1.94089185779573112e-02,6.55094219908797868e+01
0,3.36187785365918117e+01,2.30184888553384823e+01,7.14109954739079456e-02,2.02577823365931557e+01
0,3.22522788892603671e+01,5.14527429435476478e+01,7.07938309239866254e-02,1.86492319790552230e+01
0,4.50821553222920457e+01,7.38476501431631078e+01,2.80494223518707314e-02,2.34194607499033403e+01
0,3.71554729926362342e+01,3.55733007509562071e+01,6.08231802154716519e-02,2.53769016533257563e+01
2,2.33945690912591076e+01,5.91018145221409554e+01,5.80460905636572422e-03,3.87608476839285601e+01
2,6.11450151317136203e+01,6.43154521859809449e+01,1.27805965844872468e-02,7.11575044847884470e+01
0,6.41923792210537556e+01,4.44528495268376318e+01,1.86131931567764322e-02,7.86373373168953549e+01
0,7.39755074933312926e+01,7.70725453482928771e+01,3.74726793326364827e-02,1.93658790946156891e+01
0,5.56552477974083502e+01,2.59223650559307508e+01,2.04795590376705416e-02,6.76700837515244729e+01
0,4.59372641316743682e+01,6.38518994595413361e+01,1.64271424603804582e-02,5.00079877570510121e+01
0,3.51236887295172338e+01,7.95255039991966726e+01,5.14612779979257734e-04,4.26776370045043691e+01
0,3.81774810607379464e+01,2.65697782520555847e+01,6.70225281414210498e-03,7.82311068171744779e+01
0,6.75927137948622203e+01,5.48857591721091893e+01,2.91616991580103506e-02,5.08184855233220816e+01
1,6.13328474607567173e+01,4.62162545854291054e+01,3.98395226834591457e-02,4.28559436516389454e+01
2,1.71888194982935900e+01,3.67680672778151916e+01,1.66784072181695199e-02,2.13739955777186452e+01
0,5.14956129215152529e+01,4.55839520244182950e+01,1.21480538561962535e-02,8.81272604053471298e+01
0,7.25579959120972831e+01,4.12181425684847653e+01,1.19125096393369566e-02,1.18118352840614534e+02
0,6.91148743166400408e+01,5.75080620341704787e+01,5.08397890820479897e-02,3.11668870494701800e+01
0,3.65261945977383675e+01,7.59373470702374505e+01,6.64500279018778311e-02,9.76323728622041465e+00
0,6.76840523550880704e+01,3.70969487794564117e+01,7.22425381127041882e-02,2.96127976952105456e+01
0,6.90797552503746317e+01,1.02508808413116945e+01,4.99718985119013068e-02,3.32175033605300030e+01
2,5.33810751816898659e+01,6.86513310480434882e+01,3.29285515108181243e-02,2.88450763752205539e+01
0,7.13784173075748640e+01,5.77264103604416050e+01,2.84937815913060000e-02,5.02818579874961102e+01
2,2.02139916359574840e+01,3.84508577356123027e+01,3.17270251646817672e-02,2.17259648993741941e+01
0,7.55940184414089345e+01,1.27476044462984994e+01,3.10968856460343626e-02,5.26172480916643863e+01
0,6.93270467263163539e+01,7.50917159424670473e+01,5.73927686789469579e-02,1.50304182295615227e+01
1,3.82854161229225767e+01,5.28734944359020531e+01,6.69165016454593420e-02,2.09430076569374144e+01
0,6.59531203438579041e+01,4.72811808032522265e+01,6.12265856548774925e-02,3.08873778636622731e+01
0,4.52151325713749941e+01,6.19776302570993352e+01,1.39204236754293387e-02,5.74007671881948838e+01
0,6.53746347336510780e+01,4.92795452772564602e+01,3.26096016939152536e-02,4.98532018739477820e+01
0,3.27830905470996399e+01,7.54474011841035690e+01,4.92400999071702372e-02,1.18278548301054816e+01
0,5.59242821933675671e+01,6.79697085718463541e+01,1.55958023428905430e-02,5.21691960453112813e+01
2,1.48894228597329032e+01,2.28573751312007829e+01,2.36732703796089790e-04,1.58602897446119293e+01
0,7.86657067953139943e+01,1.76467019166074550e+01,3.28985599772264672e-02,5.65826106614655160e+01
0,5.99948496355780634e+01,7.18288321041656843e+01,2.07733114057988659e-02,3.79011180208857752e+01
1,7.34183177612414255e+01,7.47023409152522504e+01,7.51848078142783871e-02,1.23764155153443998e+01
0,5.60604026159438789e+01,4.86634749098221135e+01,3.83394583845921080e-02,4.11335805929088068e+01
0,5.76175975488648575e+01,3.56837504304926156e+01,9.27191254196315165e-03,1.16648402773481706e+02
0,7.30541019975204335e+01,6.27400660385426434e+01,6.86329811960329356e-02,2.16871474328263822e+01
0,7.97257311853979473e+01,6.17327721514583274e+01,9.26796927011668686e-03,1.12541530438614089e+02
1,3.60405312854423983e+01,7.16163362762201103e+01,2.08713197727674327e-02,2.71112859652469922e+01
2,3.07303178883396129e+01,7.69920012235049427e+01,3.76078457035681421e-02,1.22908892676434025e+01
1,6.26220376645551298e+01,5.89558710707700016e+01,1.69675020961429744e-02,6.76617882642367903e+01
0,4.37210710457288982e+01,4.63550911876189318e+01,3.91851482561723155e-02,3.61863831649070775e+01
0,7.99652378682987006e+01,3.69620568072205344e+01,5.22709951534691339e-02,4.14106058060100537e+01
1,4.93596570896123410e+01,5.71944084159041140e+01,7.10710067212255020e-03,9.95099502230068538e+01
1,1.75887603718975001e+01,4.25557602465829703e+01,8.25670999600340919e-03,2.60862640077458465e+01
0,1.30772657611615966e+01,1.91614409951557647e+01,6.64565086866802657e-02,7.18575445273420321e+00
0,6.25082591256938969e+01,7.64801665639371322e+01,7.23556600567258068e-02,1.09010644712134859e+01
1,3.42150832191599932e+01,1.01674032933534377e+01,2.40158921242906234e-02,2.52283519197525692e+01
0,2.93850725969218622e+01,7.85279427458947339e+01,6.27072244891044850e-02,7.51628706308472072e+00
0,5.73015969586822749e+01,7.76767113322263043e+01,1.67242952003645575e-04,1.33454662667772197e+02
0,2.68922804767456576e+01,5.27253609755564057e+01,1.63300018154392927e-02,3.74959309886388610e+01
0,3.61841264167188825e+01,4.25673867539152440e+01,7.20847618851831878e-02,2.14603697966001548e+01
2,3.65346631725233451e+01,1.97871996520250448e+01,4.37005568221472129e-02,2.82102033156284087e+01
0,6.45848735737791060e+01,6.86821889018232810e+01,2.96850099543861032e-02,3.41796870886007014e+01
0,6.03825099782489048e+01,6.61231580841531468e+01,5.47996833480624210e-02,2.21831771025603750e+01
1,7.44474819056056702e+01,1.37617947497457553e+01,6.18068215577050536e-02,3.21518225724383768e+01
2,2.95466423917664969e+01,6.08876849493891186e+01,5.25282171317621033e-02,1.84088273118961645e+01
0,7.97275143076865191e+01,1.35065913216077185e+01,5.37032927742812846e-02,3.69830097440400252e+01
0,4.79398468265278339e+01,4.55173802105775280e+01,6.04483058028734629e-02,2.77207109800098266e+01
0,3.53751908499233565e+01,3.45033427093769021e+01,2.65216048699270963e-02,4.17378560928731801e+01
2,7.58782818208540988e+01,3.49582663112777610e+01,2.88330381759814985e-02,6.56167753911842482e+01
0,2.24011486726874303e+01,6.09309565787795506e+01,1.18093148801898804e-04,4.30083279258067677e+01
0,7.72635284773484727e+01,2.79357738611743862e+01,7.41471360718357481e-02,3.11942036343877973e+01
0,1.15348326726543284e+01,1.73010122189249245e+01,1.44664177292528166e-02,6.94223779998306512e+00
1,2.11730665835760909e+01,1.23468968286621337e+01,4.34339552071093399e-02,1.22188936774856884e+01
0,4.78716535349937828e+01,6.46009286999924086e+01,7.18421290077892183e-02,1.69932833525853830e+01
0,2.89394853100200180e+01,6.12345735620720717e+01,2.15486019980278866e-02,3.07146666540705979e+01
0,6.10438587064358842e+01,2.87567021152270073e+01,7.38948406457586460e-03,1.34570936273911514e+02
0,5.14555657454804205e+01,3.48580864462063147e+01,7.83048754130636626e-02,2.49557509872839312e+01
0,2.75212259692612022e+01,5.66027271342677096e+01,6.65575183364527367e-02,1.63078214676316158e+01
0,4.15486438284543596e+01,1.42960229399794017e+01,5.08660305716576305e-02,2.55126412066025132e+01
0,1.10667264387479261e+01,6.73139382525396570e+01,6.11868027470574144e-02,5.49405669331172763e+00
0,7.34104934751832303e+01,4.85036002519519442e+01,4.95685589384899164e-02,3.77887100542137873e+01
2,1.35754005454302629e+01,4.08779695126337543e+01,2.54703208392558708e-02,1.36799486688792982e+01
0,3.23142270323081107e+01,1.03358534108483227e+01,4.75230004720769497e-02,1.79488204127490185e+01
0,7.34545412312252779e+01,7.21893828772904840e+01,7.34292444501003921e-02,1.44532554329423899e+01
0,4.62611224770962792e+01,1.72422763966828327e+01,1.01571862079274759e-02,6.98558677592199331e+01
0,4.81524484589641304e+01,6.67188874940296728e+01,3.09070436754187577e-02,3.06763837727451474e+01
0,5.54669519514475411e+01,6.03840676150848878e+01,7.96718608482356178e-02,1.84853160798778511e+01
0,5.89612175152033373e+01,5.88936122893188454e+01,7.82884082704209810e-02,1.98520161503475236e+01
0,3.25831168945066239e+01,3.77281101250736626e+01,6.72552626163878606e-03,7.03237698202292734e+01
0,1.82858291648307443e+01,4.34583743102338218e+01,1.00116608174481581e-02,2.69118397715682498e+01
1,5.33867344213059098e+01,6.11136043606426966e+01,5.15821909069653986e-02,2.55780192038039722e+01
0,4.29065747753641205e+01,6.62992532855658681e+01,1.69675095960204747e-02,4.32689262147239759e+01
2,5.27808702234683764e+01,1.92419297078070457e+01,1.57137986938257236e-02,6.92004612929573568e+01
0,7.69584268797600544e+01,7.28702832930969890e+01,6.56745129038918268e-02,1.56244767317741662e+01
0,4.98753630713005833e+01,4.30932743565810128e+01,6.70147323587206578e-02,2.66088890909749622e+01
1,2.37578529689302158e+01,5.33340551886508365e+01,2.14707834914501482e-02,2.86787052134581337e+01
0,3.35895666532229029e+01,5.88667398716273311e+01,7.98306421967082125e-02,1.53650064928938797e+01
0,7.15139228827838878e+01,4.85883263525645503e+01,5.17238803852234988e-02,3.60732258969114241e+01
0,2.82685057253634220e+01,3.04711241181832229e+01,3.32206323019589161e-02,2.94340597368420696e+01
0,3.13497244211840318e+01,5.03777730607650724e+01,6.78559839286010519e-02,1.91676122158249846e+01
0,7.60223934572055242e+01,4.04793265377083173e+01,2.10122634597748811e-02,8.14507300205073932e+01
0,4.35354851101494802e+01,4.02289206440959930e+01,7.66034244164186945e-02,2.29148862736513337e+01
0,5.79261683705991075e+01,5.28001064631148012e+01,6.95867767090059264e-02,2.44673727170018687e+01
0,7.53426796685305078e+01,7.32435495216907952e+01,7.91491174462942843e-02,1.29141674825114290e+01
2,7.00182602620501626e+01,2.13873360079009451e+01,5.71678228399327276e-02,3.62211377052927261e+01
0,1.15452616190183370e+01,1.62294895329718578e+01,2.30720093411312006e-02,6.33289274318572026e+00
0,4.50775567433096924e+01,3.97887153491638017e+01,6.49885869078068307e-02,2.65424209079729572e+01
0,5.78790232322214990e+01,4.13342003996970533e+01,2.30032391497339526e-02,6.49285879336108707e+01
0,1.96542762234751187e+01,6.06821368185693828e+01,3.38174612452089365e-02,1.67124311509146075e+01
0,2.24986670909096844e+01,3.80697418701213621e+01,5.52310146685639838e-02,1.84719016757882883e+01
1,6.42685101408865194e+01,4.52222611837134281e+01,6.64198338010032249e-03,1.51364838759513276e+02
2,6.16690739404870456e+01,3.92327965239032039e+01,7.25321386526513734e-02,2.81070218446837004e+01
0,7.87837792492449722e+01,1.39172382837066877e+01,7.59030679686326371e-02,2.81022504352294469e+01
2,1.39707351999798028e+01,4.44134299426527832e+01,7.50883533603405318e-02,9.67830838307418517e+00
0,1.35344142644551884e+01,7.48652549995870658e+01,6.85852291141029746e-02,4.78100146369924506e+00
0,7.92367009291683928e+01,4.30210655870129273e+01,4.43886656983182998e-02,4.52538183415026722e+01
0,5.93426349426389237e+01,6.00114303208585511e+01,1.89772898513770917e-02,5.91471568306761597e+01
1,1.68346541386413904e+01,3.30465647688771256e+01,4.77697044984117837e-03,2.39581771763700964e+01
0,5.63579868928188077e+01,1.02541867606276114e+01,4.51594929941987518e-03,8.46833177655962714e+01
0,5.52658495937517174e+01,7.62016629966836803e+01,3.73647077781219389e-02,1.82804913690030872e+01
0,5.80288932703141711e+01,5.95073767897584958e+01,4.81237789447068465e-02,2.91147126965734415e+01
0,6.80711720268060390e+01,1.94979694992685459e+01,3.78093531351520818e-03,1.75921187408367587e+02
2,6.11384773974541673e+01,7.76375300489864344e+01,5.50369284712492329e-02,1.25800783415164936e+01
0,4.86455666124541608e+01,7.04606231537262602e+01,5.61955388361414163e-02,1.69145304683431874e+01
2,3.63186722293185156e+01,2.17251196034635399e+01,5.19878629952542776e-02,2.59719530965104255e+01
0,2.38725370305225226e+01,5.52199739415078810e+01,3.39446043278751955e-02,2.24916845582247120e+01
1,7.88944318402114533e+01,6.42701330057279279e+01,3.93662732451075040e-02,3.42063324667091777e+01
0,4.13062450777816679e+01,3.56632353741855326e+01,7.25926353517429707e-02,2.36949193818976163e+01
0,2.89886860813532437e+01,3.87793912764263027e+01,2.62380210323376432e-02,3.50505916361401901e+01
0,5.55609188619751464e+01,7.50525632263718023e+01,3.52854342492641068e-02,2.05866888779937973e+01
1,5.72485787688741894e+01,5.37169180198179959e+01,6.09010715226249652e-02,2.67809098892323014e+01
0,5.16319520514222745e+01,6.76329396987953544e+01,2.52251027860182497e-02,3.58538997841529508e+01
0,7.14429294549780707e+01,7.68793229900853703e+01,2.03212018394133935e-02,3.16271328295477900e+01
2,5.25039440078361821e+01,6.46961075102469891e+01,6.69678496588741179e-02,1.86264486690077824e+01
0,3.67323169248880390e+01,5.01772180786302755e+01,1.82235909618459965e-02,5.01491628473433053e+01
0,1.65178029040668548e+01,4.01903151113857504e+01,4.90054816728827253e-02,1.42790423013070189e+01
0,1.84480996087459559e+01,6.90355799025024908e+01,7.35960945248164689e-02,8.17771365825429619e+00
1,4.45649671574985362e+01,2.73148817239184432e+01,1.38452259100626494e-02,7.05252264424840405e+01
0,2.82764440142088418e+01,1.06557891306265482e+01,7.83948999813916525e-02,1.23466677349929448e+01
0,2.00572600323739643e+01,7.25280252205367617e+01,7.18211062733584843e-02,7.65038902719468528e+00
0,6.81639052133689916e+01,1.23872637422649490e+01,4.44659183672337505e-02,3.79806287702294156e+01
0,4.17986751308656679e+01,7.79339598611626201e+01,5.84707696484707551e-02,1.00132249784301681e+01
1,6.09947685766398919e+01,1.48831046841860406e+01,5.41961202946560708e-02,3.24305531226015802e+01
0,6.95969988374804132e+01,1.05171121357587420e+01,1.11289010847036361e-03,1.55625978465360191e+02
2,1.37840953456837205e+01,2.20651512742074267e+01,3.87104876091022010e-02,9.81881244448980262e+00
2,7.69386235934230029e+01,6.70704219546768741e+01,7.68500049964225829e-02,1.74059353696878922e+01
1,4.87856088161882298e+01,6.34274670539945333e+01,3.54140231955429596e-02,3.08638864220725786e+01
0,3.30897040324105802e+01,1.57106218300927623e+01,2.55320873760360549e-02,3.04919452878074573e+01
0,4.40206063411726021e+01,6.19574962237542834e+01,5.28871461346075641e-02,2.24601865208642053e+01
0,2.56350301967296090e+01,2.65117050656445947e+01,2.55330163844469382e-02,2.87604193560233625e+01
0,3.32578513178063702e+01,6.69556540868983490e+01,5.72879503986875385e-02,1.57323019575671363e+01
1,5.26715433196185785e+01,2.28096350032815138e+01,2.08946776977123952e-02,6.20802508929831376e+01
0,2.35409251248988660e+01,3.18697233985884765e+01,2.34816845275661913e-02,2.85282037992557385e+01
1,4.15251986024688691e+01,1.43568983900953935e+01,3.45934160089811302e-02,3.19705071852634717e+01
1,2.98430348629670767e+01,7.66173517153774952e+01,7.20429096995348628e-02,7.89582373994543119e+00
0,6.45648032138665116e+01,1.56119654827333765e+01,1.67072580449617383e-02,7.41837696390876005e+01
2,2.68022312376102292e+01,5.85642706731956864e+01,6.15747084514071674e-02,1.62740627014246897e+01
0,6.10612942111895052e+01,6.37849544290098365e+01,5.52998093335713842e-02,2.37677031152475990e+01
2,1.09267568747148260e+01,4.05174007221170740e+01,3.72230899682799710e-02,8.93361426668200487e+00
0,4.06961135086684536e+01,6.11613614650451112e+01,5.06003494138116613e-02,2.27565996394050920e+01
0,4.31449143159086148e+01,6.02136573649269735e+01,6.78407983914519619e-03,8.33621746886158377e+01
0,3.84318262230266612e+01,6.00904636505547671e+01,5.07035432989914048e-02,2.25820266928279274e+01
0,4.63231897278852145e+01,3.45611586822848125e+01,3.45214606890634993e-03,1.38319529349765475e+02
0,6.91661063701086221e+01,3.98015509188291077e+01,2.80816658473245252e-02,6.25942784011953535e+01
0,4.66062034618340491e+01,2.37286718644631804e+01,6.38825794845349626e-02,2.72405768595558762e+01
0,6.72002097717346203e+01,2.92657231524067925e+01,6.44026179138293270e-02,3.31524330493230650e+01
0,6.10766783849207471e+01,2.94179434223232938e+01,5.18412552384792669e-02,3.76912538622674802e+01
0,2.37268628959316743e+01,2.17585300943349225e+01,6.66450883621142048e-02,1.55438091331683310e+01
0,3.08835463965202734e+01,5.98085253770062124e+01,5.27316849305342200e-02,1.93688494801679063e+01
0,2.10393846041425725e+01,4.26843375555178923e+01,5.48803953591296342e-02,1.72744702417941305e+01
0,6.45164910551169015e+01,7.71817313285093292e+01,4.47165614924064786e-02,1.57702223276200861e+01
0,1.67414531560825175e+01,4.50040606371066900e+01,5.67912609844282018e-02,1.33945265697966924e+01
0,6.99505458176887913e+01,6.55186426984183470e+01,1.12956587279867543e-02,8.14682491379024611e+01
0,4.88458595275656791e+01,5.85288342751713628e+01,5.75262861107311008e-02,2.39232186797442843e+01
0,4.01585870220660937e+01,3.53459080663422043e+01,1.32343186545661514e-02,6.84116807671370282e+01
0,4.94006474788100007e+01,3.57336129838254664e+01,2.19182874784295927e-02,6.13375219121070430e+01
0,4.76433149699609615e+01,1.16771797286814021e+01,1.55370440327508505e-02,4.91814541766298063e+01
2,5.33705748107048663e+01,5.26092196776777214e+01,5.30223709741584268e-02,2.95840674959348462e+01
1,4.79774739127800700e+01,3.91751854240518682e+01,3.80795385407393105e-02,4.09595374043294456e+01
0,3.14216974939872138e+01,2.07625304557701789e+01,1.00343666313236126e-02,4.62937314452576061e+01
0,7.29030771184825710e+01,1.44837577366323060e+01,6.83736267683884291e-02,2.97417528451681186e+01
1,5.31770608951826844e+01,7.59981605380580447e+01,4.63003294746719835e-02,1.53619352256683062e+01
0,7.96808648629823324e+01,1.65786615000695079e+01,3.79021933462630051e-02,5.05982389629540208e+01
0,1.91396527892404862e+01,2.21431444115544664e+01,8.57862388109047018e-03,2.23225529149808501e+01
0,7.58972775886102085e+01,7.93266608835765936e+01,1.38248633491092482e-02,3.61129128639716157e+01
0,5.38050765449919410e+01,7.74478576984372324e+01,1.27054294107903851e-02,3.59741100461899066e+01
0,5.75241843237156445e+01,7.51342928426238075e+01,1.53761276089608052e-02,3.85487549189521488e+01
1,7.58849756348731148e+01,4.01761443618160357e+01,5.63015234483441526e-02,3.73864038825570901e+01
0,1.43724654153130267e+01,2.97952999771124887e+01,2.48599339519684111e-02,1.36862363299071852e+01
0,2.32320599695109138e+01,2.68193287186833338e+01,2.85490730851855820e-02,2.45188534679003780e+01
0,4.99471051881286954e+01,7.90306926105623262e+01,5.02526857466106883e-02,1.11993228872521904e+01
2,3.08506358393558138e+01,5.01067923280117782e+01,5.58316516502858420e-02,2.18126546174577811e+01
2,1.11507921963964254e+01,3.24940477116330584e+01,2.00449325921684546e-02,9.70374827467316869e+00
1,3.03874168079083695e+01,6.02982598849117224e+01,2.21116355736184905e-02,3.23993162560709322e+01
0,5.83435744430683343e+01,6.34837645352662818e+01,2.87070580295107729e-02,3.95900765561550472e+01
0,5.77732328255867174e+01,1.62348695769951057e+01,1.42794577937968006e-04,1.78383157545864577e+02
0,1.17043122598300755e+01,5.23055042539886728e+01,1.06878970314998167e-02,1.19087865822314338e+01
0,3.26364051038244511e+01,7.92752547940714862e+01,3.93569725201361673e-02,1.04246263999764359e+01
1,6.99962737544730231e+01,4.52154546005008982e+01,3.01720466974347810e-02,5.72083929090490031e+01
0,5.56923187326830842e+01,1.29796593601876147e+01,8.08280327180687860e-03,8.19472783226949275e+01
0,5.33426326985710872e+01,6.09772423108615911e+01,6.45167745030114648e-02,2.14001847808016770e+01
2,7.81641269029742034e+01,5.15126902740827006e+01,4.58903603325722977e-03,2.09180462534429381e+02
0,3.30073730584799350e+01,2.67646317263256819e+01,4.11499165757724661e-02,2.92413535017869251e+01
0,1.58266881948683178e+01,2.49609739220718545e+01,5.12040426339005275e-02,1.17314621437538840e+01
0,5.34019310270996215e+01,3.86268933782208279e+01,2.04807576164585635e-02,6.74495215808894670e+01
0,5.48093475461932513e+01,2.67796182993856569e+01,6.90797811029276870e-02,2.84347066670018833e+01
0,4.83663650649483898e+01,6.67710269840459745e+01,7.54534714812141044e-02,1.52884380277585059e+01
0,7.68081115764135944e+01,1.06752809266619391e+01,6.81877100349560783e-03,1.16096398260078843e+02
0,5.76340586488629754e+01,3.33297814736217717e+01,3.13372429625339080e-03,1.90025445630295565e+02
0,1.47461381688405115e+01,3.79022093123717241e+01,3.96084456082743206e-03,1.99903656675633279e+01
2,5.53347763565305755e+01,5.15117370056807218e+01,5.76548040226737557e-02,2.85766958197499434e+01
1,1.46541057224684543e+01,7.26050715874906132e+01,1.01942167074065889e-02,1.05168371250988084e+01
0,4.99302520396018110e+01,6.30934351626575705e+01,1.56319858295950811e-02,5.60053815618016912e+01
0,4.51866148535245529e+01,1.38858270569368649e+01,2.24999620481530459e-02,4.28529814571987089e+01
0,1.02021109440367344e+01,6.70936713239235019e+01,5.93462928126043468e-02,5.01218348789154433e+00
1,2.37562296433567468e+01,5.42015070637042911e+01,6.98071192502604798e-02,1.48416118522129743e+01
2,3.92980765184325378e+01,7.52161378650571777e+01,2.03135980140933814e-02,2.44809446913244635e+01
1,3.23557989299486266e+01,4.73529397896913977e+01,8.07372627914065659e-03,6.50555057063748166e+01
0,1.93045204622715154e+01,2.19927005594490907e+01,4.32170180972091325e-02,1.51858544656208494e+01
0,5.31783682085974760e+01,2.52694701722840200e+01,2.67702312275666029e-02,5.48141225677126158e+01
0,7.60267102409868727e+01,7.61333832513896454e+01,4.24742500587248842e-02,1.87656665314478275e+01
2,1.27372999006290719e+01,1.34221815204573165e+01,6.36075582306534909e-02,5.47229669883429626e+00
0,6.39449465350753314e+01,1.91364539485824032e+01,6.03114492718979725e-02,3.25808939310119356e+01
0,3.47103982347197615e+01,6.17516467012227750e+01,4.13646507202841199e-02,2.36102346446350850e+01
0,2.90117860973574935e+01,7.86759205163392323e+01,7.33667296594523732e-02,6.58266186253620145e+00
0,6.55668982644172047e+01,1.02348396711717378e+01,1.06754521060493622e-02,7.78615365574759721e+01
1,7.52184073773456987e+01,5.34585205568795416e+01,5.19362418390593022e-02,3.40800864679796049e+01
0,7.87121705839189332e+01,6.71986503084465596e+01,4.50529870257261045e-02,2.77344680676197264e+01
2,7.53203917642223360e+01,5.12754747750164412e+01,2.81569688289976215e-02,5.81317832465792037e+01
1,1.87202233579165878e+01,4.70428243496782059e+01,3.63736454046925603e-02,1.83900955391690815e+01
2,1.07905735661778444e+01,6.24327446898492724e+01,6.35883511143845587e-02,6.03035988920410571e+00
2,6.23292189427336112e+01,2.69198517286164645e+01,1.68182505956231063e-02,8.40894352700243815e+01
0,6.34839829385437255e+01,3.30910070949051942e+01,4.76591347129714862e-02,4.09409311750336471e+01
1,2.04300783220176676e+01,6.65412333938418357e+01,1.59358099703151984e-02,2.01991107921342987e+01
2,5.00891037741715053e+01,4.17068765169243534e+01,3.62085734349892954e-02,4.29933082073796484e+01
0,5.50865193771309194e+01,2.68286678549595514e+01,1.39889712123660286e-02,8.50789445670456956e+01
0,3.67713186650236352e+01,6.44792090719042505e+01,1.34154196862419986e-02,4.56862226213628020e+01
0,2.18354156424699397e+01,1.17620304789005523e+01,2.42137163328609434e-02,1.45016046451396186e+01
2,3.37929975887602723e+01,3.88022644589246752e+01,6.98548562255101591e-02,2.15127833056507782e+01
0,2.97131500250495115e+01,2.72424611461760762e+01,6.69399328051356046e-02,1.99936348541234743e+01
0,1.05375384715828808e+01,6.52970417219734998e+01,7.03901568608062134e-02,5.22159537741143520e+00
0,2.92998558181050690e+01,4.02628661757079982e+01,5.24725783316087324e-02,2.35870343597025744e+01
0,2.74045144158503007e+01,6.18022088904916274e+01,5.52365785951444282e-02,1.65419130148671343e+01
0,5.72946706290715042e+01,4.56290528056207876e+01,6.59385965451929623e-02,2.79760803067759447e+01
0,5.46160747894046850e+01,4.04297890522608583e+01,1.26158909606344516e-02,9.27580800668745979e+01
0,5.72937360003268026e+01,7.28824481950589131e+01,7.26668965152942568e-03,6.98789945826330694e+01
0,3.05086890966111000e+01,3.14811036987328414e+01,3.89891805399130570e-02,2.90918400350732789e+01
2,5.16201647649624178e+01,6.00351135003861387e+01,6.73709058464287344e-03,1.01215384803075651e+02
0,1.84307295277066672e+01,5.22401116573461053e+01,5.24645365154690693e-02,1.44899145518163142e+01
0,6.35172922751265858e+01,5.01429332296978458e+01,5.75528058641027428e-03,1.55740871011762238e+02
0,7.57959976383992853e+01,3.62633174189354150e+01,3.23833499109976650e-02,5.96996954927704238e+01
2,6.35560159089796031e+01,2.82326846931324020e+01,7.83797649903911903e-02,2.75542236011224730e+01
0,6.11960098403926764e+01,2.95077296748693527e+01,1.41088985196157878e-02,9.39655251321686933e+01
2,5.00239668781056963e+01,1.16390550626107387e+01,5.88537127677726604e-02,2.48648090798498487e+01
0,6.33776635620820343e+01,6.72430331319107779e+01,3.87349833329102139e-02,2.89089104003656701e+01
0,4.24897551377956688e+01,1.84829519469900241e+01,6.28075692345262809e-02,2.45942617210432566e+01
2,2.80302571782519898e+01,6.47989111746902893e+01,4.69964650855055344e-02,1.72573030410441852e+01
0,6.45059106487828302e+01,7.89921093224654243e+01,5.17931332506291406e-02,1.21204816667937223e+01
0,4.61904179239644321e+01,1.11003532862172776e+01,5.13453608313944251e-02,2.50631466748866636e+01
0,7.47613469217302509e+01,3.54587237376022202e+01,6.57458386068970717e-03,1.77937262014087139e+02
0,5.10694958055761816e+01,2.17608619188477483e+01,2.88881450254467702e-02,4.89496491853565416e+01
1,4.73796173100403877e+01,3.81531223300504436e+01,7.93014960307303757e-02,2.34798056222353502e+01
1,1.27162802254937404e+01,3.03926805038064707e+01,7.98940288400228210e-02,8.10561549226023104e+00
0,2.54798374006575656e+01,2.08815844393669039e+01,7.32509531985108264e-02,1.55250200523257060e+01
0,6.03062979197286424e+01,1.77664674803413583e+01,4.22739902562547717e-02,4.03223316485121543e+01
0,4.07216686535937242e+01,2.19134216420493502e+01,7.60154448389474130e-02,2.18115367509180906e+01
1,7.47993953329508372e+01,6.33783340877770058e+01,4.84175340973104773e-02,2.89497773431314869e+01
0,5.30630801401111540e+01,6.28304737032175495e+01,3.85610346826147851e-02,3.06788275724562318e+01
0,2.84741036870422271e+01,7.40402267087407466e+01,5.70486203560008065e-02,1.05886764904162938e+01
0,2.71565441635537397e+01,1.05644355571402890e+01,4.59971113972790432e-02,1.50337496589817849e+01
0,3.04071788057435448e+01,5.36446568233454286e+01,6.77501306487650473e-02,1.80135969802655147e+01
0,2.51971355756186810e+01,4.41999831860305932e+01,4.35708424522548848e-02,2.29740518407127396e+01
2,4.72128697296350168e+01,3.17878384262145914e+01,8.25082222626605233e-05,2.00268522218584849e+02
0,1.59224768063417237e+01,6.11031121370436097e+01,1.95038280747399811e-03,2.08290666092612895e+01
1,5.04886420302188128e+01,4.73103844003876972e+01,2.07686062548895142e-02,6.09969960651263463e+01
0,4.00277706262979578e+01,2.47688008209000330e+01,2.56191074465844000e-02,4.45830358647570719e+01
0,7.15184020596558696e+01,5.11060632457995396e+01,4.60480359831786853e-02,3.83621853763669520e+01
0,7.23522815809901090e+01,5.92082595909176845e+01,7.45360661730325308e-02,2.20079917141690871e+01
0,3.08006676222647364e+01,7.66603417676373624e+01,3.92443971853610740e-02,1.22502933969365131e+01
2,2.33560467425872460e+01,3.68384749772180058e+01,2.89134731752060600e-02,2.66007116098532848e+01
0,3.95388292884656636e+01,5.27938225881779530e+01,1.60039952534232824e-02,5.58607013211504508e+01
0,4.54429722307082073e+01,6.50664066292610386e+01,1.63271672827006581e-02,4.81009298350174461e+01
0,5.97684827670795542e+01,6.70159607117567759e+01,7.06486508124606338e-02,1.73246698526066574e+01
2,7.79507556502420442e+01,2.87378142076307697e+01,5.84123716535363824e-02,3.82202684977273819e+01
0,7.26486398085420433e+01,2.31035743275854806e+01,5.62997104743640508e-02,3.76864883933162318e+01
0,3.77829837771292461e+01,1.55263337118869327e+01,6.56468039873354114e-02,2.07721453426029150e+01
1,4.84356289862174307e+01,4.77877463448402864e+01,7.85861722106848820e-02,2.20664739770317659e+01
0,5.06797774959346796e+01,6.45717129599012907e+01,1.13025476427963140e-02,6.66364576890813396e+01
0,7.15375315567822554e+01,2.49967987683440676e+01,6.66052529313486685e-02,3.29191156736495785e+01
1,1.73891128768448624e+01,1.24138937462121053e+01,2.30128126236258633e-02,1.04979355174171936e+01
0,6.71011740876900831e+01,2.65343958290279289e+01,6.49594988598091033e-02,3.28018608362127893e+01
0,2.83807470062908109e+01,3.46663950005560224e+01,1.25602782719978386e-02,4.66952758136872390e+01
0,1.75250075204119220e+01,4.84298148957853769e+01,5.75050485534726111e-02,1.36540431795502784e+01
1,7.86110730830493623e+01,1.34769067174890189e+01,9.29289940749898277e-03,1.15593237753811863e+02
0,3.43108858632056553e+01,6.42520713196589242e+01,2.80076723360068959e-03,7.36845400857787638e+01
0,6.23491964683477491e+01,2.24144896483097966e+01,1.85985144783643377e-02,7.58440406268513669e+01
0,3.54395043124910956e+01,7.95404265366885284e+01,4.18143629699701883e-02,1.03037538568005154e+01
1,3.03474331553209815e+01,1.38936957858733230e+01,4.03922144754004023e-02,2.11306804795267063e+01
1,4.80324745653001344e+01,6.62643407336783525e+01,3.53026112326228908e-02,2.81845321624337970e+01
1,2.63062696258293798e+01,7.09475501252907748e+01,3.24639855704729752e-02,1.65173422351690427e+01
0,2.71096904854827976e+01,1.08398441859358421e+01,7.90362406298780185e-02,1.18795595581698912e+01
0,1.35603467419082335e+01,2.61217599190703424e+01,6.83950612243310468e-02,8.80903295772716177e+00
0,6.00229492065940562e+01,6.00230041690443059e+01,6.65344556528791181e-02,2.23353968412453447e+01
0,7.44948991777642391e+01,7.97070244753867740e+01,1.96225783193067459e-02,2.64901567103381979e+01
0,1.03457396016211760e+01,5.27208711902506124e+01,2.83052596581594455e-04,1.03644062321001584e+01
0,3.01840314170905089e+01,7.20509562013919265e+01,7.07762141234430098e-02,1.04107444902395905e+01
0,7.08865663128677426e+01,5.75811765101447932e+01,3.30935544382011879e-02,4.46431139250585005e+01
0,5.20672776044169154e+01,4.66137744797580567e+01,7.13885785388533312e-02,2.49300929278338756e+01
0,1.90000655275648249e+01,6.03904909721878269e+01,2.56542275160611399e-02,1.81954434565311338e+01
0,2.68276744420731390e+01,5.74433193978916847e+01,7.79343234646645427e-02,1.41543150042589350e+01
1,2.45213321423127013e+01,2.81279866162567345e+01,7.18058516473658731e-02,1.65198707805618952e+01
0,1.23693306854415610e+01,3.48621403735173345e+01,4.39207818344550596e-02,9.99379131152231714e+00
1,1.90017116923084899e+01,7.11530160667451668e+01,2.35144989072340674e-02,1.34697684981716961e+01
0,1.88963178006576484e+01,2.78696661447728715e+01,2.35622684653451937e-02,2.02892573538733743e+01
1,4.52658349891179057e+01,2.51964239315638494e+01,9.03956581212012750e-03,8.51434452441829421e+01
0,6.37773075017970399e+01,4.80479505092638846e+01,4.70995720912970317e-02,3.74251031141064061e+01
0,4.63374809083024957e+01,6.70637221980251752e+01,7.73669514800084945e-02,1.45760370577869374e+01
0,5.59367717970941101e+01,3.64726855667868577e+01,4.88188715555358393e-02,3.74292470963619337e+01
0,7.18599512251883539e+01,2.41624380129060299e+01,2.33527599839192246e-02,7.29896334992427853e+01
0,6.46577196951234470e+01,7.88717912611943461e+01,6.91420513801559167e-02,9.57842091477428781e+00
1,1.69831525944062314e+01,3.18461242334880268e+01,3.36408826973126490e-02,1.64416669180150876e+01
0,1.18796354326726714e+01,2.18010100450424673e+01,1.54968528016123930e-02,8.76366835498534691e+00
0,7.50894766324459795e+01,4.89143131626478151e+01,4.68659190030290274e-02,3.97212902250336839e+01
0,2.82545262985799468e+01,3.06681914066183268e+01,4.88274868362880560e-02,2.37880263740182656e+01
0,7.04273661167307381e+01,2.02999050052005217e+01,2.12031541306586663e-02,7.42257136359837375e+01
1,2.22146087088669830e+01,5.85142256089841055e+01,3.58108517793442743e-02,1.92826234631012348e+01
0,7.15531172346314293e+01,6.59770268834847684e+01,6.04556977956549335e-02,2.17913624899282290e+01
0,4.08222840787428538e+01,6.99445270068260356e+01,3.40355784684324356e-02,2.30869253080544254e+01
1,1.20238816581943251e+01,3.22864004197169407e+01,4.97287070249698843e-02,9.03316529694625281e+00
2,7.92322213008676783e+01,1.75760011303658175e+01,2.41757043894634364e-02,7.07777238054111564e+01
0,1.81810063044278678e+01,7.29037272217769186e+01,6.48507141024793066e-02,7.34259478200300197e+00
0,1.16549266106563358e+01,6.34396325833226982e+01,1.28044199896337127e-02,9.56141163368050506e+00
2,6.60603699069478125e+01,4.46570027950399862e+01,1.44237830131179832e-02,9.54321695028684047e+01
0,3.28281617694509293e+01,1.32790614467681856e+01,6.95635937032327706e-02,1.68122435915186692e+01
2,1.22185044009608852e+01,2.84200984712021913e+01,5.09146490641981808e-02,8.72482183281737989e+00
0,1.08496997223790927e+01,6.78547299329124769e+01,5.21817031150174394e-03,7.88457079214592493e+00
0,3.84962679814921245e+01,4.30564964138019874e+01,6.55578337264037248e-02,2.37516749715879598e+01
0,1.73763097883894346e+01,1.15466938430221724e+01,4.51612118761815506e-02,8.62748597092286218e+00
0,3.46518574174788796e+01,4.40576807529340471e+01,5.51398435407740306e-02,2.51011136667520915e+01
0,5.80551382328081189e+01,2.87732940255796485e+01,7.02020613924033976e-02,2.89652302461378426e+01
0,7.65678277287048417e+01,4.05462517087532817e+01,5.69244493149441491e-02,3.70677610911785251e+01
1,3.05439839482984894e+01,3.22443359987112927e+01,3.55714334205090230e-02,3.07942025883247190e+01
0,5.02883277470835637e+01,2.00666944323623682e+01,7.48932947933730192e-02,2.45142194764880408e+01
0,5.92859879487481010e+01,2.43507908302826479e+01,5.64721933018338396e-02,3.42501799911001328e+01
0,6.56020499509284036e+01,3.78177032525820351e+01,4.52343908926945149e-02,4.26385034188006031e+01
0,4.45535398935326157e+01,3.77337821387795742e+01,7.65020918015613810e-02,2.34987332077260085e+01
0,6.53811258479729815e+01,6.74243127111315914e+01,6.91632132155501206e-02,1.79263346918566882e+01
0,4.23228388069405810e+01,4.91725505873839808e+01,1.88552490577146431e-02,5.59685977715016065e+01
0,6.20246260233974880e+01,5.16907724959062662e+01,3.69748322380395681e-03,1.87073238825368833e+02
0,5.44128400748576055e+01,5.69128285895594956e+01,3.75505587538893584e-02,3.62863272848317493e+01
0,4.25214794121666841e+01,3.31079474166786554e+01,2.02921654997198081e-02,5.69114848199316512e+01
0,7.09263638117816697e+01,4.29119940035549590e+01,2.09258670488633412e-02,7.74397772348709026e+01
0,3.18818472111323743e+01,3.22363959138746452e+01,5.79639072365775859e-02,2.36451850535825443e+01
2,3.51521213935782484e+01,3.79355487437167014e+01,1.94266333563867036e-02,4.94581799275181027e+01
0,4.37924072741953481e+01,4.06145979253002452e+01,3.16265382779306395e-02,4.37208888172633934e+01
0,1.42857525209955334e+01,3.13424487211319978e+01,9.62504338103002503e-03,1.61947288021346338e+01
0,5.14157254903198719e+01,5.09271620240550504e+01,2.25253463789842727e-02,5.61464490018015852e+01
0,1.16943100705259155e+01,6.57956263180847429e+01,4.29779022530930171e-02,6.98976871075371875e+00
0,7.06434737867953970e+01,3.42559591372928622e+01,5.75671101378649949e-02,3.68091237226202992e+01
0,3.43945302086739630e+01,1.66198680862798938e+01,3.86806175517185255e-02,2.67617160563662679e+01
0,7.21731393631390006e+01,2.22251700616352181e+01,2.85395806049728307e-02,6.25481977987888129e+01
0,2.04566534985476380e+01,7.16787612847686972e+01,7.99619805513858695e-02,7.55515955869270517e+00
2,6.01373805074582961e+01,7.27201602712456321e+01,2.16435241364322482e-02,3.52713770144173964e+01
2,5.09859446767144178e+01,4.25774718967149184e+01,5.15628505222633163e-02,3.31325524995760148e+01
0,4.96763849382230305e+01,1.84599349753835327e+01,5.15229978631152746e-02,3.12920837077781187e+01
1,7.34581400364816375e+01,6.50224640718604974e+01,3.81712670865142212e-02,3.33950754254079669e+01
0,1.60730312193379774e+01,5.23355482700866119e+01,1.82320937842405939e-02,1.83484289369531375e+01
0,7.42419922782497110e+01,5.86992930715105246e+01,3.08471768947471848e-03,2.21622223357489020e+02
0,2.96347846897365947e+01,5.21652439671648267e+01,3.01866800655685719e-02,3.04635353600603231e+01
1,2.77677468366258893e+01,4.24561383251620086e+01,3.07609252256285277e-02,3.07015322898815839e+01
0,5.79283266837235047e+01,6.11814338087874390e+01,7.70846727483438798e-02,1.89302338392220335e+01
0,3.89232062889882755e+01,7.93090597824884469e+01,2.57356361720299798e-02,1.55656656736708978e+01
0,1.93866897133718084e+01,7.85691040545563055e+01,7.88218353945041444e-02,4.82330447273645468e+00
1,4.90624047626852047e+01,1.87490371873755208e+01,5.54914675103149874e-02,2.95914279942550955e+01
0,7.13177083384104833e+01,1.24608842966228721e+01,3.01550895176885825e-02,5.12407783293959014e+01
0,1.06189096666403220e+01,2.11397822453565709e+01,2.16526438161278555e-02,6.74805924359078713e+00
0,3.81703884630136656e+01,2.50978389826481703e+01,1.64568760285156747e-02,5.37314972867575662e+01
0,2.25408750577914425e+01,7.56767442160368802e+01,1.92621422907752055e-02,1.41844531347779270e+01
0,5.96044641327680083e+01,3.55948697706506820e+01,6.97964202970604297e-02,2.91416816844522018e+01
1,6.50972212545283639e+01,5.09768853005465417e+01,5.90987500942597790e-02,3.01449115631903304e+01
0,1.99121817782350305e+01,7.74700419755233725e+01,5.08074697017163596e-02,6.94419628516563225e+00
1,6.91151201503834045e+01,5.03714742760729166e+01,2.88294931717214993e-02,5.55336522177892888e+01
2,3.18594957579299347e+01,3.34355776304021362e+01,5.37138734843047791e-02,2.48900989448919603e+01
0,6.24906886152800851e+01,6.71728752341312543e+01,7.33316028201695114e-02,1.69445902447143304e+01
0,1.90159878256443413e+01,3.83754915661771037e+01,1.08120894049482000e-03,3.45775079993126440e+01
0,4.31382373848176854e+01,2.06922499296288827e+01,5.00725293052777798e-02,2.98456447204247297e+01
0,5.54467328906581187e+01,6.13298546851582742e+01,1.03744613733318045e-02,8.19911996096975315e+01
2,4.46504657381000101e+01,6.15620533338516012e+01,7.75846445691564385e-02,1.68642202206337011e+01
0,5.82490167325727626e+01,3.94353942010006691e+01,4.17502570992435915e-02,4.24992257925815053e+01
0,6.42699633058085169e+01,4.67298498134899774e+01,7.12741714313173264e-02,2.71069581507321615e+01
0,7.49872602099456742e+01,5.99960955969424674e+01,2.04302052139025032e-02,6.34560906803108011e+01
0,5.54344506028579360e+01,6.65384498787576320e+01,5.30056254300331556e-02,2.17372150805484239e+01
0,2.23165117986939237e+01,3.31187382338859493e+01,6.81257202368067832e-02,1.61424903265361692e+01
0,6.37678894858716490e+01,7.58371592768433516e+01,3.90118427550483198e-04,1.74239474987397614e+02
2,3.96620329124623225e+01,7.32676206757354578e+01,3.18886538120452534e-02,2.03901619016658415e+01
2,5.89014867062260805e+01,6.12287317364024730e+01,3.81535149249740066e-02,3.38504123893181728e+01
2,5.82440160867614196e+01,2.83607143348561728e+01,1.16909327205387825e-02,1.00179219117504488e+02
0,7.21103855768597697e+01,1.53746852735416528e+01,6.66624586064739483e-03,1.32219619356862722e+02
2,5.12489337708049035e+01,3.67587124461025354e+01,7.53617649913253945e-02,2.55112062840472262e+01
0,2.60631884271522196e+01,5.89717989496082211e+01,7.51751907239833622e-02,1.38255024239799997e+01
0,3.84373441907902134e+01,1.60112219237304814e+01,3.92459424911098045e-02,2.90363623949120750e+01
2,5.34433715616892400e+01,6.44242672873873232e+01,5.23268276292643709e-03,1.06876549918705251e+02
1,4.99567479371910679e+01,4.80337075752974556e+01,7.20893490659130359e-02,2.39098807260787893e+01
0,2.35538982816871005e+01,5.98271252833577449e+01,1.75351962436235652e-02,2.78218583695854775e+01
1,6.76822551733784223e+01,4.99737641167231672e+01,5.97863376851665712e-03,1.61563247824388810e+02
0,5.05620440017266120e+01,3.26352223667185157e+01,1.49411886325316167e-02,7.87176723296850582e+01
1,5.03760965527240074e+01,6.82758803814248267e+01,1.40055304937244784e-02,5.15320353793591224e+01
0,2.43568772051557154e+01,2.28059709474388583e+01,1.25533297609497392e-02,3.15629378362012716e+01
1,4.44135537818055610e+01,2.14228759251732725e+01,3.12966451169731930e-02,4.15613616030022968e+01
1,2.88087518000297749e+01,7.14916392936404179e+01,2.92637641846082534e-02,1.85223487228596007e+01
1,3.34722366934173152e+01,6.30118411503307101e+01,2.06922434478586416e-02,3.44125042350977424e+01
0,3.39321388927301371e+01,7.26417516479915122e+01,1.13127872649021379e-02,3.37486138085589289e+01
2,5.23986519222212479e+01,5.99707138552513470e+01,2.99693058993836109e-02,3.95786926977272273e+01
0,3.60951154588740479e+01,1.27948378503417644e+01,2.06082969450412275e-02,3.29678948270141703e+01
0,7.29934211221127072e+01,5.30260059159354995e+01,3.49032126931883291e-02,4.70564326179344761e+01
0,6.25531936909881381e+01,1.78538871077306993e+01,6.12246366798497726e-02,3.13927131072699588e+01
1,7.86424388908597081e+01,3.28352876371540177e+01,3.96272132062461951e-02,5.23274339584547334e+01
0,5.28148000616203603e+01,2.02932446250343226e+01,5.51101993958331565e-02,3.17083744083794770e+01
0,4.01225621589406387e+01,5.65026875046691330e+01,6.76629660492184953e-02,2.00012823517300582e+01
2,3.75008362196268621e+01,6.47590337343647775e+01,2.74930079181228484e-02,3.01918853355096104e+01
0,1.25814093433309502e+01,2.79732328158523664e+01,5.92301243246873207e-02,8.62558678314739780e+00
0,5.92953124864585135e+01,2.64602414398518988e+01,1.86572822184261806e-02,7.55977908289874989e+01
0,3.21027047725501617e+01,3.58854246586013659e+01,1.27456677077825552e-02,5.44680959366874475e+01
0,1.15877715134956745e+01,5.61634446925935862e+01,1.97588600151539333e-02,1.02561488453962433e+01
0,7.38827373964881673e+01,6.15780129664946188e+01,7.94476425583979934e-02,1.97543179664686157e+01
1,2.65463104353264079e+01,2.60219538643172115e+01,7.94588530833684747e-02,1.62853966306765408e+01
0,1.65425990905803673e+01,1.84476066465836830e+01,4.40082683763028740e-02,1.11315889671131565e+01
2,6.16765264504561017e+01,3.07384430797226891e+01,5.99552183134392028e-02,3.37909831967122614e+01
1,6.40017193833455451e+01,3.20116390536646662e+01,3.27874348679082842e-02,5.47145312237343830e+01
0,6.39977470227828888e+01,7.80331280884320790e+01,4.39771157162040516e-02,1.49651887516351412e+01
1,5.31162980792717221e+01,5.47947421634300085e+01,7.56811092674993793e-04,2.29894778104657320e+02
0,1.18343243539736758e+01,3.09395322579160563e+01,4.98028010416148789e-02,8.68570728064556441e+00
0,4.74113985583022099e+01,6.97303603607281843e+01,1.14926311458627330e-02,5.24791114190916801e+01
0,7.72487296257273641e+01,6.10569343422068727e+01,3.62796739132415016e-02,3.96527209021980482e+01
0,4.18647136880626292e+01,5.77555535607084778e+01,4.20898258683013310e-02,2.85303515172795983e+01
0,3.07608890196397518e+01,5.65118520117313352e+01,5.75674799496686818e-02,1.94064446491226867e+01
0,4.90158129970529401e+01,5.45164245336592685e+01,3.86421822800517914e-02,3.51368553188402331e+01
0,5.42616960220480635e+01,1.60852969204319507e+01,2.91638968716581466e-02,4.65027334142417388e+01
0,3.08306534970498092e+01,4.26659609395903416e+01,7.22862038092018239e-02,1.94625518373855648e+01
2,6.42428833938507182e+01,3.49913130769167111e+01,3.98317985059097740e-02,4.71225949168395246e+01
0,6.89062820314379678e+01,1.57588046359260225e+01,4.84482917960716297e-02,3.83799322547539177e+01
0,1.16977900071973533e+01,5.83460590599676863e+01,6.67871926988423126e-02,7.15198747200782670e+00
0,1.70313313158174040e+01,7.91430431481098111e+01,4.19027578429105665e-02,5.71157097782505474e+00
0,4.50405255582506641e+01,6.27644292233135772e+01,2.94552885132859810e-03,1.13664386001323862e+02
1,1.41258132085283634e+01,5.56004950726721248e+01,5.89222096728391695e-02,9.86735164128253572e+00
0,2.37110753418478950e+01,6.80489785352821173e+01,5.32397504997291285e-02,1.26551781450663370e+01
0,7.10806609283229989e+01,1.85499243436221484e+01,8.98957341650379396e-03,1.21977139008083739e+02
2,7.98992868682010453e+01,4.01943180893412162e+01,6.38427808520955140e-03,1.90075819512993661e+02
2,6.89708597360306612e+01,1.54774857667875203e+01,6.36322020306812758e-02,3.10738115696477877e+01
2,2.15139024159313905e+01,2.44553390815561329e+01,4.55691091960062911e-02,1.77095175742471227e+01
2,6.62722325666347558e+01,2.66247329933624926e+01,6.45909372253622438e-02,3.27775891316793206e+01
0,5.07378432517866500e+01,1.23648393834739458e+01,6.61362170847369368e-02,2.36799731771227613e+01
0,7.96389424180051435e+01,3.07240308670453715e+01,2.36726865534251721e-02,7.84790280282251729e+01
0,2.97716320621231141e+01,1.09745057722467472e+01,7.24020620662486486e-02,1.37581396813544341e+01
1,7.30737912034812354e+01,2.91379693533234665e+01,4.18956774142409255e-02,4.85363265309162060e+01
0,1.11301053375256149e+01,6.10117438599553950e+01,2.48054179953783836e-02,8.42776759260617681e+00
1,2.55387219476473319e+01,7.50212285878438934e+01,7.52643368393095952e-02,7.70828719923190686e+00
1,7.33028707961537407e+01,7.48821057776154930e+01,3.50419663130355566e-03,1.17189704452760438e+02
2,4.56929097604494459e+01,4.76211478975403040e+01,5.68435546589885141e-02,2.77853947399189778e+01
0,2.45901537561535832e+01,6.93736238410819794e+01,3.28853130796956904e-03,3.47700535394883659e+01
1,5.89951281662238074e+01,4.14743813221526949e+01,7.14884371920841144e-02,2.75057920190793013e+01
0,3.22875180958962460e+01,4.90687704812978751e+01,2.99481481297406739e-02,3.40380941091338443e+01
1,5.12414166640981392e+01,7.58065915614519525e+01,2.96731805429582027e-04,1.19471929616770552e+02
0,3.90949635039864063e+01,2.40070165777022666e+01,4.37302468936357422e-02,3.14631931885848246e+01
1,1.56309626006612099e+01,1.81572054513870640e+01,2.22282290970686434e-02,1.18432135618853493e+01
0,1.44761668524746305e+01,4.46683089879947346e+01,3.09526250218775528e-02,1.42349966291879078e+01
0,7.39393960577607317e+01,6.79742686569213959e+01,4.15843786197266849e-02,2.82150486127334190e+01
0,7.08016499334342910e+01,4.28732233024879648e+01,4.30614954700445640e-02,4.43455209166580033e+01
2,4.20639709852901760e+01,1.47539485378978235e+01,3.48300348669809065e-02,3.26053126288418795e+01
0,2.68153383417581033e+01,2.19549445569195250e+01,5.40355719104448073e-02,1.96312541356237276e+01
0,1.93220032008694140e+01,4.60027531990556398e+01,6.51206799051097518e-03,3.16945191601465233e+01
0,7.70309767828259311e+01,2.19474659748519478e+01,2.34266820603082071e-02,7.47265609433015214e+01
0,4.78267508145861342e+01,1.30945512380733664e+01,1.07836314090345550e-03,9.49092355721000303e+01
1,1.05394885175172366e+01,3.59500651246085212e+01,7.56651167460149904e-02,6.78618607279848352e+00
0,5.37933409294173543e+01,2.42628171889127700e+01,2.43463283079983772e-02,5.82788162568730925e+01
0,6.30296070237137727e+01,7.84513413287896952e+01,3.52858634543278746e-02,1.72215874035128884e+01
0,3.12767816199367381e+01,3.87269141241689283e+01,2.53504195123928355e-02,3.84012436770774102e+01
1,7.85976590046941794e+01,3.83406815917062076e+01,4.58177757519472664e-02,4.55011275971237197e+01
1,1.41283529537157602e+01,2.96504220526724502e+01,1.10783522586679426e-02,1.51803835834594256e+01
2,1.78206728825022225e+01,1.64158638656094027e+01,6.62482664602283139e-02,9.96595332538770506e+00
0,5.22682262486726188e+01,6.24403283658761268e+01,3.32305754243531482e-02,3.44624424420242264e+01
2,4.23742933403552016e+01,4.58690540129083431e+01,6.96382956763525740e-02,2.33032378279559431e+01
0,3.58715552507316602e+01,7.96355306878747626e+01,7.55156815692681772e-03,2.68971726064621102e+01
2,5.87456834254630280e+01,7.62188616782827495e+01,7.77363937410345401e-02,1.02186167614882670e+01
0,7.50237804548782776e+01,2.81708638695384650e+01,4.19553274336015233e-02,4.90451357856827599e+01
0,7.02266292942232866e+01,7.87445076661705770e+01,2.08430390755612732e-02,2.67262649400376908e+01
0,6.08629053031682687e+01,6.36717914951055732e+01,5.77320952735136950e-02,2.29795780712379489e+01
1,3.02530915126413902e+01,7.68358611900845432e+01,7.92832350154617366e-02,7.30063888291788388e+00
1,3.12502799500068384e+01,2.34319264296491525e+01,4.85077920519746825e-02,2.44677472215263272e+01
0,2.24704077187244877e+01,7.68494077614031426e+01,2.11788626110781218e-02,1.25870516368144632e+01
0,7.12982692935443225e+01,1.87589585236267489e+01,6.11068285633914535e-02,3.39254786444002860e+01
0,5.73774936502328643e+01,2.50258826009289912e+01,7.86224476897747493e-02,2.60872949832263039e+01
0,5.03048232652915601e+01,1.36762875475882772e+01,6.46574592802921927e-02,2.47038177527738796e+01
1,1.49117076870916083e+01,7.31644499235602268e+01,3.60164528994667971e-02,7.67880311822136896e+00
0,6.93944781380404834e+01,4.70147800575591219e+01,5.40993455082204588e-02,3.50190669779623320e+01
2,2.01397449806197599e+01,2.35048738516414844e+01,6.47569072527497958e-02,1.37595594002653492e+01
0,4.56681590416744996e+01,6.03444207576843112e+01,1.83096209923384462e-02,5.06723514718446282e+01
0,7.54857055458795543e+01,2.91650641398938433e+01,4.83919427092567231e-02,4.39457612597269573e+01
0,3.50218341952015422e+01,2.53756087984393517e+01,1.80873206329972454e-02,4.70124105173114231e+01
0,4.20354051423476562e+01,1.20090402279773230e+01,6.23437807763852214e-02,2.12304382410453520e+01
1,7.61292109908615373e+01,5.25385752691779970e+01,4.54348084746197881e-02,3.88710920932097039e+01
0,3.08139813501000042e+01,5.98419854830558791e+01,1.74906337636708820e-02,3.74857422281241668e+01
0,4.16587708888751891e+01,3.29307805095444976e+01,6.18550417856457771e-02,2.69084396728002737e+01
1,3.66885103272636144e+01,1.05172045726314263e+01,5.11526406924942001e-02,1.99307710769609052e+01
0,3.85023775654102849e+01,3.34557648532360048e+01,2.62994557346400114e-02,4.49840910227741375e+01
2,4.01833399198175130e+01,4.82841141366645559e+01,4.76777491262100131e-02,2.93300357268392453e+01
0,7.93647625988245409e+01,6.28114639720126178e+01,7.49648094264101644e-02,2.05369087970221251e+01
0,6.63798982919753655e+01,6.56044369264624265e+01,3.45670692737083951e-02,3.41202969412643569e+01
2,1.28561630376488889e+01,5.96032155609242551e+01,3.87033078070126088e-02,9.60398493727717728e+00
0,5.26420811388459953e+01,2.15419621055285191e+01,7.03391092711997679e-02,2.67094876384014945e+01
0,1.08228298588507688e+01,4.23192677616242605e+01,5.52976977295294020e-02,7.93543037654055627e+00
0,1.54816134724954289e+01,4.39653019000677361e+01,2.03715937534188728e-02,1.76784561278034573e+01
0,5.08225500705344189e+01,6.13602821743977671e+01,2.47083657767273486e-02,4.33270373700932439e+01
2,5.34413595219429638e+01,5.29821595234791474e+01,1.59336549948087824e-02,7.07917005983600376e+01
0,2.19376066645906675e+01,4.39300339437190317e+01,1.14789126189021665e-02,3.45080479829000879e+01
0,3.82260569246604547e+01,4.87308024188721660e+01,7.65486649204625558e-02,1.99561942599069191e+01
1,3.52356892097732128e+01,1.20332539786118069e+01,4.29829274135182030e-02,2.23694487468115781e+01
0,5.92695971560117769e+01,3.97105829052768513e+01,6.72699798709919944e-02,2.93311363790751685e+01
0,3.93899412661527464e+01,6.51607393764156484e+01,4.24339397095852625e-02,2.28347978294327305e+01
0,3.69197768508588240e+01,5.96146516402903970e+01,4.23188866138676581e-02,2.53851582678025025e+01
2,6.77846002066061857e+01,2.36447281780767895e+01,1.65571406758681858e-02,8.80552624854914683e+01
2,5.67973038048199044e+01,2.27401799248703753e+01,5.40790816302851446e-02,3.42516107275310091e+01
1,1.77522407771813882e+01,6.40823854604932563e+01,5.97240294611626858e-03,2.16766929370791246e+01
2,4.77929699364104223e+01,4.27916386967820159e+01,2.38407465981222803e-02,5.54527369593316877e+01
1,2.57270687477898647e+01,2.96607748507200064e+01,5.30024699714840564e-02,2.07788665790114635e+01
1,2.88921019653060718e+01,3.96328624196421373e+01,2.42253762236416918e-02,3.63755943899158680e+01
0,5.29019303777635415e+01,6.05358622137027496e+01,5.41233512166362646e-02,2.48604095895688850e+01
0,7.05626432034237325e+01,5.89709323182083267e+01,6.42320739253457590e-02,2.49623028918958987e+01
0,3.51176762709875518e+01,5.62300659050689973e+01,7.42145465289527767e-02,1.75063479598183953e+01
2,4.65218902092323034e+01,7.04270214171708488e+01,6.33169881450739852e-02,1.50988270322484439e+01
0,1.54669301858938564e+01,5.79113072734316816e+01,8.11692217599182045e-03,1.87267737109802894e+01
0,6.41891022877786810e+01,7.21405243516746992e+01,4.39304437362124101e-02,2.14462420243439240e+01
0,2.21381532595216690e+01,5.79933438565927872e+01,1.91324197501359025e-02,2.58062968338370311e+01
2,3.78957156736892316e+01,1.24389905650470212e+01,1.83304606182682940e-02,3.60474094515975878e+01
2,2.92094759512200390e+01,4.35693065609381236e+01,7.36525043067564195e-02,1.84524129818481413e+01
1,4.63554557475680369e+01,6.45322543665829471e+01,6.60365911455650378e-02,1.79881456307660770e+01
0,3.09699323802790651e+01,6.78087129234049257e+01,6.54741274646812414e-03,4.54894097830056339e+01
0,4.27817106909927389e+01,2.41928108074492343e+01,6.24389519662401846e-02,2.63779922088521026e+01
1,4.08696717515217998e+01,1.28731250725631661e+01,2.39228646169441644e-02,3.59845408390740147e+01
0,5.29172511010406197e+01,6.02194375946419456e+01,3.80206645817030078e-02,3.30570883529858008e+01
